[INFO] Scanning for projects...
[INFO] 
[INFO] ---------------------< com.vedant:SpringSecurity >----------------------
[INFO] Building  0.0.1-SNAPSHOT
[INFO]   from pom.xml
[INFO] --------------------------------[ jar ]---------------------------------
[INFO] 
[INFO] >>> spring-boot:4.0.6:run (default-cli) > test-compile @ SpringSecurity >>>
[INFO] 
[INFO] --- resources:3.3.1:resources (default-resources) @ SpringSecurity ---
[INFO] Copying 1 resource from src\main\resources to target\classes
[INFO] Copying 0 resource from src\main\resources to target\classes
[INFO] 
[INFO] --- compiler:3.14.1:compile (default-compile) @ SpringSecurity ---
[INFO] Nothing to compile - all classes are up to date.
[INFO] 
[INFO] --- resources:3.3.1:testResources (default-testResources) @ SpringSecurity ---
[INFO] skip non existing resourceDirectory D:\Git Hub Project\FCT-JAVA\Advance Java\SpringBoot\Spring Boot Security\SpringSecurity\src\test\resources
[INFO] 
[INFO] --- compiler:3.14.1:testCompile (default-testCompile) @ SpringSecurity ---
[INFO] Nothing to compile - all classes are up to date.
[INFO] 
[INFO] <<< spring-boot:4.0.6:run (default-cli) < test-compile @ SpringSecurity <<<
[INFO] 
[INFO] 
[INFO] --- spring-boot:4.0.6:run (default-cli) @ SpringSecurity ---
[INFO] Attaching agents: []

  .   ____          _            __ _ _
 /\\ / ___'_ __ _ _(_)_ __  __ _ \ \ \ \
( ( )\___ | '_ | '_| | '_ \/ _` | \ \ \ \
 \\/  ___)| |_)| | | | | || (_| |  ) ) ) )
  '  |____| .__|_| |_|_| |_\__, | / / / /
 =========|_|==============|___/=/_/_/_/

 :: Spring Boot ::                (v4.0.6)

2026-05-03T18:18:04.935+05:30  INFO 24624 --- [SpringSecurity] [  restartedMain] c.v.S.SpringSecurityApplication          : Starting SpringSecurityApplication using Java 25.0.2 with PID 24624 (D:\Git Hub Project\FCT-JAVA\Advance Java\SpringBoot\Spring Boot Security\SpringSecurity\target\classes started by Arnav Gade in D:\Git Hub Project\FCT-JAVA\Advance Java\SpringBoot\Spring Boot Security\SpringSecurity)
2026-05-03T18:18:04.939+05:30  INFO 24624 --- [SpringSecurity] [  restartedMain] c.v.S.SpringSecurityApplication          : No active profile set, falling back to 1 default profile: "default"
2026-05-03T18:18:04.989+05:30  INFO 24624 --- [SpringSecurity] [  restartedMain] .e.DevToolsPropertyDefaultsPostProcessor : Devtools property defaults active! Set 'spring.devtools.add-properties' to 'false' to disable
2026-05-03T18:18:04.989+05:30  INFO 24624 --- [SpringSecurity] [  restartedMain] .e.DevToolsPropertyDefaultsPostProcessor : For additional web related logging consider setting the 'logging.level.web' property to 'DEBUG'
2026-05-03T18:18:05.747+05:30  INFO 24624 --- [SpringSecurity] [  restartedMain] .s.d.r.c.RepositoryConfigurationDelegate : Bootstrapping Spring Data JPA repositories in DEFAULT mode.
2026-05-03T18:18:05.836+05:30  INFO 24624 --- [SpringSecurity] [  restartedMain] .s.d.r.c.RepositoryConfigurationDelegate : Finished Spring Data repository scanning in 75 ms. Found 1 JPA repository interface.
2026-05-03T18:18:06.476+05:30  INFO 24624 --- [SpringSecurity] [  restartedMain] o.s.boot.tomcat.TomcatWebServer          : Tomcat initialized with port 8083 (http)
2026-05-03T18:18:06.489+05:30  INFO 24624 --- [SpringSecurity] [  restartedMain] o.apache.catalina.core.StandardService   : Starting service [Tomcat]
2026-05-03T18:18:06.489+05:30  INFO 24624 --- [SpringSecurity] [  restartedMain] o.apache.catalina.core.StandardEngine    : Starting Servlet engine: [Apache Tomcat/11.0.21]
2026-05-03T18:18:06.538+05:30  INFO 24624 --- [SpringSecurity] [  restartedMain] b.w.c.s.WebApplicationContextInitializer : Root WebApplicationContext: initialization completed in 1548 ms
2026-05-03T18:18:06.747+05:30  INFO 24624 --- [SpringSecurity] [  restartedMain] org.hibernate.orm.jpa                    : HHH008540: Processing PersistenceUnitInfo [name: default]
2026-05-03T18:18:06.822+05:30  INFO 24624 --- [SpringSecurity] [  restartedMain] org.hibernate.orm.core                   : HHH000001: Hibernate ORM core version 7.2.12.Final
2026-05-03T18:18:07.345+05:30  INFO 24624 --- [SpringSecurity] [  restartedMain] o.s.o.j.p.SpringPersistenceUnitInfo      : No LoadTimeWeaver setup: ignoring JPA class transformer
2026-05-03T18:18:07.386+05:30  INFO 24624 --- [SpringSecurity] [  restartedMain] com.zaxxer.hikari.HikariDataSource       : HikariPool-1 - Starting...
2026-05-03T18:18:07.899+05:30  INFO 24624 --- [SpringSecurity] [  restartedMain] com.zaxxer.hikari.pool.HikariPool        : HikariPool-1 - Added connection com.mysql.cj.jdbc.ConnectionImpl@5d51752a
2026-05-03T18:18:07.900+05:30  INFO 24624 --- [SpringSecurity] [  restartedMain] com.zaxxer.hikari.HikariDataSource       : HikariPool-1 - Start completed.
2026-05-03T18:18:07.982+05:30  INFO 24624 --- [SpringSecurity] [  restartedMain] org.hibernate.orm.connections.pooling    : HHH10001005: Database info:
	Database JDBC URL [jdbc:mysql://localhost:3306/springsecurity]
	Database driver: MySQL Connector/J
	Database dialect: MySQLDialect
	Database version: 8.0.42
	Default catalog/schema: springsecurity/undefined
	Autocommit mode: undefined/unknown
	Isolation level: REPEATABLE_READ [default REPEATABLE_READ]
	JDBC fetch size: none
	Pool: DataSourceConnectionProvider
	Minimum pool size: undefined/unknown
	Maximum pool size: undefined/unknown
2026-05-03T18:18:08.837+05:30  INFO 24624 --- [SpringSecurity] [  restartedMain] org.hibernate.orm.core                   : HHH000489: No JTA platform available (set 'hibernate.transaction.jta.platform' to enable JTA platform integration)
2026-05-03T18:18:08.897+05:30  INFO 24624 --- [SpringSecurity] [  restartedMain] j.LocalContainerEntityManagerFactoryBean : Initialized JPA EntityManagerFactory for persistence unit 'default'
2026-05-03T18:18:08.969+05:30  INFO 24624 --- [SpringSecurity] [  restartedMain] o.s.d.j.r.query.QueryEnhancerFactories   : Hibernate is in classpath; If applicable, HQL parser will be used.
2026-05-03T18:18:09.166+05:30  WARN 24624 --- [SpringSecurity] [  restartedMain] JpaBaseConfiguration$JpaWebConfiguration : spring.jpa.open-in-view is enabled by default. Therefore, database queries may be performed during view rendering. Explicitly configure spring.jpa.open-in-view to disable this warning
2026-05-03T18:18:09.215+05:30 TRACE 24624 --- [SpringSecurity] [  restartedMain] eGlobalAuthenticationAutowiredConfigurer : Eagerly initializing {securityConfig=com.vedant.SpringSecurity.config.SecurityConfig$$SpringCGLIB$$0@1a063900}
2026-05-03T18:18:09.228+05:30  INFO 24624 --- [SpringSecurity] [  restartedMain] eAuthenticationProviderManagerConfigurer : Global AuthenticationManager configured with AuthenticationProvider bean with name authenticationProvider
2026-05-03T18:18:09.228+05:30  WARN 24624 --- [SpringSecurity] [  restartedMain] r$InitializeUserDetailsManagerConfigurer : Global AuthenticationManager configured with an AuthenticationProvider bean. UserDetailsService beans will not be used by Spring Security for automatically configuring username/password login. Consider removing the AuthenticationProvider bean. Alternatively, consider using the UserDetailsService in a manually instantiated DaoAuthenticationProvider. If the current configuration is intentional, to turn off this warning, increase the logging level of 'org.springframework.security.config.annotation.authentication.configuration.InitializeUserDetailsBeanManagerConfigurer' to ERROR
2026-05-03T18:18:09.314+05:30 DEBUG 24624 --- [SpringSecurity] [  restartedMain] o.s.s.web.DefaultSecurityFilterChain     : Will secure any request with filters: DisableEncodeUrlFilter, WebAsyncManagerIntegrationFilter, SecurityContextHolderFilter, HeaderWriterFilter, LogoutFilter, BasicAuthenticationFilter, RequestCacheAwareFilter, SecurityContextHolderAwareRequestFilter, AnonymousAuthenticationFilter, SessionManagementFilter, ExceptionTranslationFilter, AuthorizationFilter
2026-05-03T18:18:09.554+05:30  INFO 24624 --- [SpringSecurity] [  restartedMain] o.s.boot.tomcat.TomcatWebServer          : Tomcat started on port 8083 (http) with context path '/'
2026-05-03T18:18:09.558+05:30  INFO 24624 --- [SpringSecurity] [  restartedMain] c.v.S.SpringSecurityApplication          : Started SpringSecurityApplication in 4.996 seconds (process running for 5.498)
2026-05-03T18:18:23.787+05:30  INFO 24624 --- [SpringSecurity] [nio-8083-exec-1] o.a.c.c.C.[Tomcat].[localhost].[/]       : Initializing Spring DispatcherServlet 'dispatcherServlet'
2026-05-03T18:18:23.788+05:30  INFO 24624 --- [SpringSecurity] [nio-8083-exec-1] o.s.web.servlet.DispatcherServlet        : Initializing Servlet 'dispatcherServlet'
2026-05-03T18:18:23.789+05:30  INFO 24624 --- [SpringSecurity] [nio-8083-exec-1] o.s.web.servlet.DispatcherServlet        : Completed initialization in 1 ms
2026-05-03T18:18:23.797+05:30 TRACE 24624 --- [SpringSecurity] [nio-8083-exec-1] o.s.security.web.FilterChainProxy        : Trying to match request against DefaultSecurityFilterChain defined as 'securityFilterChain' in [class path resource [com/vedant/SpringSecurity/config/SecurityConfig.class]] matching [any request] and having filters [DisableEncodeUrl, WebAsyncManagerIntegration, SecurityContextHolder, HeaderWriter, Logout, BasicAuthentication, RequestCacheAware, SecurityContextHolderAwareRequest, AnonymousAuthentication, SessionManagement, ExceptionTranslation, Authorization] (1/1)
2026-05-03T18:18:23.798+05:30 DEBUG 24624 --- [SpringSecurity] [nio-8083-exec-1] o.s.security.web.FilterChainProxy        : Securing POST /register
2026-05-03T18:18:23.798+05:30 TRACE 24624 --- [SpringSecurity] [nio-8083-exec-1] o.s.security.web.FilterChainProxy        : Invoking DisableEncodeUrlFilter (1/12)
2026-05-03T18:18:23.799+05:30 TRACE 24624 --- [SpringSecurity] [nio-8083-exec-1] o.s.security.web.FilterChainProxy        : Invoking WebAsyncManagerIntegrationFilter (2/12)
2026-05-03T18:18:23.800+05:30 TRACE 24624 --- [SpringSecurity] [nio-8083-exec-1] o.s.security.web.FilterChainProxy        : Invoking SecurityContextHolderFilter (3/12)
2026-05-03T18:18:23.801+05:30 TRACE 24624 --- [SpringSecurity] [nio-8083-exec-1] o.s.security.web.FilterChainProxy        : Invoking HeaderWriterFilter (4/12)
2026-05-03T18:18:23.802+05:30 TRACE 24624 --- [SpringSecurity] [nio-8083-exec-1] o.s.security.web.FilterChainProxy        : Invoking LogoutFilter (5/12)
2026-05-03T18:18:23.802+05:30 TRACE 24624 --- [SpringSecurity] [nio-8083-exec-1] o.s.s.w.a.logout.LogoutFilter            : Did not match request to Or [PathPattern [GET /logout], PathPattern [POST /logout], PathPattern [PUT /logout], PathPattern [DELETE /logout]]
2026-05-03T18:18:23.802+05:30 TRACE 24624 --- [SpringSecurity] [nio-8083-exec-1] o.s.security.web.FilterChainProxy        : Invoking BasicAuthenticationFilter (6/12)
2026-05-03T18:18:23.803+05:30 TRACE 24624 --- [SpringSecurity] [nio-8083-exec-1] o.s.s.w.a.www.BasicAuthenticationFilter  : Did not process authentication request since failed to find username and password in Basic Authorization header
2026-05-03T18:18:23.803+05:30 TRACE 24624 --- [SpringSecurity] [nio-8083-exec-1] o.s.security.web.FilterChainProxy        : Invoking RequestCacheAwareFilter (7/12)
2026-05-03T18:18:23.803+05:30 TRACE 24624 --- [SpringSecurity] [nio-8083-exec-1] o.s.security.web.FilterChainProxy        : Invoking SecurityContextHolderAwareRequestFilter (8/12)
2026-05-03T18:18:23.803+05:30 TRACE 24624 --- [SpringSecurity] [nio-8083-exec-1] o.s.security.web.FilterChainProxy        : Invoking AnonymousAuthenticationFilter (9/12)
2026-05-03T18:18:23.804+05:30 TRACE 24624 --- [SpringSecurity] [nio-8083-exec-1] o.s.security.web.FilterChainProxy        : Invoking SessionManagementFilter (10/12)
2026-05-03T18:18:23.804+05:30 TRACE 24624 --- [SpringSecurity] [nio-8083-exec-1] .s.s.w.c.SupplierDeferredSecurityContext : Created SecurityContextImpl [Null authentication]
2026-05-03T18:18:23.805+05:30 TRACE 24624 --- [SpringSecurity] [nio-8083-exec-1] o.s.s.w.a.AnonymousAuthenticationFilter  : Set SecurityContextHolder to AnonymousAuthenticationToken [Principal=anonymousUser, Credentials=[PROTECTED], Authenticated=true, Details=WebAuthenticationDetails [RemoteIpAddress=0:0:0:0:0:0:0:1, SessionId=null], Granted Authorities=[ROLE_ANONYMOUS]]
2026-05-03T18:18:23.805+05:30 TRACE 24624 --- [SpringSecurity] [nio-8083-exec-1] o.s.security.web.FilterChainProxy        : Invoking ExceptionTranslationFilter (11/12)
2026-05-03T18:18:23.805+05:30 TRACE 24624 --- [SpringSecurity] [nio-8083-exec-1] o.s.security.web.FilterChainProxy        : Invoking AuthorizationFilter (12/12)
2026-05-03T18:18:23.806+05:30 TRACE 24624 --- [SpringSecurity] [nio-8083-exec-1] estMatcherDelegatingAuthorizationManager : Authorizing POST /register
2026-05-03T18:18:23.806+05:30 TRACE 24624 --- [SpringSecurity] [nio-8083-exec-1] estMatcherDelegatingAuthorizationManager : Checking authorization on POST /register using org.springframework.security.authorization.SingleResultAuthorizationManager@78095db7
2026-05-03T18:18:23.807+05:30 DEBUG 24624 --- [SpringSecurity] [nio-8083-exec-1] o.s.security.web.FilterChainProxy        : Secured POST /register
2026-05-03T18:18:23.992+05:30  WARN 24624 --- [SpringSecurity] [nio-8083-exec-1] org.hibernate.orm.jdbc.error             : HHH000247: ErrorCode: 1364, SQLState: HY000
2026-05-03T18:18:23.992+05:30  WARN 24624 --- [SpringSecurity] [nio-8083-exec-1] org.hibernate.orm.jdbc.error             : Field 'id' doesn't have a default value
2026-05-03T18:18:24.005+05:30 TRACE 24624 --- [SpringSecurity] [nio-8083-exec-1] o.s.s.w.header.writers.HstsHeaderWriter  : Not injecting HSTS header since it did not match request to [Is Secure]
2026-05-03T18:18:24.005+05:30 ERROR 24624 --- [SpringSecurity] [nio-8083-exec-1] o.a.c.c.C.[.[.[/].[dispatcherServlet]    : Servlet.service() for servlet [dispatcherServlet] in context with path [] threw exception [Request processing failed: org.springframework.dao.DataIntegrityViolationException: could not execute statement [Field 'id' doesn't have a default value] [insert into user (password,username) values (?,?)]; SQL [insert into user (password,username) values (?,?)]; constraint [id]] with root cause

java.sql.SQLException: Field 'id' doesn't have a default value
	at com.mysql.cj.jdbc.exceptions.SQLError.createSQLException(SQLError.java:121) ~[mysql-connector-j-9.7.0.jar:9.7.0]
	at com.mysql.cj.jdbc.exceptions.SQLExceptionsMapping.translateException(SQLExceptionsMapping.java:114) ~[mysql-connector-j-9.7.0.jar:9.7.0]
	at com.mysql.cj.jdbc.ClientPreparedStatement.executeInternal(ClientPreparedStatement.java:988) ~[mysql-connector-j-9.7.0.jar:9.7.0]
	at com.mysql.cj.jdbc.ClientPreparedStatement.executeUpdateInternal(ClientPreparedStatement.java:1166) ~[mysql-connector-j-9.7.0.jar:9.7.0]
	at com.mysql.cj.jdbc.ClientPreparedStatement.executeUpdateInternal(ClientPreparedStatement.java:1101) ~[mysql-connector-j-9.7.0.jar:9.7.0]
	at com.mysql.cj.jdbc.ClientPreparedStatement.executeLargeUpdate(ClientPreparedStatement.java:1448) ~[mysql-connector-j-9.7.0.jar:9.7.0]
	at com.mysql.cj.jdbc.ClientPreparedStatement.executeUpdate(ClientPreparedStatement.java:1084) ~[mysql-connector-j-9.7.0.jar:9.7.0]
	at com.zaxxer.hikari.pool.ProxyPreparedStatement.executeUpdate(ProxyPreparedStatement.java:61) ~[HikariCP-7.0.2.jar:na]
	at com.zaxxer.hikari.pool.HikariProxyPreparedStatement.executeUpdate(HikariProxyPreparedStatement.java) ~[HikariCP-7.0.2.jar:na]
	at org.hibernate.engine.jdbc.internal.ResultSetReturnImpl.executeUpdate(ResultSetReturnImpl.java:181) ~[hibernate-core-7.2.12.Final.jar:7.2.12.Final]
	at org.hibernate.id.insert.GetGeneratedKeysDelegate.performMutation(GetGeneratedKeysDelegate.java:103) ~[hibernate-core-7.2.12.Final.jar:7.2.12.Final]
	at org.hibernate.engine.jdbc.mutation.internal.MutationExecutorSingleNonBatched.performNonBatchedOperations(MutationExecutorSingleNonBatched.java:45) ~[hibernate-core-7.2.12.Final.jar:7.2.12.Final]
	at org.hibernate.engine.jdbc.mutation.internal.AbstractMutationExecutor.execute(AbstractMutationExecutor.java:66) ~[hibernate-core-7.2.12.Final.jar:7.2.12.Final]
	at org.hibernate.engine.jdbc.mutation.internal.AbstractMutationExecutor.execute(AbstractMutationExecutor.java:55) ~[hibernate-core-7.2.12.Final.jar:7.2.12.Final]
	at org.hibernate.persister.entity.mutation.InsertCoordinatorStandard.doStaticInserts(InsertCoordinatorStandard.java:180) ~[hibernate-core-7.2.12.Final.jar:7.2.12.Final]
	at org.hibernate.persister.entity.mutation.InsertCoordinatorStandard.coordinateInsert(InsertCoordinatorStandard.java:120) ~[hibernate-core-7.2.12.Final.jar:7.2.12.Final]
	at org.hibernate.persister.entity.mutation.InsertCoordinatorStandard.insert(InsertCoordinatorStandard.java:84) ~[hibernate-core-7.2.12.Final.jar:7.2.12.Final]
	at org.hibernate.action.internal.EntityIdentityInsertAction.execute(EntityIdentityInsertAction.java:85) ~[hibernate-core-7.2.12.Final.jar:7.2.12.Final]
	at org.hibernate.engine.spi.ActionQueue.execute(ActionQueue.java:667) ~[hibernate-core-7.2.12.Final.jar:7.2.12.Final]
	at org.hibernate.engine.spi.ActionQueue.addResolvedEntityInsertAction(ActionQueue.java:291) ~[hibernate-core-7.2.12.Final.jar:7.2.12.Final]
	at org.hibernate.engine.spi.ActionQueue.addInsertAction(ActionQueue.java:270) ~[hibernate-core-7.2.12.Final.jar:7.2.12.Final]
	at org.hibernate.engine.spi.ActionQueue.addAction(ActionQueue.java:322) ~[hibernate-core-7.2.12.Final.jar:7.2.12.Final]
	at org.hibernate.event.internal.AbstractSaveEventListener.addInsertAction(AbstractSaveEventListener.java:371) ~[hibernate-core-7.2.12.Final.jar:7.2.12.Final]
	at org.hibernate.event.internal.AbstractSaveEventListener.performSaveOrReplicate(AbstractSaveEventListener.java:285) ~[hibernate-core-7.2.12.Final.jar:7.2.12.Final]
	at org.hibernate.event.internal.AbstractSaveEventListener.performSave(AbstractSaveEventListener.java:215) ~[hibernate-core-7.2.12.Final.jar:7.2.12.Final]
	at org.hibernate.event.internal.AbstractSaveEventListener.saveWithGeneratedId(AbstractSaveEventListener.java:133) ~[hibernate-core-7.2.12.Final.jar:7.2.12.Final]
	at org.hibernate.event.internal.DefaultPersistEventListener.entityIsTransient(DefaultPersistEventListener.java:144) ~[hibernate-core-7.2.12.Final.jar:7.2.12.Final]
	at org.hibernate.event.internal.DefaultPersistEventListener.persist(DefaultPersistEventListener.java:90) ~[hibernate-core-7.2.12.Final.jar:7.2.12.Final]
	at org.hibernate.event.internal.DefaultPersistEventListener.onPersist(DefaultPersistEventListener.java:74) ~[hibernate-core-7.2.12.Final.jar:7.2.12.Final]
	at org.hibernate.event.internal.DefaultPersistEventListener.onPersist(DefaultPersistEventListener.java:50) ~[hibernate-core-7.2.12.Final.jar:7.2.12.Final]
	at org.hibernate.event.service.internal.EventListenerGroupImpl.fireEventOnEachListener(EventListenerGroupImpl.java:138) ~[hibernate-core-7.2.12.Final.jar:7.2.12.Final]
	at org.hibernate.internal.SessionImpl.firePersist(SessionImpl.java:692) ~[hibernate-core-7.2.12.Final.jar:7.2.12.Final]
	at org.hibernate.internal.SessionImpl.persist(SessionImpl.java:675) ~[hibernate-core-7.2.12.Final.jar:7.2.12.Final]
	at java.base/jdk.internal.reflect.DirectMethodHandleAccessor.invoke(DirectMethodHandleAccessor.java:104) ~[na:na]
	at java.base/java.lang.reflect.Method.invoke(Method.java:565) ~[na:na]
	at org.springframework.orm.jpa.ExtendedEntityManagerCreator$ExtendedEntityManagerInvocationHandler.invoke(ExtendedEntityManagerCreator.java:362) ~[spring-orm-7.0.7.jar:7.0.7]
	at jdk.proxy4/jdk.proxy4.$Proxy120.persist(Unknown Source) ~[na:na]
	at java.base/jdk.internal.reflect.DirectMethodHandleAccessor.invoke(DirectMethodHandleAccessor.java:104) ~[na:na]
	at java.base/java.lang.reflect.Method.invoke(Method.java:565) ~[na:na]
	at org.springframework.orm.jpa.SharedEntityManagerCreator$SharedEntityHandlerInvocationHandler.invokeMethod(SharedEntityManagerCreator.java:240) ~[spring-orm-7.0.7.jar:7.0.7]
	at org.springframework.orm.jpa.SharedEntityManagerCreator$SharedEntityManagerInvocationHandler.invoke(SharedEntityManagerCreator.java:386) ~[spring-orm-7.0.7.jar:7.0.7]
	at jdk.proxy4/jdk.proxy4.$Proxy120.persist(Unknown Source) ~[na:na]
	at org.springframework.data.jpa.repository.support.SimpleJpaRepository.save(SimpleJpaRepository.java:664) ~[spring-data-jpa-4.0.5.jar:4.0.5]
	at java.base/jdk.internal.reflect.DirectMethodHandleAccessor.invoke(DirectMethodHandleAccessor.java:104) ~[na:na]
	at java.base/java.lang.reflect.Method.invoke(Method.java:565) ~[na:na]
	at org.springframework.aop.support.AopUtils.invokeJoinpointUsingReflection(AopUtils.java:359) ~[spring-aop-7.0.7.jar:7.0.7]
	at org.springframework.data.repository.core.support.RepositoryMethodInvoker$RepositoryFragmentMethodInvoker.lambda$new$0(RepositoryMethodInvoker.java:278) ~[spring-data-commons-4.0.5.jar:4.0.5]
	at org.springframework.data.repository.core.support.RepositoryMethodInvoker.doInvoke(RepositoryMethodInvoker.java:169) ~[spring-data-commons-4.0.5.jar:4.0.5]
	at org.springframework.data.repository.core.support.RepositoryMethodInvoker.invoke(RepositoryMethodInvoker.java:158) ~[spring-data-commons-4.0.5.jar:4.0.5]
	at org.springframework.data.repository.core.support.RepositoryComposition$RepositoryFragments.invoke(RepositoryComposition.java:545) ~[spring-data-commons-4.0.5.jar:4.0.5]
	at org.springframework.data.repository.core.support.RepositoryComposition.invoke(RepositoryComposition.java:290) ~[spring-data-commons-4.0.5.jar:4.0.5]
	at org.springframework.data.repository.core.support.RepositoryFactorySupport$ImplementationMethodExecutionInterceptor.invoke(RepositoryFactorySupport.java:690) ~[spring-data-commons-4.0.5.jar:4.0.5]
	at org.springframework.aop.framework.ReflectiveMethodInvocation.proceed(ReflectiveMethodInvocation.java:179) ~[spring-aop-7.0.7.jar:7.0.7]
	at org.springframework.data.repository.core.support.QueryExecutorMethodInterceptor.doInvoke(QueryExecutorMethodInterceptor.java:171) ~[spring-data-commons-4.0.5.jar:4.0.5]
	at org.springframework.data.repository.core.support.QueryExecutorMethodInterceptor.invoke(QueryExecutorMethodInterceptor.java:146) ~[spring-data-commons-4.0.5.jar:4.0.5]
	at org.springframework.aop.framework.ReflectiveMethodInvocation.proceed(ReflectiveMethodInvocation.java:179) ~[spring-aop-7.0.7.jar:7.0.7]
	at org.springframework.data.projection.DefaultMethodInvokingMethodInterceptor.invoke(DefaultMethodInvokingMethodInterceptor.java:69) ~[spring-data-commons-4.0.5.jar:4.0.5]
	at org.springframework.aop.framework.ReflectiveMethodInvocation.proceed(ReflectiveMethodInvocation.java:179) ~[spring-aop-7.0.7.jar:7.0.7]
	at org.springframework.transaction.interceptor.TransactionInterceptor$1.proceedWithInvocation(TransactionInterceptor.java:133) ~[spring-tx-7.0.7.jar:7.0.7]
	at org.springframework.transaction.interceptor.TransactionAspectSupport.invokeWithinTransaction(TransactionAspectSupport.java:371) ~[spring-tx-7.0.7.jar:7.0.7]
	at org.springframework.transaction.interceptor.TransactionInterceptor.invoke(TransactionInterceptor.java:130) ~[spring-tx-7.0.7.jar:7.0.7]
	at org.springframework.aop.framework.ReflectiveMethodInvocation.proceed(ReflectiveMethodInvocation.java:179) ~[spring-aop-7.0.7.jar:7.0.7]
	at org.springframework.dao.support.PersistenceExceptionTranslationInterceptor.invoke(PersistenceExceptionTranslationInterceptor.java:135) ~[spring-tx-7.0.7.jar:7.0.7]
	at org.springframework.aop.framework.ReflectiveMethodInvocation.proceed(ReflectiveMethodInvocation.java:179) ~[spring-aop-7.0.7.jar:7.0.7]
	at org.springframework.data.jpa.repository.support.CrudMethodMetadataPostProcessor$CrudMethodMetadataPopulatingMethodInterceptor.invoke(CrudMethodMetadataPostProcessor.java:166) ~[spring-data-jpa-4.0.5.jar:4.0.5]
	at org.springframework.aop.framework.ReflectiveMethodInvocation.proceed(ReflectiveMethodInvocation.java:179) ~[spring-aop-7.0.7.jar:7.0.7]
	at org.springframework.aop.framework.JdkDynamicAopProxy.invoke(JdkDynamicAopProxy.java:222) ~[spring-aop-7.0.7.jar:7.0.7]
	at jdk.proxy4/jdk.proxy4.$Proxy125.save(Unknown Source) ~[na:na]
	at com.vedant.SpringSecurity.service.UserService.register(UserService.java:14) ~[classes/:na]
	at com.vedant.SpringSecurity.controller.UserController.register(UserController.java:18) ~[classes/:na]
	at java.base/jdk.internal.reflect.DirectMethodHandleAccessor.invoke(DirectMethodHandleAccessor.java:104) ~[na:na]
	at java.base/java.lang.reflect.Method.invoke(Method.java:565) ~[na:na]
	at org.springframework.web.method.support.InvocableHandlerMethod.doInvoke(InvocableHandlerMethod.java:252) ~[spring-web-7.0.7.jar:7.0.7]
	at org.springframework.web.method.support.InvocableHandlerMethod.invokeForRequest(InvocableHandlerMethod.java:184) ~[spring-web-7.0.7.jar:7.0.7]
	at org.springframework.web.servlet.mvc.method.annotation.ServletInvocableHandlerMethod.invokeAndHandle(ServletInvocableHandlerMethod.java:117) ~[spring-webmvc-7.0.7.jar:7.0.7]
	at org.springframework.web.servlet.mvc.method.annotation.RequestMappingHandlerAdapter.invokeHandlerMethod(RequestMappingHandlerAdapter.java:934) ~[spring-webmvc-7.0.7.jar:7.0.7]
	at org.springframework.web.servlet.mvc.method.annotation.RequestMappingHandlerAdapter.handleInternal(RequestMappingHandlerAdapter.java:853) ~[spring-webmvc-7.0.7.jar:7.0.7]
	at org.springframework.web.servlet.mvc.method.AbstractHandlerMethodAdapter.handle(AbstractHandlerMethodAdapter.java:86) ~[spring-webmvc-7.0.7.jar:7.0.7]
	at org.springframework.web.servlet.DispatcherServlet.doDispatch(DispatcherServlet.java:963) ~[spring-webmvc-7.0.7.jar:7.0.7]
	at org.springframework.web.servlet.DispatcherServlet.doService(DispatcherServlet.java:866) ~[spring-webmvc-7.0.7.jar:7.0.7]
	at org.springframework.web.servlet.FrameworkServlet.processRequest(FrameworkServlet.java:1000) ~[spring-webmvc-7.0.7.jar:7.0.7]
	at org.springframework.web.servlet.FrameworkServlet.doPost(FrameworkServlet.java:903) ~[spring-webmvc-7.0.7.jar:7.0.7]
	at jakarta.servlet.http.HttpServlet.service(HttpServlet.java:649) ~[tomcat-embed-core-11.0.21.jar:6.1]
	at org.springframework.web.servlet.FrameworkServlet.service(FrameworkServlet.java:874) ~[spring-webmvc-7.0.7.jar:7.0.7]
	at jakarta.servlet.http.HttpServlet.service(HttpServlet.java:710) ~[tomcat-embed-core-11.0.21.jar:6.1]
	at org.apache.catalina.core.ApplicationFilterChain.doFilter(ApplicationFilterChain.java:128) ~[tomcat-embed-core-11.0.21.jar:11.0.21]
	at org.apache.tomcat.websocket.server.WsFilter.doFilter(WsFilter.java:53) ~[tomcat-embed-websocket-11.0.21.jar:11.0.21]
	at org.apache.catalina.core.ApplicationFilterChain.doFilter(ApplicationFilterChain.java:107) ~[tomcat-embed-core-11.0.21.jar:11.0.21]
	at org.springframework.web.filter.CompositeFilter$VirtualFilterChain.doFilter(CompositeFilter.java:108) ~[spring-web-7.0.7.jar:7.0.7]
	at org.springframework.security.web.FilterChainProxy.lambda$doFilterInternal$3(FilterChainProxy.java:235) ~[spring-security-web-7.0.5.jar:7.0.5]
	at org.springframework.security.web.FilterChainProxy$VirtualFilterChain.doFilter(FilterChainProxy.java:376) ~[spring-security-web-7.0.5.jar:7.0.5]
	at org.springframework.security.web.access.intercept.AuthorizationFilter.doFilter(AuthorizationFilter.java:101) ~[spring-security-web-7.0.5.jar:7.0.5]
	at org.springframework.security.web.FilterChainProxy$VirtualFilterChain.doFilter(FilterChainProxy.java:385) ~[spring-security-web-7.0.5.jar:7.0.5]
	at org.springframework.security.web.access.ExceptionTranslationFilter.doFilter(ExceptionTranslationFilter.java:126) ~[spring-security-web-7.0.5.jar:7.0.5]
	at org.springframework.security.web.access.ExceptionTranslationFilter.doFilter(ExceptionTranslationFilter.java:120) ~[spring-security-web-7.0.5.jar:7.0.5]
	at org.springframework.security.web.FilterChainProxy$VirtualFilterChain.doFilter(FilterChainProxy.java:385) ~[spring-security-web-7.0.5.jar:7.0.5]
	at org.springframework.security.web.session.SessionManagementFilter.doFilter(SessionManagementFilter.java:132) ~[spring-security-web-7.0.5.jar:7.0.5]
	at org.springframework.security.web.session.SessionManagementFilter.doFilter(SessionManagementFilter.java:86) ~[spring-security-web-7.0.5.jar:7.0.5]
	at org.springframework.security.web.FilterChainProxy$VirtualFilterChain.doFilter(FilterChainProxy.java:385) ~[spring-security-web-7.0.5.jar:7.0.5]
	at org.springframework.security.web.authentication.AnonymousAuthenticationFilter.doFilter(AnonymousAuthenticationFilter.java:100) ~[spring-security-web-7.0.5.jar:7.0.5]
	at org.springframework.security.web.FilterChainProxy$VirtualFilterChain.doFilter(FilterChainProxy.java:385) ~[spring-security-web-7.0.5.jar:7.0.5]
	at org.springframework.security.web.servletapi.SecurityContextHolderAwareRequestFilter.doFilter(SecurityContextHolderAwareRequestFilter.java:181) ~[spring-security-web-7.0.5.jar:7.0.5]
	at org.springframework.security.web.FilterChainProxy$VirtualFilterChain.doFilter(FilterChainProxy.java:385) ~[spring-security-web-7.0.5.jar:7.0.5]
	at org.springframework.security.web.savedrequest.RequestCacheAwareFilter.doFilter(RequestCacheAwareFilter.java:63) ~[spring-security-web-7.0.5.jar:7.0.5]
	at org.springframework.security.web.FilterChainProxy$VirtualFilterChain.doFilter(FilterChainProxy.java:385) ~[spring-security-web-7.0.5.jar:7.0.5]
	at org.springframework.security.web.authentication.www.BasicAuthenticationFilter.doFilterInternal(BasicAuthenticationFilter.java:198) ~[spring-security-web-7.0.5.jar:7.0.5]
	at org.springframework.web.filter.OncePerRequestFilter.doFilter(OncePerRequestFilter.java:116) ~[spring-web-7.0.7.jar:7.0.7]
	at org.springframework.security.web.FilterChainProxy$VirtualFilterChain.doFilter(FilterChainProxy.java:385) ~[spring-security-web-7.0.5.jar:7.0.5]
	at org.springframework.security.web.authentication.logout.LogoutFilter.doFilter(LogoutFilter.java:110) ~[spring-security-web-7.0.5.jar:7.0.5]
	at org.springframework.security.web.authentication.logout.LogoutFilter.doFilter(LogoutFilter.java:96) ~[spring-security-web-7.0.5.jar:7.0.5]
	at org.springframework.security.web.FilterChainProxy$VirtualFilterChain.doFilter(FilterChainProxy.java:385) ~[spring-security-web-7.0.5.jar:7.0.5]
	at org.springframework.security.web.header.HeaderWriterFilter.doHeadersAfter(HeaderWriterFilter.java:90) ~[spring-security-web-7.0.5.jar:7.0.5]
	at org.springframework.security.web.header.HeaderWriterFilter.doFilterInternal(HeaderWriterFilter.java:75) ~[spring-security-web-7.0.5.jar:7.0.5]
	at org.springframework.web.filter.OncePerRequestFilter.doFilter(OncePerRequestFilter.java:116) ~[spring-web-7.0.7.jar:7.0.7]
	at org.springframework.security.web.FilterChainProxy$VirtualFilterChain.doFilter(FilterChainProxy.java:385) ~[spring-security-web-7.0.5.jar:7.0.5]
	at org.springframework.security.web.context.SecurityContextHolderFilter.doFilter(SecurityContextHolderFilter.java:82) ~[spring-security-web-7.0.5.jar:7.0.5]
	at org.springframework.security.web.context.SecurityContextHolderFilter.doFilter(SecurityContextHolderFilter.java:69) ~[spring-security-web-7.0.5.jar:7.0.5]
	at org.springframework.security.web.FilterChainProxy$VirtualFilterChain.doFilter(FilterChainProxy.java:385) ~[spring-security-web-7.0.5.jar:7.0.5]
	at org.springframework.security.web.context.request.async.WebAsyncManagerIntegrationFilter.doFilterInternal(WebAsyncManagerIntegrationFilter.java:62) ~[spring-security-web-7.0.5.jar:7.0.5]
	at org.springframework.web.filter.OncePerRequestFilter.doFilter(OncePerRequestFilter.java:116) ~[spring-web-7.0.7.jar:7.0.7]
	at org.springframework.security.web.FilterChainProxy$VirtualFilterChain.doFilter(FilterChainProxy.java:385) ~[spring-security-web-7.0.5.jar:7.0.5]
	at org.springframework.security.web.session.DisableEncodeUrlFilter.doFilterInternal(DisableEncodeUrlFilter.java:42) ~[spring-security-web-7.0.5.jar:7.0.5]
	at org.springframework.web.filter.OncePerRequestFilter.doFilter(OncePerRequestFilter.java:116) ~[spring-web-7.0.7.jar:7.0.7]
	at org.springframework.security.web.FilterChainProxy$VirtualFilterChain.doFilter(FilterChainProxy.java:385) ~[spring-security-web-7.0.5.jar:7.0.5]
	at org.springframework.security.web.FilterChainProxy.doFilterInternal(FilterChainProxy.java:237) ~[spring-security-web-7.0.5.jar:7.0.5]
	at org.springframework.security.web.FilterChainProxy.doFilter(FilterChainProxy.java:195) ~[spring-security-web-7.0.5.jar:7.0.5]
	at org.springframework.web.filter.CompositeFilter$VirtualFilterChain.doFilter(CompositeFilter.java:113) ~[spring-web-7.0.7.jar:7.0.7]
	at org.springframework.web.filter.ServletRequestPathFilter.doFilter(ServletRequestPathFilter.java:52) ~[spring-web-7.0.7.jar:7.0.7]
	at org.springframework.web.filter.CompositeFilter$VirtualFilterChain.doFilter(CompositeFilter.java:113) ~[spring-web-7.0.7.jar:7.0.7]
	at org.springframework.web.filter.CompositeFilter.doFilter(CompositeFilter.java:74) ~[spring-web-7.0.7.jar:7.0.7]
	at org.springframework.security.config.annotation.web.configuration.WebSecurityConfiguration$CompositeFilterChainProxy.doFilter(WebSecurityConfiguration.java:317) ~[spring-security-config-7.0.5.jar:7.0.5]
	at org.springframework.web.filter.DelegatingFilterProxy.invokeDelegate(DelegatingFilterProxy.java:355) ~[spring-web-7.0.7.jar:7.0.7]
	at org.springframework.web.filter.DelegatingFilterProxy.doFilter(DelegatingFilterProxy.java:272) ~[spring-web-7.0.7.jar:7.0.7]
	at org.apache.catalina.core.ApplicationFilterChain.doFilter(ApplicationFilterChain.java:107) ~[tomcat-embed-core-11.0.21.jar:11.0.21]
	at org.springframework.web.filter.RequestContextFilter.doFilterInternal(RequestContextFilter.java:100) ~[spring-web-7.0.7.jar:7.0.7]
	at org.springframework.web.filter.OncePerRequestFilter.doFilter(OncePerRequestFilter.java:116) ~[spring-web-7.0.7.jar:7.0.7]
	at org.apache.catalina.core.ApplicationFilterChain.doFilter(ApplicationFilterChain.java:107) ~[tomcat-embed-core-11.0.21.jar:11.0.21]
	at org.springframework.web.filter.FormContentFilter.doFilterInternal(FormContentFilter.java:93) ~[spring-web-7.0.7.jar:7.0.7]
	at org.springframework.web.filter.OncePerRequestFilter.doFilter(OncePerRequestFilter.java:116) ~[spring-web-7.0.7.jar:7.0.7]
	at org.apache.catalina.core.ApplicationFilterChain.doFilter(ApplicationFilterChain.java:107) ~[tomcat-embed-core-11.0.21.jar:11.0.21]
	at org.springframework.web.filter.CharacterEncodingFilter.doFilterInternal(CharacterEncodingFilter.java:199) ~[spring-web-7.0.7.jar:7.0.7]
	at org.springframework.web.filter.OncePerRequestFilter.doFilter(OncePerRequestFilter.java:116) ~[spring-web-7.0.7.jar:7.0.7]
	at org.apache.catalina.core.ApplicationFilterChain.doFilter(ApplicationFilterChain.java:107) ~[tomcat-embed-core-11.0.21.jar:11.0.21]
	at org.apache.catalina.core.StandardWrapperValve.invoke(StandardWrapperValve.java:165) ~[tomcat-embed-core-11.0.21.jar:11.0.21]
	at org.apache.catalina.core.StandardContextValve.invoke(StandardContextValve.java:77) ~[tomcat-embed-core-11.0.21.jar:11.0.21]
	at org.apache.catalina.authenticator.AuthenticatorBase.invoke(AuthenticatorBase.java:492) ~[tomcat-embed-core-11.0.21.jar:11.0.21]
	at org.apache.catalina.core.StandardHostValve.invoke(StandardHostValve.java:113) ~[tomcat-embed-core-11.0.21.jar:11.0.21]
	at org.apache.catalina.valves.ErrorReportValve.invoke(ErrorReportValve.java:83) ~[tomcat-embed-core-11.0.21.jar:11.0.21]
	at org.apache.catalina.core.StandardEngineValve.invoke(StandardEngineValve.java:72) ~[tomcat-embed-core-11.0.21.jar:11.0.21]
	at org.apache.catalina.connector.CoyoteAdapter.service(CoyoteAdapter.java:341) ~[tomcat-embed-core-11.0.21.jar:11.0.21]
	at org.apache.coyote.http11.Http11Processor.service(Http11Processor.java:397) ~[tomcat-embed-core-11.0.21.jar:11.0.21]
	at org.apache.coyote.AbstractProcessorLight.process(AbstractProcessorLight.java:63) ~[tomcat-embed-core-11.0.21.jar:11.0.21]
	at org.apache.coyote.AbstractProtocol$ConnectionHandler.process(AbstractProtocol.java:903) ~[tomcat-embed-core-11.0.21.jar:11.0.21]
	at org.apache.tomcat.util.net.NioEndpoint$SocketProcessor.doRun(NioEndpoint.java:1801) ~[tomcat-embed-core-11.0.21.jar:11.0.21]
	at org.apache.tomcat.util.net.SocketProcessorBase.run(SocketProcessorBase.java:52) ~[tomcat-embed-core-11.0.21.jar:11.0.21]
	at org.apache.tomcat.util.threads.ThreadPoolExecutor.runWorker(ThreadPoolExecutor.java:946) ~[tomcat-embed-core-11.0.21.jar:11.0.21]
	at org.apache.tomcat.util.threads.ThreadPoolExecutor$Worker.run(ThreadPoolExecutor.java:480) ~[tomcat-embed-core-11.0.21.jar:11.0.21]
	at org.apache.tomcat.util.threads.TaskThread$WrappingRunnable.run(TaskThread.java:57) ~[tomcat-embed-core-11.0.21.jar:11.0.21]
	at java.base/java.lang.Thread.run(Thread.java:1474) ~[na:na]

2026-05-03T18:18:24.018+05:30 TRACE 24624 --- [SpringSecurity] [nio-8083-exec-1] o.s.security.web.FilterChainProxy        : Trying to match request against DefaultSecurityFilterChain defined as 'securityFilterChain' in [class path resource [com/vedant/SpringSecurity/config/SecurityConfig.class]] matching [any request] and having filters [DisableEncodeUrl, WebAsyncManagerIntegration, SecurityContextHolder, HeaderWriter, Logout, BasicAuthentication, RequestCacheAware, SecurityContextHolderAwareRequest, AnonymousAuthentication, SessionManagement, ExceptionTranslation, Authorization] (1/1)
2026-05-03T18:18:24.018+05:30 DEBUG 24624 --- [SpringSecurity] [nio-8083-exec-1] o.s.security.web.FilterChainProxy        : Securing GET /error
2026-05-03T18:18:24.018+05:30 TRACE 24624 --- [SpringSecurity] [nio-8083-exec-1] o.s.security.web.FilterChainProxy        : Invoking DisableEncodeUrlFilter (1/12)
2026-05-03T18:18:24.018+05:30 TRACE 24624 --- [SpringSecurity] [nio-8083-exec-1] o.s.security.web.FilterChainProxy        : Invoking WebAsyncManagerIntegrationFilter (2/12)
2026-05-03T18:18:24.018+05:30 TRACE 24624 --- [SpringSecurity] [nio-8083-exec-1] o.s.security.web.FilterChainProxy        : Invoking SecurityContextHolderFilter (3/12)
2026-05-03T18:18:24.018+05:30 TRACE 24624 --- [SpringSecurity] [nio-8083-exec-1] o.s.security.web.FilterChainProxy        : Invoking HeaderWriterFilter (4/12)
2026-05-03T18:18:24.018+05:30 TRACE 24624 --- [SpringSecurity] [nio-8083-exec-1] o.s.security.web.FilterChainProxy        : Invoking LogoutFilter (5/12)
2026-05-03T18:18:24.018+05:30 TRACE 24624 --- [SpringSecurity] [nio-8083-exec-1] o.s.s.w.a.logout.LogoutFilter            : Did not match request to Or [PathPattern [GET /logout], PathPattern [POST /logout], PathPattern [PUT /logout], PathPattern [DELETE /logout]]
2026-05-03T18:18:24.018+05:30 TRACE 24624 --- [SpringSecurity] [nio-8083-exec-1] o.s.security.web.FilterChainProxy        : Invoking BasicAuthenticationFilter (6/12)
2026-05-03T18:18:24.018+05:30 TRACE 24624 --- [SpringSecurity] [nio-8083-exec-1] o.s.security.web.FilterChainProxy        : Invoking RequestCacheAwareFilter (7/12)
2026-05-03T18:18:24.018+05:30 TRACE 24624 --- [SpringSecurity] [nio-8083-exec-1] o.s.security.web.FilterChainProxy        : Invoking SecurityContextHolderAwareRequestFilter (8/12)
2026-05-03T18:18:24.018+05:30 TRACE 24624 --- [SpringSecurity] [nio-8083-exec-1] o.s.security.web.FilterChainProxy        : Invoking AnonymousAuthenticationFilter (9/12)
2026-05-03T18:18:24.019+05:30 TRACE 24624 --- [SpringSecurity] [nio-8083-exec-1] o.s.security.web.FilterChainProxy        : Invoking SessionManagementFilter (10/12)
2026-05-03T18:18:24.019+05:30 TRACE 24624 --- [SpringSecurity] [nio-8083-exec-1] o.s.security.web.FilterChainProxy        : Invoking ExceptionTranslationFilter (11/12)
2026-05-03T18:18:24.019+05:30 TRACE 24624 --- [SpringSecurity] [nio-8083-exec-1] o.s.security.web.FilterChainProxy        : Invoking AuthorizationFilter (12/12)
2026-05-03T18:18:24.019+05:30 TRACE 24624 --- [SpringSecurity] [nio-8083-exec-1] estMatcherDelegatingAuthorizationManager : Authorizing GET /error
2026-05-03T18:18:24.019+05:30 TRACE 24624 --- [SpringSecurity] [nio-8083-exec-1] estMatcherDelegatingAuthorizationManager : Checking authorization on GET /error using org.springframework.security.authorization.AuthenticatedAuthorizationManager@2e7d083c
2026-05-03T18:18:24.019+05:30 TRACE 24624 --- [SpringSecurity] [nio-8083-exec-1] .s.s.w.c.SupplierDeferredSecurityContext : Created SecurityContextImpl [Null authentication]
2026-05-03T18:18:24.019+05:30 TRACE 24624 --- [SpringSecurity] [nio-8083-exec-1] o.s.s.w.a.AnonymousAuthenticationFilter  : Set SecurityContextHolder to AnonymousAuthenticationToken [Principal=anonymousUser, Credentials=[PROTECTED], Authenticated=true, Details=WebAuthenticationDetails [RemoteIpAddress=0:0:0:0:0:0:0:1, SessionId=null], Granted Authorities=[ROLE_ANONYMOUS]]
2026-05-03T18:18:24.019+05:30 TRACE 24624 --- [SpringSecurity] [nio-8083-exec-1] o.s.s.w.a.ExceptionTranslationFilter     : Sending AnonymousAuthenticationToken [Principal=anonymousUser, Credentials=[PROTECTED], Authenticated=true, Details=WebAuthenticationDetails [RemoteIpAddress=0:0:0:0:0:0:0:1, SessionId=null], Granted Authorities=[ROLE_ANONYMOUS]] to authentication entry point since access is denied

org.springframework.security.authorization.AuthorizationDeniedException: Access Denied
	at org.springframework.security.web.access.intercept.AuthorizationFilter.doFilter(AuthorizationFilter.java:99) ~[spring-security-web-7.0.5.jar:7.0.5]
	at org.springframework.security.web.FilterChainProxy$VirtualFilterChain.doFilter(FilterChainProxy.java:385) ~[spring-security-web-7.0.5.jar:7.0.5]
	at org.springframework.security.web.access.ExceptionTranslationFilter.doFilter(ExceptionTranslationFilter.java:126) ~[spring-security-web-7.0.5.jar:7.0.5]
	at org.springframework.security.web.access.ExceptionTranslationFilter.doFilter(ExceptionTranslationFilter.java:120) ~[spring-security-web-7.0.5.jar:7.0.5]
	at org.springframework.security.web.FilterChainProxy$VirtualFilterChain.doFilter(FilterChainProxy.java:385) ~[spring-security-web-7.0.5.jar:7.0.5]
	at org.springframework.security.web.session.SessionManagementFilter.doFilter(SessionManagementFilter.java:92) ~[spring-security-web-7.0.5.jar:7.0.5]
	at org.springframework.security.web.session.SessionManagementFilter.doFilter(SessionManagementFilter.java:86) ~[spring-security-web-7.0.5.jar:7.0.5]
	at org.springframework.security.web.FilterChainProxy$VirtualFilterChain.doFilter(FilterChainProxy.java:385) ~[spring-security-web-7.0.5.jar:7.0.5]
	at org.springframework.security.web.authentication.AnonymousAuthenticationFilter.doFilter(AnonymousAuthenticationFilter.java:100) ~[spring-security-web-7.0.5.jar:7.0.5]
	at org.springframework.security.web.FilterChainProxy$VirtualFilterChain.doFilter(FilterChainProxy.java:385) ~[spring-security-web-7.0.5.jar:7.0.5]
	at org.springframework.security.web.servletapi.SecurityContextHolderAwareRequestFilter.doFilter(SecurityContextHolderAwareRequestFilter.java:181) ~[spring-security-web-7.0.5.jar:7.0.5]
	at org.springframework.security.web.FilterChainProxy$VirtualFilterChain.doFilter(FilterChainProxy.java:385) ~[spring-security-web-7.0.5.jar:7.0.5]
	at org.springframework.security.web.savedrequest.RequestCacheAwareFilter.doFilter(RequestCacheAwareFilter.java:63) ~[spring-security-web-7.0.5.jar:7.0.5]
	at org.springframework.security.web.FilterChainProxy$VirtualFilterChain.doFilter(FilterChainProxy.java:385) ~[spring-security-web-7.0.5.jar:7.0.5]
	at org.springframework.web.filter.OncePerRequestFilter.doFilter(OncePerRequestFilter.java:101) ~[spring-web-7.0.7.jar:7.0.7]
	at org.springframework.security.web.FilterChainProxy$VirtualFilterChain.doFilter(FilterChainProxy.java:385) ~[spring-security-web-7.0.5.jar:7.0.5]
	at org.springframework.security.web.authentication.logout.LogoutFilter.doFilter(LogoutFilter.java:110) ~[spring-security-web-7.0.5.jar:7.0.5]
	at org.springframework.security.web.authentication.logout.LogoutFilter.doFilter(LogoutFilter.java:96) ~[spring-security-web-7.0.5.jar:7.0.5]
	at org.springframework.security.web.FilterChainProxy$VirtualFilterChain.doFilter(FilterChainProxy.java:385) ~[spring-security-web-7.0.5.jar:7.0.5]
	at org.springframework.web.filter.OncePerRequestFilter.doFilter(OncePerRequestFilter.java:101) ~[spring-web-7.0.7.jar:7.0.7]
	at org.springframework.security.web.FilterChainProxy$VirtualFilterChain.doFilter(FilterChainProxy.java:385) ~[spring-security-web-7.0.5.jar:7.0.5]
	at org.springframework.security.web.context.SecurityContextHolderFilter.doFilter(SecurityContextHolderFilter.java:82) ~[spring-security-web-7.0.5.jar:7.0.5]
	at org.springframework.security.web.context.SecurityContextHolderFilter.doFilter(SecurityContextHolderFilter.java:69) ~[spring-security-web-7.0.5.jar:7.0.5]
	at org.springframework.security.web.FilterChainProxy$VirtualFilterChain.doFilter(FilterChainProxy.java:385) ~[spring-security-web-7.0.5.jar:7.0.5]
	at org.springframework.web.filter.OncePerRequestFilter.doFilter(OncePerRequestFilter.java:101) ~[spring-web-7.0.7.jar:7.0.7]
	at org.springframework.security.web.FilterChainProxy$VirtualFilterChain.doFilter(FilterChainProxy.java:385) ~[spring-security-web-7.0.5.jar:7.0.5]
	at org.springframework.web.filter.OncePerRequestFilter.doFilter(OncePerRequestFilter.java:101) ~[spring-web-7.0.7.jar:7.0.7]
	at org.springframework.security.web.FilterChainProxy$VirtualFilterChain.doFilter(FilterChainProxy.java:385) ~[spring-security-web-7.0.5.jar:7.0.5]
	at org.springframework.security.web.FilterChainProxy.doFilterInternal(FilterChainProxy.java:237) ~[spring-security-web-7.0.5.jar:7.0.5]
	at org.springframework.security.web.FilterChainProxy.doFilter(FilterChainProxy.java:195) ~[spring-security-web-7.0.5.jar:7.0.5]
	at org.springframework.web.filter.CompositeFilter$VirtualFilterChain.doFilter(CompositeFilter.java:113) ~[spring-web-7.0.7.jar:7.0.7]
	at org.springframework.web.filter.ServletRequestPathFilter.doFilter(ServletRequestPathFilter.java:52) ~[spring-web-7.0.7.jar:7.0.7]
	at org.springframework.web.filter.CompositeFilter$VirtualFilterChain.doFilter(CompositeFilter.java:113) ~[spring-web-7.0.7.jar:7.0.7]
	at org.springframework.web.filter.CompositeFilter.doFilter(CompositeFilter.java:74) ~[spring-web-7.0.7.jar:7.0.7]
	at org.springframework.security.config.annotation.web.configuration.WebSecurityConfiguration$CompositeFilterChainProxy.doFilter(WebSecurityConfiguration.java:317) ~[spring-security-config-7.0.5.jar:7.0.5]
	at org.springframework.web.filter.DelegatingFilterProxy.invokeDelegate(DelegatingFilterProxy.java:355) ~[spring-web-7.0.7.jar:7.0.7]
	at org.springframework.web.filter.DelegatingFilterProxy.doFilter(DelegatingFilterProxy.java:272) ~[spring-web-7.0.7.jar:7.0.7]
	at org.apache.catalina.core.ApplicationFilterChain.doFilter(ApplicationFilterChain.java:107) ~[tomcat-embed-core-11.0.21.jar:11.0.21]
	at org.springframework.web.filter.RequestContextFilter.doFilterInternal(RequestContextFilter.java:100) ~[spring-web-7.0.7.jar:7.0.7]
	at org.springframework.web.filter.OncePerRequestFilter.doFilter(OncePerRequestFilter.java:116) ~[spring-web-7.0.7.jar:7.0.7]
	at org.apache.catalina.core.ApplicationFilterChain.doFilter(ApplicationFilterChain.java:107) ~[tomcat-embed-core-11.0.21.jar:11.0.21]
	at org.springframework.web.filter.OncePerRequestFilter.doFilter(OncePerRequestFilter.java:101) ~[spring-web-7.0.7.jar:7.0.7]
	at org.apache.catalina.core.ApplicationFilterChain.doFilter(ApplicationFilterChain.java:107) ~[tomcat-embed-core-11.0.21.jar:11.0.21]
	at org.springframework.web.filter.OncePerRequestFilter.doFilter(OncePerRequestFilter.java:101) ~[spring-web-7.0.7.jar:7.0.7]
	at org.apache.catalina.core.ApplicationFilterChain.doFilter(ApplicationFilterChain.java:107) ~[tomcat-embed-core-11.0.21.jar:11.0.21]
	at org.apache.catalina.core.ApplicationDispatcher.invoke(ApplicationDispatcher.java:513) ~[tomcat-embed-core-11.0.21.jar:11.0.21]
	at org.apache.catalina.core.ApplicationDispatcher.processRequest(ApplicationDispatcher.java:335) ~[tomcat-embed-core-11.0.21.jar:11.0.21]
	at org.apache.catalina.core.ApplicationDispatcher.forward(ApplicationDispatcher.java:262) ~[tomcat-embed-core-11.0.21.jar:11.0.21]
	at org.apache.catalina.core.StandardHostValve.custom(StandardHostValve.java:375) ~[tomcat-embed-core-11.0.21.jar:11.0.21]
	at org.apache.catalina.core.StandardHostValve.status(StandardHostValve.java:206) ~[tomcat-embed-core-11.0.21.jar:11.0.21]
	at org.apache.catalina.core.StandardHostValve.throwable(StandardHostValve.java:282) ~[tomcat-embed-core-11.0.21.jar:11.0.21]
	at org.apache.catalina.core.StandardHostValve.invoke(StandardHostValve.java:147) ~[tomcat-embed-core-11.0.21.jar:11.0.21]
	at org.apache.catalina.valves.ErrorReportValve.invoke(ErrorReportValve.java:83) ~[tomcat-embed-core-11.0.21.jar:11.0.21]
	at org.apache.catalina.core.StandardEngineValve.invoke(StandardEngineValve.java:72) ~[tomcat-embed-core-11.0.21.jar:11.0.21]
	at org.apache.catalina.connector.CoyoteAdapter.service(CoyoteAdapter.java:341) ~[tomcat-embed-core-11.0.21.jar:11.0.21]
	at org.apache.coyote.http11.Http11Processor.service(Http11Processor.java:397) ~[tomcat-embed-core-11.0.21.jar:11.0.21]
	at org.apache.coyote.AbstractProcessorLight.process(AbstractProcessorLight.java:63) ~[tomcat-embed-core-11.0.21.jar:11.0.21]
	at org.apache.coyote.AbstractProtocol$ConnectionHandler.process(AbstractProtocol.java:903) ~[tomcat-embed-core-11.0.21.jar:11.0.21]
	at org.apache.tomcat.util.net.NioEndpoint$SocketProcessor.doRun(NioEndpoint.java:1801) ~[tomcat-embed-core-11.0.21.jar:11.0.21]
	at org.apache.tomcat.util.net.SocketProcessorBase.run(SocketProcessorBase.java:52) ~[tomcat-embed-core-11.0.21.jar:11.0.21]
	at org.apache.tomcat.util.threads.ThreadPoolExecutor.runWorker(ThreadPoolExecutor.java:946) ~[tomcat-embed-core-11.0.21.jar:11.0.21]
	at org.apache.tomcat.util.threads.ThreadPoolExecutor$Worker.run(ThreadPoolExecutor.java:480) ~[tomcat-embed-core-11.0.21.jar:11.0.21]
	at org.apache.tomcat.util.threads.TaskThread$WrappingRunnable.run(TaskThread.java:57) ~[tomcat-embed-core-11.0.21.jar:11.0.21]
	at java.base/java.lang.Thread.run(Thread.java:1474) ~[na:na]

2026-05-03T18:18:24.020+05:30 DEBUG 24624 --- [SpringSecurity] [nio-8083-exec-1] s.w.a.DelegatingAuthenticationEntryPoint : Trying to match using RequestHeaderRequestMatcher [expectedHeaderName=X-Requested-With, expectedHeaderValue=XMLHttpRequest]
2026-05-03T18:18:24.020+05:30 DEBUG 24624 --- [SpringSecurity] [nio-8083-exec-1] s.w.a.DelegatingAuthenticationEntryPoint : No match found. Using default entry point org.springframework.security.web.authentication.www.BasicAuthenticationEntryPoint@710e14fe
2026-05-03T18:19:03.128+05:30  INFO 24624 --- [SpringSecurity] [   File Watcher] rtingClassPathChangeChangedEventListener : Restarting due to 1 class path change (0 additions, 0 deletions, 1 modification)
2026-05-03T18:19:03.150+05:30  INFO 24624 --- [SpringSecurity] [       Thread-1] o.s.boot.tomcat.GracefulShutdown         : Commencing graceful shutdown. Waiting for active requests to complete
2026-05-03T18:19:03.444+05:30  INFO 24624 --- [SpringSecurity] [tomcat-shutdown] o.s.boot.tomcat.GracefulShutdown         : Graceful shutdown complete
2026-05-03T18:19:03.451+05:30  INFO 24624 --- [SpringSecurity] [       Thread-1] j.LocalContainerEntityManagerFactoryBean : Closing JPA EntityManagerFactory for persistence unit 'default'
2026-05-03T18:19:03.457+05:30  INFO 24624 --- [SpringSecurity] [       Thread-1] com.zaxxer.hikari.HikariDataSource       : HikariPool-1 - Shutdown initiated...
2026-05-03T18:19:03.544+05:30  INFO 24624 --- [SpringSecurity] [       Thread-1] com.zaxxer.hikari.HikariDataSource       : HikariPool-1 - Shutdown completed.

  .   ____          _            __ _ _
 /\\ / ___'_ __ _ _(_)_ __  __ _ \ \ \ \
( ( )\___ | '_ | '_| | '_ \/ _` | \ \ \ \
 \\/  ___)| |_)| | | | | || (_| |  ) ) ) )
  '  |____| .__|_| |_|_| |_\__, | / / / /
 =========|_|==============|___/=/_/_/_/

 :: Spring Boot ::                (v4.0.6)

2026-05-03T18:19:03.749+05:30  INFO 24624 --- [SpringSecurity] [  restartedMain] c.v.S.SpringSecurityApplication          : Starting SpringSecurityApplication using Java 25.0.2 with PID 24624 (D:\Git Hub Project\FCT-JAVA\Advance Java\SpringBoot\Spring Boot Security\SpringSecurity\target\classes started by Arnav Gade in D:\Git Hub Project\FCT-JAVA\Advance Java\SpringBoot\Spring Boot Security\SpringSecurity)
2026-05-03T18:19:03.749+05:30  INFO 24624 --- [SpringSecurity] [  restartedMain] c.v.S.SpringSecurityApplication          : No active profile set, falling back to 1 default profile: "default"
2026-05-03T18:19:05.101+05:30  INFO 24624 --- [SpringSecurity] [  restartedMain] .s.d.r.c.RepositoryConfigurationDelegate : Bootstrapping Spring Data JPA repositories in DEFAULT mode.
2026-05-03T18:19:05.137+05:30  INFO 24624 --- [SpringSecurity] [  restartedMain] .s.d.r.c.RepositoryConfigurationDelegate : Finished Spring Data repository scanning in 28 ms. Found 1 JPA repository interface.
2026-05-03T18:19:05.471+05:30  INFO 24624 --- [SpringSecurity] [  restartedMain] o.s.boot.tomcat.TomcatWebServer          : Tomcat initialized with port 8083 (http)
2026-05-03T18:19:05.476+05:30  INFO 24624 --- [SpringSecurity] [  restartedMain] o.apache.catalina.core.StandardService   : Starting service [Tomcat]
2026-05-03T18:19:05.476+05:30  INFO 24624 --- [SpringSecurity] [  restartedMain] o.apache.catalina.core.StandardEngine    : Starting Servlet engine: [Apache Tomcat/11.0.21]
2026-05-03T18:19:05.594+05:30  INFO 24624 --- [SpringSecurity] [  restartedMain] b.w.c.s.WebApplicationContextInitializer : Root WebApplicationContext: initialization completed in 1826 ms
2026-05-03T18:19:05.695+05:30  INFO 24624 --- [SpringSecurity] [  restartedMain] org.hibernate.orm.jpa                    : HHH008540: Processing PersistenceUnitInfo [name: default]
2026-05-03T18:19:05.790+05:30  INFO 24624 --- [SpringSecurity] [  restartedMain] o.s.o.j.p.SpringPersistenceUnitInfo      : No LoadTimeWeaver setup: ignoring JPA class transformer
2026-05-03T18:19:05.794+05:30  INFO 24624 --- [SpringSecurity] [  restartedMain] com.zaxxer.hikari.HikariDataSource       : HikariPool-2 - Starting...
2026-05-03T18:19:05.854+05:30  INFO 24624 --- [SpringSecurity] [  restartedMain] com.zaxxer.hikari.pool.HikariPool        : HikariPool-2 - Added connection com.mysql.cj.jdbc.ConnectionImpl@132f2fc
2026-05-03T18:19:05.854+05:30  INFO 24624 --- [SpringSecurity] [  restartedMain] com.zaxxer.hikari.HikariDataSource       : HikariPool-2 - Start completed.
2026-05-03T18:19:05.861+05:30  INFO 24624 --- [SpringSecurity] [  restartedMain] org.hibernate.orm.connections.pooling    : HHH10001005: Database info:
	Database JDBC URL [jdbc:mysql://localhost:3306/springsecurity]
	Database driver: MySQL Connector/J
	Database dialect: MySQLDialect
	Database version: 8.0.42
	Default catalog/schema: springsecurity/undefined
	Autocommit mode: undefined/unknown
	Isolation level: REPEATABLE_READ [default REPEATABLE_READ]
	JDBC fetch size: none
	Pool: DataSourceConnectionProvider
	Minimum pool size: undefined/unknown
	Maximum pool size: undefined/unknown
2026-05-03T18:19:05.919+05:30  INFO 24624 --- [SpringSecurity] [  restartedMain] org.hibernate.orm.core                   : HHH000489: No JTA platform available (set 'hibernate.transaction.jta.platform' to enable JTA platform integration)
2026-05-03T18:19:05.942+05:30  INFO 24624 --- [SpringSecurity] [  restartedMain] j.LocalContainerEntityManagerFactoryBean : Initialized JPA EntityManagerFactory for persistence unit 'default'
2026-05-03T18:19:06.124+05:30  WARN 24624 --- [SpringSecurity] [  restartedMain] JpaBaseConfiguration$JpaWebConfiguration : spring.jpa.open-in-view is enabled by default. Therefore, database queries may be performed during view rendering. Explicitly configure spring.jpa.open-in-view to disable this warning
2026-05-03T18:19:06.197+05:30 TRACE 24624 --- [SpringSecurity] [  restartedMain] eGlobalAuthenticationAutowiredConfigurer : Eagerly initializing {securityConfig=com.vedant.SpringSecurity.config.SecurityConfig$$SpringCGLIB$$0@3bff7429}
2026-05-03T18:19:06.200+05:30  INFO 24624 --- [SpringSecurity] [  restartedMain] eAuthenticationProviderManagerConfigurer : Global AuthenticationManager configured with AuthenticationProvider bean with name authenticationProvider
2026-05-03T18:19:06.201+05:30  WARN 24624 --- [SpringSecurity] [  restartedMain] r$InitializeUserDetailsManagerConfigurer : Global AuthenticationManager configured with an AuthenticationProvider bean. UserDetailsService beans will not be used by Spring Security for automatically configuring username/password login. Consider removing the AuthenticationProvider bean. Alternatively, consider using the UserDetailsService in a manually instantiated DaoAuthenticationProvider. If the current configuration is intentional, to turn off this warning, increase the logging level of 'org.springframework.security.config.annotation.authentication.configuration.InitializeUserDetailsBeanManagerConfigurer' to ERROR
2026-05-03T18:19:06.313+05:30 DEBUG 24624 --- [SpringSecurity] [  restartedMain] o.s.s.web.DefaultSecurityFilterChain     : Will secure any request with filters: DisableEncodeUrlFilter, WebAsyncManagerIntegrationFilter, SecurityContextHolderFilter, HeaderWriterFilter, LogoutFilter, BasicAuthenticationFilter, RequestCacheAwareFilter, SecurityContextHolderAwareRequestFilter, AnonymousAuthenticationFilter, SessionManagementFilter, ExceptionTranslationFilter, AuthorizationFilter
2026-05-03T18:19:06.561+05:30  INFO 24624 --- [SpringSecurity] [  restartedMain] o.s.boot.tomcat.TomcatWebServer          : Tomcat started on port 8083 (http) with context path '/'
2026-05-03T18:19:06.567+05:30  INFO 24624 --- [SpringSecurity] [  restartedMain] c.v.S.SpringSecurityApplication          : Started SpringSecurityApplication in 2.872 seconds (process running for 62.506)
2026-05-03T18:19:06.571+05:30  INFO 24624 --- [SpringSecurity] [  restartedMain] .ConditionEvaluationDeltaLoggingListener : Condition evaluation unchanged
2026-05-03T18:44:36.859+05:30  INFO 24624 --- [SpringSecurity] [   File Watcher] rtingClassPathChangeChangedEventListener : Restarting due to 1 class path change (0 additions, 1 deletion, 0 modifications)
2026-05-03T18:44:36.863+05:30  INFO 24624 --- [SpringSecurity] [       Thread-5] o.s.boot.tomcat.GracefulShutdown         : Commencing graceful shutdown. Waiting for active requests to complete
2026-05-03T18:44:36.880+05:30  INFO 24624 --- [SpringSecurity] [tomcat-shutdown] o.s.boot.tomcat.GracefulShutdown         : Graceful shutdown complete
2026-05-03T18:44:36.889+05:30  INFO 24624 --- [SpringSecurity] [       Thread-5] j.LocalContainerEntityManagerFactoryBean : Closing JPA EntityManagerFactory for persistence unit 'default'
2026-05-03T18:44:36.892+05:30  INFO 24624 --- [SpringSecurity] [       Thread-5] com.zaxxer.hikari.HikariDataSource       : HikariPool-2 - Shutdown initiated...
2026-05-03T18:44:36.904+05:30  INFO 24624 --- [SpringSecurity] [       Thread-5] com.zaxxer.hikari.HikariDataSource       : HikariPool-2 - Shutdown completed.

  .   ____          _            __ _ _
 /\\ / ___'_ __ _ _(_)_ __  __ _ \ \ \ \
( ( )\___ | '_ | '_| | '_ \/ _` | \ \ \ \
 \\/  ___)| |_)| | | | | || (_| |  ) ) ) )
  '  |____| .__|_| |_|_| |_\__, | / / / /
 =========|_|==============|___/=/_/_/_/

 :: Spring Boot ::                (v4.0.6)

2026-05-03T18:44:37.058+05:30  INFO 24624 --- [SpringSecurity] [  restartedMain] c.v.S.SpringSecurityApplication          : Starting SpringSecurityApplication using Java 25.0.2 with PID 24624 (D:\Git Hub Project\FCT-JAVA\Advance Java\SpringBoot\Spring Boot Security\SpringSecurity\target\classes started by Arnav Gade in D:\Git Hub Project\FCT-JAVA\Advance Java\SpringBoot\Spring Boot Security\SpringSecurity)
2026-05-03T18:44:37.058+05:30  INFO 24624 --- [SpringSecurity] [  restartedMain] c.v.S.SpringSecurityApplication          : No active profile set, falling back to 1 default profile: "default"
2026-05-03T18:44:37.330+05:30  INFO 24624 --- [SpringSecurity] [  restartedMain] .s.d.r.c.RepositoryConfigurationDelegate : Bootstrapping Spring Data JPA repositories in DEFAULT mode.
2026-05-03T18:44:37.346+05:30  INFO 24624 --- [SpringSecurity] [  restartedMain] .s.d.r.c.RepositoryConfigurationDelegate : Finished Spring Data repository scanning in 13 ms. Found 1 JPA repository interface.
2026-05-03T18:44:37.551+05:30  INFO 24624 --- [SpringSecurity] [  restartedMain] o.s.boot.tomcat.TomcatWebServer          : Tomcat initialized with port 8083 (http)
2026-05-03T18:44:37.557+05:30  INFO 24624 --- [SpringSecurity] [  restartedMain] o.apache.catalina.core.StandardService   : Starting service [Tomcat]
2026-05-03T18:44:37.557+05:30  INFO 24624 --- [SpringSecurity] [  restartedMain] o.apache.catalina.core.StandardEngine    : Starting Servlet engine: [Apache Tomcat/11.0.21]
2026-05-03T18:44:37.607+05:30  INFO 24624 --- [SpringSecurity] [  restartedMain] b.w.c.s.WebApplicationContextInitializer : Root WebApplicationContext: initialization completed in 544 ms
2026-05-03T18:44:37.700+05:30  INFO 24624 --- [SpringSecurity] [  restartedMain] org.hibernate.orm.jpa                    : HHH008540: Processing PersistenceUnitInfo [name: default]
2026-05-03T18:44:37.770+05:30  INFO 24624 --- [SpringSecurity] [  restartedMain] o.s.o.j.p.SpringPersistenceUnitInfo      : No LoadTimeWeaver setup: ignoring JPA class transformer
2026-05-03T18:44:37.770+05:30  INFO 24624 --- [SpringSecurity] [  restartedMain] com.zaxxer.hikari.HikariDataSource       : HikariPool-3 - Starting...
2026-05-03T18:44:37.800+05:30  INFO 24624 --- [SpringSecurity] [  restartedMain] com.zaxxer.hikari.pool.HikariPool        : HikariPool-3 - Added connection com.mysql.cj.jdbc.ConnectionImpl@29c15f0d
2026-05-03T18:44:37.801+05:30  INFO 24624 --- [SpringSecurity] [  restartedMain] com.zaxxer.hikari.HikariDataSource       : HikariPool-3 - Start completed.
2026-05-03T18:44:37.805+05:30  INFO 24624 --- [SpringSecurity] [  restartedMain] org.hibernate.orm.connections.pooling    : HHH10001005: Database info:
	Database JDBC URL [jdbc:mysql://localhost:3306/springsecurity]
	Database driver: MySQL Connector/J
	Database dialect: MySQLDialect
	Database version: 8.0.42
	Default catalog/schema: springsecurity/undefined
	Autocommit mode: undefined/unknown
	Isolation level: REPEATABLE_READ [default REPEATABLE_READ]
	JDBC fetch size: none
	Pool: DataSourceConnectionProvider
	Minimum pool size: undefined/unknown
	Maximum pool size: undefined/unknown
2026-05-03T18:44:37.863+05:30  INFO 24624 --- [SpringSecurity] [  restartedMain] org.hibernate.orm.core                   : HHH000489: No JTA platform available (set 'hibernate.transaction.jta.platform' to enable JTA platform integration)
2026-05-03T18:44:37.878+05:30  INFO 24624 --- [SpringSecurity] [  restartedMain] j.LocalContainerEntityManagerFactoryBean : Initialized JPA EntityManagerFactory for persistence unit 'default'
2026-05-03T18:44:38.010+05:30  WARN 24624 --- [SpringSecurity] [  restartedMain] JpaBaseConfiguration$JpaWebConfiguration : spring.jpa.open-in-view is enabled by default. Therefore, database queries may be performed during view rendering. Explicitly configure spring.jpa.open-in-view to disable this warning
2026-05-03T18:44:38.203+05:30 TRACE 24624 --- [SpringSecurity] [  restartedMain] eGlobalAuthenticationAutowiredConfigurer : Eagerly initializing {org.springframework.boot.security.autoconfigure.web.servlet.ServletWebSecurityAutoConfiguration$EnableWebSecurityConfiguration=org.springframework.boot.security.autoconfigure.web.servlet.ServletWebSecurityAutoConfiguration$EnableWebSecurityConfiguration@2ebe41f0}
2026-05-03T18:44:38.204+05:30  INFO 24624 --- [SpringSecurity] [  restartedMain] r$InitializeUserDetailsManagerConfigurer : Global AuthenticationManager configured with UserDetailsService bean with name myUserDetailsService
2026-05-03T18:44:38.313+05:30 DEBUG 24624 --- [SpringSecurity] [  restartedMain] o.s.s.web.DefaultSecurityFilterChain     : Will secure any request with filters: DisableEncodeUrlFilter, WebAsyncManagerIntegrationFilter, SecurityContextHolderFilter, HeaderWriterFilter, CsrfFilter, LogoutFilter, UsernamePasswordAuthenticationFilter, DefaultResourcesFilter, DefaultLoginPageGeneratingFilter, DefaultLogoutPageGeneratingFilter, BasicAuthenticationFilter, RequestCacheAwareFilter, SecurityContextHolderAwareRequestFilter, AnonymousAuthenticationFilter, ExceptionTranslationFilter, AuthorizationFilter
2026-05-03T18:44:38.353+05:30  INFO 24624 --- [SpringSecurity] [  restartedMain] o.s.boot.tomcat.TomcatWebServer          : Tomcat started on port 8083 (http) with context path '/'
2026-05-03T18:44:38.358+05:30  INFO 24624 --- [SpringSecurity] [  restartedMain] c.v.S.SpringSecurityApplication          : Started SpringSecurityApplication in 1.353 seconds (process running for 1594.297)
2026-05-03T18:44:38.364+05:30  INFO 24624 --- [SpringSecurity] [  restartedMain] .ConditionEvaluationDeltaLoggingListener : Condition evaluation delta:


==========================
CONDITION EVALUATION DELTA
==========================


Positive matches:
-----------------

   ServletWebSecurityAutoConfiguration.EnableWebSecurityConfiguration matched:
      - @ConditionalOnClass found required class 'org.springframework.security.config.annotation.web.configuration.EnableWebSecurity' (OnClassCondition)
      - @ConditionalOnMissingBean (names: springSecurityFilterChain; SearchStrategy: all) did not find any beans (OnBeanCondition)

   ServletWebSecurityAutoConfiguration.SecurityFilterChainConfiguration matched:
      - AllNestedConditions 2 matched 0 did not; NestedCondition on DefaultWebSecurityCondition.Beans @ConditionalOnMissingBean (types: org.springframework.security.web.SecurityFilterChain; SearchStrategy: all) did not find any beans; NestedCondition on DefaultWebSecurityCondition.Classes @ConditionalOnClass found required classes 'org.springframework.security.web.SecurityFilterChain', 'org.springframework.security.config.annotation.web.builders.HttpSecurity' (DefaultWebSecurityCondition)


Negative matches:
-----------------

    None


Exclusions:
-----------

    None


Unconditional classes:
----------------------

    None



2026-05-03T18:44:39.607+05:30  INFO 24624 --- [SpringSecurity] [   File Watcher] rtingClassPathChangeChangedEventListener : Restarting due to 1 class path change (1 addition, 0 deletions, 0 modifications)
2026-05-03T18:44:39.611+05:30  INFO 24624 --- [SpringSecurity] [       Thread-9] o.s.boot.tomcat.GracefulShutdown         : Commencing graceful shutdown. Waiting for active requests to complete
2026-05-03T18:44:39.625+05:30  INFO 24624 --- [SpringSecurity] [tomcat-shutdown] o.s.boot.tomcat.GracefulShutdown         : Graceful shutdown complete
2026-05-03T18:44:39.626+05:30  INFO 24624 --- [SpringSecurity] [       Thread-9] j.LocalContainerEntityManagerFactoryBean : Closing JPA EntityManagerFactory for persistence unit 'default'
2026-05-03T18:44:39.628+05:30  INFO 24624 --- [SpringSecurity] [       Thread-9] com.zaxxer.hikari.HikariDataSource       : HikariPool-3 - Shutdown initiated...
2026-05-03T18:44:39.634+05:30  INFO 24624 --- [SpringSecurity] [       Thread-9] com.zaxxer.hikari.HikariDataSource       : HikariPool-3 - Shutdown completed.

  .   ____          _            __ _ _
 /\\ / ___'_ __ _ _(_)_ __  __ _ \ \ \ \
( ( )\___ | '_ | '_| | '_ \/ _` | \ \ \ \
 \\/  ___)| |_)| | | | | || (_| |  ) ) ) )
  '  |____| .__|_| |_|_| |_\__, | / / / /
 =========|_|==============|___/=/_/_/_/

 :: Spring Boot ::                (v4.0.6)

2026-05-03T18:44:39.728+05:30  INFO 24624 --- [SpringSecurity] [  restartedMain] c.v.S.SpringSecurityApplication          : Starting SpringSecurityApplication using Java 25.0.2 with PID 24624 (D:\Git Hub Project\FCT-JAVA\Advance Java\SpringBoot\Spring Boot Security\SpringSecurity\target\classes started by Arnav Gade in D:\Git Hub Project\FCT-JAVA\Advance Java\SpringBoot\Spring Boot Security\SpringSecurity)
2026-05-03T18:44:39.730+05:30  INFO 24624 --- [SpringSecurity] [  restartedMain] c.v.S.SpringSecurityApplication          : No active profile set, falling back to 1 default profile: "default"
2026-05-03T18:44:40.032+05:30  INFO 24624 --- [SpringSecurity] [  restartedMain] .s.d.r.c.RepositoryConfigurationDelegate : Bootstrapping Spring Data JPA repositories in DEFAULT mode.
2026-05-03T18:44:40.064+05:30  INFO 24624 --- [SpringSecurity] [  restartedMain] .s.d.r.c.RepositoryConfigurationDelegate : Finished Spring Data repository scanning in 29 ms. Found 1 JPA repository interface.
2026-05-03T18:44:40.310+05:30  INFO 24624 --- [SpringSecurity] [  restartedMain] o.s.boot.tomcat.TomcatWebServer          : Tomcat initialized with port 8083 (http)
2026-05-03T18:44:40.311+05:30  INFO 24624 --- [SpringSecurity] [  restartedMain] o.apache.catalina.core.StandardService   : Starting service [Tomcat]
2026-05-03T18:44:40.311+05:30  INFO 24624 --- [SpringSecurity] [  restartedMain] o.apache.catalina.core.StandardEngine    : Starting Servlet engine: [Apache Tomcat/11.0.21]
2026-05-03T18:44:40.348+05:30  INFO 24624 --- [SpringSecurity] [  restartedMain] b.w.c.s.WebApplicationContextInitializer : Root WebApplicationContext: initialization completed in 612 ms
2026-05-03T18:44:40.401+05:30  INFO 24624 --- [SpringSecurity] [  restartedMain] org.hibernate.orm.jpa                    : HHH008540: Processing PersistenceUnitInfo [name: default]
2026-05-03T18:44:40.444+05:30  INFO 24624 --- [SpringSecurity] [  restartedMain] o.s.o.j.p.SpringPersistenceUnitInfo      : No LoadTimeWeaver setup: ignoring JPA class transformer
2026-05-03T18:44:40.444+05:30  INFO 24624 --- [SpringSecurity] [  restartedMain] com.zaxxer.hikari.HikariDataSource       : HikariPool-4 - Starting...
2026-05-03T18:44:40.464+05:30  INFO 24624 --- [SpringSecurity] [  restartedMain] com.zaxxer.hikari.pool.HikariPool        : HikariPool-4 - Added connection com.mysql.cj.jdbc.ConnectionImpl@3d1097fc
2026-05-03T18:44:40.464+05:30  INFO 24624 --- [SpringSecurity] [  restartedMain] com.zaxxer.hikari.HikariDataSource       : HikariPool-4 - Start completed.
2026-05-03T18:44:40.469+05:30  INFO 24624 --- [SpringSecurity] [  restartedMain] org.hibernate.orm.connections.pooling    : HHH10001005: Database info:
	Database JDBC URL [jdbc:mysql://localhost:3306/springsecurity]
	Database driver: MySQL Connector/J
	Database dialect: MySQLDialect
	Database version: 8.0.42
	Default catalog/schema: springsecurity/undefined
	Autocommit mode: undefined/unknown
	Isolation level: REPEATABLE_READ [default REPEATABLE_READ]
	JDBC fetch size: none
	Pool: DataSourceConnectionProvider
	Minimum pool size: undefined/unknown
	Maximum pool size: undefined/unknown
2026-05-03T18:44:40.514+05:30  INFO 24624 --- [SpringSecurity] [  restartedMain] org.hibernate.orm.core                   : HHH000489: No JTA platform available (set 'hibernate.transaction.jta.platform' to enable JTA platform integration)
2026-05-03T18:44:40.546+05:30  INFO 24624 --- [SpringSecurity] [  restartedMain] j.LocalContainerEntityManagerFactoryBean : Initialized JPA EntityManagerFactory for persistence unit 'default'
2026-05-03T18:44:40.638+05:30  WARN 24624 --- [SpringSecurity] [  restartedMain] JpaBaseConfiguration$JpaWebConfiguration : spring.jpa.open-in-view is enabled by default. Therefore, database queries may be performed during view rendering. Explicitly configure spring.jpa.open-in-view to disable this warning
2026-05-03T18:44:40.666+05:30 TRACE 24624 --- [SpringSecurity] [  restartedMain] eGlobalAuthenticationAutowiredConfigurer : Eagerly initializing {securityConfig=com.vedant.SpringSecurity.config.SecurityConfig$$SpringCGLIB$$0@49d853b0}
2026-05-03T18:44:40.668+05:30  INFO 24624 --- [SpringSecurity] [  restartedMain] eAuthenticationProviderManagerConfigurer : Global AuthenticationManager configured with AuthenticationProvider bean with name authenticationProvider
2026-05-03T18:44:40.668+05:30  WARN 24624 --- [SpringSecurity] [  restartedMain] r$InitializeUserDetailsManagerConfigurer : Global AuthenticationManager configured with an AuthenticationProvider bean. UserDetailsService beans will not be used by Spring Security for automatically configuring username/password login. Consider removing the AuthenticationProvider bean. Alternatively, consider using the UserDetailsService in a manually instantiated DaoAuthenticationProvider. If the current configuration is intentional, to turn off this warning, increase the logging level of 'org.springframework.security.config.annotation.authentication.configuration.InitializeUserDetailsBeanManagerConfigurer' to ERROR
2026-05-03T18:44:40.720+05:30 DEBUG 24624 --- [SpringSecurity] [  restartedMain] o.s.s.web.DefaultSecurityFilterChain     : Will secure any request with filters: DisableEncodeUrlFilter, WebAsyncManagerIntegrationFilter, SecurityContextHolderFilter, HeaderWriterFilter, LogoutFilter, BasicAuthenticationFilter, RequestCacheAwareFilter, SecurityContextHolderAwareRequestFilter, AnonymousAuthenticationFilter, SessionManagementFilter, ExceptionTranslationFilter, AuthorizationFilter
2026-05-03T18:44:40.880+05:30  INFO 24624 --- [SpringSecurity] [  restartedMain] o.s.boot.tomcat.TomcatWebServer          : Tomcat started on port 8083 (http) with context path '/'
2026-05-03T18:44:40.885+05:30  INFO 24624 --- [SpringSecurity] [  restartedMain] c.v.S.SpringSecurityApplication          : Started SpringSecurityApplication in 1.193 seconds (process running for 1596.824)
2026-05-03T18:44:40.888+05:30  INFO 24624 --- [SpringSecurity] [  restartedMain] .ConditionEvaluationDeltaLoggingListener : Condition evaluation delta:


==========================
CONDITION EVALUATION DELTA
==========================


Positive matches:
-----------------

    None


Negative matches:
-----------------

   ServletWebSecurityAutoConfiguration.EnableWebSecurityConfiguration:
      Did not match:
         - @ConditionalOnMissingBean (names: springSecurityFilterChain; SearchStrategy: all) found beans named springSecurityFilterChain (OnBeanCondition)
      Matched:
         - @ConditionalOnClass found required class 'org.springframework.security.config.annotation.web.configuration.EnableWebSecurity' (OnClassCondition)

   ServletWebSecurityAutoConfiguration.SecurityFilterChainConfiguration:
      Did not match:
         - AllNestedConditions 1 matched 1 did not; NestedCondition on DefaultWebSecurityCondition.Beans @ConditionalOnMissingBean (types: org.springframework.security.web.SecurityFilterChain; SearchStrategy: all) found beans of type 'org.springframework.security.web.SecurityFilterChain' securityFilterChain; NestedCondition on DefaultWebSecurityCondition.Classes @ConditionalOnClass found required classes 'org.springframework.security.web.SecurityFilterChain', 'org.springframework.security.config.annotation.web.builders.HttpSecurity' (DefaultWebSecurityCondition)


Exclusions:
-----------

    None


Unconditional classes:
----------------------

    None



2026-05-03T18:48:35.717+05:30  INFO 24624 --- [SpringSecurity] [   File Watcher] rtingClassPathChangeChangedEventListener : Restarting due to 2 class path changes (0 additions, 0 deletions, 2 modifications)
2026-05-03T18:48:36.253+05:30  INFO 24624 --- [SpringSecurity] [      Thread-13] o.s.boot.tomcat.GracefulShutdown         : Commencing graceful shutdown. Waiting for active requests to complete
2026-05-03T18:48:36.872+05:30  INFO 24624 --- [SpringSecurity] [tomcat-shutdown] o.s.boot.tomcat.GracefulShutdown         : Graceful shutdown complete
2026-05-03T18:48:37.070+05:30  INFO 24624 --- [SpringSecurity] [      Thread-13] j.LocalContainerEntityManagerFactoryBean : Closing JPA EntityManagerFactory for persistence unit 'default'
2026-05-03T18:48:37.233+05:30  INFO 24624 --- [SpringSecurity] [      Thread-13] com.zaxxer.hikari.HikariDataSource       : HikariPool-4 - Shutdown initiated...
2026-05-03T18:48:37.334+05:30  INFO 24624 --- [SpringSecurity] [      Thread-13] com.zaxxer.hikari.HikariDataSource       : HikariPool-4 - Shutdown completed.

  .   ____          _            __ _ _
 /\\ / ___'_ __ _ _(_)_ __  __ _ \ \ \ \
( ( )\___ | '_ | '_| | '_ \/ _` | \ \ \ \
 \\/  ___)| |_)| | | | | || (_| |  ) ) ) )
  '  |____| .__|_| |_|_| |_\__, | / / / /
 =========|_|==============|___/=/_/_/_/

 :: Spring Boot ::                (v4.0.6)

2026-05-03T18:48:38.496+05:30  INFO 24624 --- [SpringSecurity] [  restartedMain] c.v.S.SpringSecurityApplication          : Starting SpringSecurityApplication using Java 25.0.2 with PID 24624 (D:\Git Hub Project\FCT-JAVA\Advance Java\SpringBoot\Spring Boot Security\SpringSecurity\target\classes started by Arnav Gade in D:\Git Hub Project\FCT-JAVA\Advance Java\SpringBoot\Spring Boot Security\SpringSecurity)
2026-05-03T18:48:38.497+05:30  INFO 24624 --- [SpringSecurity] [  restartedMain] c.v.S.SpringSecurityApplication          : No active profile set, falling back to 1 default profile: "default"
2026-05-03T18:48:39.997+05:30  INFO 24624 --- [SpringSecurity] [  restartedMain] .s.d.r.c.RepositoryConfigurationDelegate : Bootstrapping Spring Data JPA repositories in DEFAULT mode.
2026-05-03T18:48:40.189+05:30  INFO 24624 --- [SpringSecurity] [  restartedMain] .s.d.r.c.RepositoryConfigurationDelegate : Finished Spring Data repository scanning in 86 ms. Found 1 JPA repository interface.
2026-05-03T18:48:40.854+05:30  INFO 24624 --- [SpringSecurity] [  restartedMain] o.s.boot.tomcat.TomcatWebServer          : Tomcat initialized with port 8083 (http)
2026-05-03T18:48:40.865+05:30  INFO 24624 --- [SpringSecurity] [  restartedMain] o.apache.catalina.core.StandardService   : Starting service [Tomcat]
2026-05-03T18:48:40.865+05:30  INFO 24624 --- [SpringSecurity] [  restartedMain] o.apache.catalina.core.StandardEngine    : Starting Servlet engine: [Apache Tomcat/11.0.21]
2026-05-03T18:48:40.925+05:30  INFO 24624 --- [SpringSecurity] [  restartedMain] b.w.c.s.WebApplicationContextInitializer : Root WebApplicationContext: initialization completed in 2426 ms
2026-05-03T18:48:41.295+05:30  INFO 24624 --- [SpringSecurity] [  restartedMain] org.hibernate.orm.jpa                    : HHH008540: Processing PersistenceUnitInfo [name: default]
2026-05-03T18:48:41.534+05:30  INFO 24624 --- [SpringSecurity] [  restartedMain] o.s.o.j.p.SpringPersistenceUnitInfo      : No LoadTimeWeaver setup: ignoring JPA class transformer
2026-05-03T18:48:41.548+05:30  INFO 24624 --- [SpringSecurity] [  restartedMain] com.zaxxer.hikari.HikariDataSource       : HikariPool-5 - Starting...
2026-05-03T18:48:41.704+05:30  INFO 24624 --- [SpringSecurity] [  restartedMain] com.zaxxer.hikari.pool.HikariPool        : HikariPool-5 - Added connection com.mysql.cj.jdbc.ConnectionImpl@17a77c5b
2026-05-03T18:48:41.705+05:30  INFO 24624 --- [SpringSecurity] [  restartedMain] com.zaxxer.hikari.HikariDataSource       : HikariPool-5 - Start completed.
2026-05-03T18:48:41.713+05:30  INFO 24624 --- [SpringSecurity] [  restartedMain] org.hibernate.orm.connections.pooling    : HHH10001005: Database info:
	Database JDBC URL [jdbc:mysql://localhost:3306/springsecurity]
	Database driver: MySQL Connector/J
	Database dialect: MySQLDialect
	Database version: 8.0.42
	Default catalog/schema: springsecurity/undefined
	Autocommit mode: undefined/unknown
	Isolation level: REPEATABLE_READ [default REPEATABLE_READ]
	JDBC fetch size: none
	Pool: DataSourceConnectionProvider
	Minimum pool size: undefined/unknown
	Maximum pool size: undefined/unknown
2026-05-03T18:48:41.841+05:30  INFO 24624 --- [SpringSecurity] [  restartedMain] org.hibernate.orm.core                   : HHH000489: No JTA platform available (set 'hibernate.transaction.jta.platform' to enable JTA platform integration)
2026-05-03T18:48:41.859+05:30  INFO 24624 --- [SpringSecurity] [  restartedMain] j.LocalContainerEntityManagerFactoryBean : Initialized JPA EntityManagerFactory for persistence unit 'default'
2026-05-03T18:48:42.063+05:30  WARN 24624 --- [SpringSecurity] [  restartedMain] JpaBaseConfiguration$JpaWebConfiguration : spring.jpa.open-in-view is enabled by default. Therefore, database queries may be performed during view rendering. Explicitly configure spring.jpa.open-in-view to disable this warning
2026-05-03T18:48:42.113+05:30 TRACE 24624 --- [SpringSecurity] [  restartedMain] eGlobalAuthenticationAutowiredConfigurer : Eagerly initializing {securityConfig=com.vedant.SpringSecurity.config.SecurityConfig$$SpringCGLIB$$0@2b7a1cf4}
2026-05-03T18:48:42.118+05:30  INFO 24624 --- [SpringSecurity] [  restartedMain] eAuthenticationProviderManagerConfigurer : Global AuthenticationManager configured with AuthenticationProvider bean with name authenticationProvider
2026-05-03T18:48:42.119+05:30  WARN 24624 --- [SpringSecurity] [  restartedMain] r$InitializeUserDetailsManagerConfigurer : Global AuthenticationManager configured with an AuthenticationProvider bean. UserDetailsService beans will not be used by Spring Security for automatically configuring username/password login. Consider removing the AuthenticationProvider bean. Alternatively, consider using the UserDetailsService in a manually instantiated DaoAuthenticationProvider. If the current configuration is intentional, to turn off this warning, increase the logging level of 'org.springframework.security.config.annotation.authentication.configuration.InitializeUserDetailsBeanManagerConfigurer' to ERROR
2026-05-03T18:48:42.202+05:30 DEBUG 24624 --- [SpringSecurity] [  restartedMain] o.s.s.web.DefaultSecurityFilterChain     : Will secure any request with filters: DisableEncodeUrlFilter, WebAsyncManagerIntegrationFilter, SecurityContextHolderFilter, HeaderWriterFilter, LogoutFilter, BasicAuthenticationFilter, RequestCacheAwareFilter, SecurityContextHolderAwareRequestFilter, AnonymousAuthenticationFilter, SessionManagementFilter, ExceptionTranslationFilter, AuthorizationFilter
2026-05-03T18:48:42.314+05:30  INFO 24624 --- [SpringSecurity] [  restartedMain] o.s.boot.tomcat.TomcatWebServer          : Tomcat started on port 8083 (http) with context path '/'
2026-05-03T18:48:42.319+05:30  INFO 24624 --- [SpringSecurity] [  restartedMain] c.v.S.SpringSecurityApplication          : Started SpringSecurityApplication in 3.888 seconds (process running for 1838.258)
2026-05-03T18:48:42.319+05:30  INFO 24624 --- [SpringSecurity] [  restartedMain] .ConditionEvaluationDeltaLoggingListener : Condition evaluation unchanged
2026-05-03T18:48:43.732+05:30  INFO 24624 --- [SpringSecurity] [   File Watcher] rtingClassPathChangeChangedEventListener : Restarting due to 1 class path change (0 additions, 1 deletion, 0 modifications)
2026-05-03T18:48:43.735+05:30  INFO 24624 --- [SpringSecurity] [      Thread-17] o.s.boot.tomcat.GracefulShutdown         : Commencing graceful shutdown. Waiting for active requests to complete
2026-05-03T18:48:43.765+05:30  INFO 24624 --- [SpringSecurity] [tomcat-shutdown] o.s.boot.tomcat.GracefulShutdown         : Graceful shutdown complete
2026-05-03T18:48:43.767+05:30  INFO 24624 --- [SpringSecurity] [      Thread-17] j.LocalContainerEntityManagerFactoryBean : Closing JPA EntityManagerFactory for persistence unit 'default'
2026-05-03T18:48:43.768+05:30  INFO 24624 --- [SpringSecurity] [      Thread-17] com.zaxxer.hikari.HikariDataSource       : HikariPool-5 - Shutdown initiated...
2026-05-03T18:48:43.781+05:30  INFO 24624 --- [SpringSecurity] [      Thread-17] com.zaxxer.hikari.HikariDataSource       : HikariPool-5 - Shutdown completed.

  .   ____          _            __ _ _
 /\\ / ___'_ __ _ _(_)_ __  __ _ \ \ \ \
( ( )\___ | '_ | '_| | '_ \/ _` | \ \ \ \
 \\/  ___)| |_)| | | | | || (_| |  ) ) ) )
  '  |____| .__|_| |_|_| |_\__, | / / / /
 =========|_|==============|___/=/_/_/_/

 :: Spring Boot ::                (v4.0.6)

2026-05-03T18:48:43.928+05:30  INFO 24624 --- [SpringSecurity] [  restartedMain] c.v.S.SpringSecurityApplication          : Starting SpringSecurityApplication using Java 25.0.2 with PID 24624 (D:\Git Hub Project\FCT-JAVA\Advance Java\SpringBoot\Spring Boot Security\SpringSecurity\target\classes started by Arnav Gade in D:\Git Hub Project\FCT-JAVA\Advance Java\SpringBoot\Spring Boot Security\SpringSecurity)
2026-05-03T18:48:43.929+05:30  INFO 24624 --- [SpringSecurity] [  restartedMain] c.v.S.SpringSecurityApplication          : No active profile set, falling back to 1 default profile: "default"
2026-05-03T18:48:44.180+05:30  INFO 24624 --- [SpringSecurity] [  restartedMain] .s.d.r.c.RepositoryConfigurationDelegate : Bootstrapping Spring Data JPA repositories in DEFAULT mode.
2026-05-03T18:48:44.202+05:30  INFO 24624 --- [SpringSecurity] [  restartedMain] .s.d.r.c.RepositoryConfigurationDelegate : Finished Spring Data repository scanning in 17 ms. Found 1 JPA repository interface.
2026-05-03T18:48:44.358+05:30  INFO 24624 --- [SpringSecurity] [  restartedMain] o.s.boot.tomcat.TomcatWebServer          : Tomcat initialized with port 8083 (http)
2026-05-03T18:48:44.361+05:30  INFO 24624 --- [SpringSecurity] [  restartedMain] o.apache.catalina.core.StandardService   : Starting service [Tomcat]
2026-05-03T18:48:44.361+05:30  INFO 24624 --- [SpringSecurity] [  restartedMain] o.apache.catalina.core.StandardEngine    : Starting Servlet engine: [Apache Tomcat/11.0.21]
2026-05-03T18:48:44.392+05:30  INFO 24624 --- [SpringSecurity] [  restartedMain] b.w.c.s.WebApplicationContextInitializer : Root WebApplicationContext: initialization completed in 460 ms
2026-05-03T18:48:44.442+05:30  INFO 24624 --- [SpringSecurity] [  restartedMain] org.hibernate.orm.jpa                    : HHH008540: Processing PersistenceUnitInfo [name: default]
2026-05-03T18:48:44.479+05:30  INFO 24624 --- [SpringSecurity] [  restartedMain] o.s.o.j.p.SpringPersistenceUnitInfo      : No LoadTimeWeaver setup: ignoring JPA class transformer
2026-05-03T18:48:44.480+05:30  INFO 24624 --- [SpringSecurity] [  restartedMain] com.zaxxer.hikari.HikariDataSource       : HikariPool-6 - Starting...
2026-05-03T18:48:44.501+05:30  INFO 24624 --- [SpringSecurity] [  restartedMain] com.zaxxer.hikari.pool.HikariPool        : HikariPool-6 - Added connection com.mysql.cj.jdbc.ConnectionImpl@404fef53
2026-05-03T18:48:44.501+05:30  INFO 24624 --- [SpringSecurity] [  restartedMain] com.zaxxer.hikari.HikariDataSource       : HikariPool-6 - Start completed.
2026-05-03T18:48:44.503+05:30  INFO 24624 --- [SpringSecurity] [  restartedMain] org.hibernate.orm.connections.pooling    : HHH10001005: Database info:
	Database JDBC URL [jdbc:mysql://localhost:3306/springsecurity]
	Database driver: MySQL Connector/J
	Database dialect: MySQLDialect
	Database version: 8.0.42
	Default catalog/schema: springsecurity/undefined
	Autocommit mode: undefined/unknown
	Isolation level: REPEATABLE_READ [default REPEATABLE_READ]
	JDBC fetch size: none
	Pool: DataSourceConnectionProvider
	Minimum pool size: undefined/unknown
	Maximum pool size: undefined/unknown
2026-05-03T18:48:44.551+05:30  INFO 24624 --- [SpringSecurity] [  restartedMain] org.hibernate.orm.core                   : HHH000489: No JTA platform available (set 'hibernate.transaction.jta.platform' to enable JTA platform integration)
2026-05-03T18:48:44.568+05:30  INFO 24624 --- [SpringSecurity] [  restartedMain] j.LocalContainerEntityManagerFactoryBean : Initialized JPA EntityManagerFactory for persistence unit 'default'
2026-05-03T18:48:44.724+05:30  WARN 24624 --- [SpringSecurity] [  restartedMain] ConfigServletWebServerApplicationContext : Exception encountered during context initialization - cancelling refresh attempt: org.springframework.beans.factory.UnsatisfiedDependencyException: Error creating bean with name 'userController': Unsatisfied dependency expressed through field 'service': No qualifying bean of type 'com.vedant.SpringSecurity.service.UserService' available: expected at least 1 bean which qualifies as autowire candidate. Dependency annotations: {@org.springframework.beans.factory.annotation.Autowired(required=true)}
2026-05-03T18:48:44.724+05:30  INFO 24624 --- [SpringSecurity] [  restartedMain] j.LocalContainerEntityManagerFactoryBean : Closing JPA EntityManagerFactory for persistence unit 'default'
2026-05-03T18:48:44.725+05:30  INFO 24624 --- [SpringSecurity] [  restartedMain] com.zaxxer.hikari.HikariDataSource       : HikariPool-6 - Shutdown initiated...
2026-05-03T18:48:44.787+05:30  INFO 24624 --- [SpringSecurity] [  restartedMain] com.zaxxer.hikari.HikariDataSource       : HikariPool-6 - Shutdown completed.
2026-05-03T18:48:44.789+05:30  INFO 24624 --- [SpringSecurity] [  restartedMain] o.apache.catalina.core.StandardService   : Stopping service [Tomcat]
2026-05-03T18:48:44.795+05:30  INFO 24624 --- [SpringSecurity] [  restartedMain] .s.b.a.l.ConditionEvaluationReportLogger : 

Error starting ApplicationContext. To display the condition evaluation report re-run your application with 'debug' enabled.
2026-05-03T18:48:44.857+05:30 ERROR 24624 --- [SpringSecurity] [  restartedMain] o.s.b.d.LoggingFailureAnalysisReporter   : 

***************************
APPLICATION FAILED TO START
***************************

Description:

Field service in com.vedant.SpringSecurity.controller.UserController required a bean of type 'com.vedant.SpringSecurity.service.UserService' that could not be found.

The injection point has the following annotations:
	- @org.springframework.beans.factory.annotation.Autowired(required=true)


Action:

Consider defining a bean of type 'com.vedant.SpringSecurity.service.UserService' in your configuration.


  .   ____          _            __ _ _
 /\\ / ___'_ __ _ _(_)_ __  __ _ \ \ \ \
( ( )\___ | '_ | '_| | '_ \/ _` | \ \ \ \
 \\/  ___)| |_)| | | | | || (_| |  ) ) ) )
  '  |____| .__|_| |_|_| |_\__, | / / / /
 =========|_|==============|___/=/_/_/_/

 :: Spring Boot ::                (v4.0.6)

2026-05-03T18:48:46.340+05:30  INFO 24624 --- [SpringSecurity] [  restartedMain] c.v.S.SpringSecurityApplication          : Starting SpringSecurityApplication using Java 25.0.2 with PID 24624 (D:\Git Hub Project\FCT-JAVA\Advance Java\SpringBoot\Spring Boot Security\SpringSecurity\target\classes started by Arnav Gade in D:\Git Hub Project\FCT-JAVA\Advance Java\SpringBoot\Spring Boot Security\SpringSecurity)
2026-05-03T18:48:46.340+05:30  INFO 24624 --- [SpringSecurity] [  restartedMain] c.v.S.SpringSecurityApplication          : No active profile set, falling back to 1 default profile: "default"
2026-05-03T18:48:46.665+05:30  INFO 24624 --- [SpringSecurity] [  restartedMain] .s.d.r.c.RepositoryConfigurationDelegate : Bootstrapping Spring Data JPA repositories in DEFAULT mode.
2026-05-03T18:48:46.697+05:30  INFO 24624 --- [SpringSecurity] [  restartedMain] .s.d.r.c.RepositoryConfigurationDelegate : Finished Spring Data repository scanning in 27 ms. Found 1 JPA repository interface.
2026-05-03T18:48:46.926+05:30  INFO 24624 --- [SpringSecurity] [  restartedMain] o.s.boot.tomcat.TomcatWebServer          : Tomcat initialized with port 8083 (http)
2026-05-03T18:48:46.927+05:30  INFO 24624 --- [SpringSecurity] [  restartedMain] o.apache.catalina.core.StandardService   : Starting service [Tomcat]
2026-05-03T18:48:46.927+05:30  INFO 24624 --- [SpringSecurity] [  restartedMain] o.apache.catalina.core.StandardEngine    : Starting Servlet engine: [Apache Tomcat/11.0.21]
2026-05-03T18:48:46.997+05:30  INFO 24624 --- [SpringSecurity] [  restartedMain] b.w.c.s.WebApplicationContextInitializer : Root WebApplicationContext: initialization completed in 653 ms
2026-05-03T18:48:47.285+05:30  INFO 24624 --- [SpringSecurity] [  restartedMain] org.hibernate.orm.jpa                    : HHH008540: Processing PersistenceUnitInfo [name: default]
2026-05-03T18:48:47.625+05:30  INFO 24624 --- [SpringSecurity] [  restartedMain] o.s.o.j.p.SpringPersistenceUnitInfo      : No LoadTimeWeaver setup: ignoring JPA class transformer
2026-05-03T18:48:47.627+05:30  INFO 24624 --- [SpringSecurity] [  restartedMain] com.zaxxer.hikari.HikariDataSource       : HikariPool-7 - Starting...
2026-05-03T18:48:47.660+05:30  INFO 24624 --- [SpringSecurity] [  restartedMain] com.zaxxer.hikari.pool.HikariPool        : HikariPool-7 - Added connection com.mysql.cj.jdbc.ConnectionImpl@61a4b23f
2026-05-03T18:48:47.660+05:30  INFO 24624 --- [SpringSecurity] [  restartedMain] com.zaxxer.hikari.HikariDataSource       : HikariPool-7 - Start completed.
2026-05-03T18:48:47.661+05:30  INFO 24624 --- [SpringSecurity] [  restartedMain] org.hibernate.orm.connections.pooling    : HHH10001005: Database info:
	Database JDBC URL [jdbc:mysql://localhost:3306/springsecurity]
	Database driver: MySQL Connector/J
	Database dialect: MySQLDialect
	Database version: 8.0.42
	Default catalog/schema: springsecurity/undefined
	Autocommit mode: undefined/unknown
	Isolation level: REPEATABLE_READ [default REPEATABLE_READ]
	JDBC fetch size: none
	Pool: DataSourceConnectionProvider
	Minimum pool size: undefined/unknown
	Maximum pool size: undefined/unknown
2026-05-03T18:48:47.872+05:30  INFO 24624 --- [SpringSecurity] [  restartedMain] org.hibernate.orm.core                   : HHH000489: No JTA platform available (set 'hibernate.transaction.jta.platform' to enable JTA platform integration)
2026-05-03T18:48:47.884+05:30  INFO 24624 --- [SpringSecurity] [  restartedMain] j.LocalContainerEntityManagerFactoryBean : Initialized JPA EntityManagerFactory for persistence unit 'default'
2026-05-03T18:48:48.220+05:30  WARN 24624 --- [SpringSecurity] [  restartedMain] JpaBaseConfiguration$JpaWebConfiguration : spring.jpa.open-in-view is enabled by default. Therefore, database queries may be performed during view rendering. Explicitly configure spring.jpa.open-in-view to disable this warning
2026-05-03T18:48:48.262+05:30 TRACE 24624 --- [SpringSecurity] [  restartedMain] eGlobalAuthenticationAutowiredConfigurer : Eagerly initializing {securityConfig=com.vedant.SpringSecurity.config.SecurityConfig$$SpringCGLIB$$0@56d7e132}
2026-05-03T18:48:48.265+05:30  INFO 24624 --- [SpringSecurity] [  restartedMain] eAuthenticationProviderManagerConfigurer : Global AuthenticationManager configured with AuthenticationProvider bean with name authenticationProvider
2026-05-03T18:48:48.266+05:30  WARN 24624 --- [SpringSecurity] [  restartedMain] r$InitializeUserDetailsManagerConfigurer : Global AuthenticationManager configured with an AuthenticationProvider bean. UserDetailsService beans will not be used by Spring Security for automatically configuring username/password login. Consider removing the AuthenticationProvider bean. Alternatively, consider using the UserDetailsService in a manually instantiated DaoAuthenticationProvider. If the current configuration is intentional, to turn off this warning, increase the logging level of 'org.springframework.security.config.annotation.authentication.configuration.InitializeUserDetailsBeanManagerConfigurer' to ERROR
2026-05-03T18:48:48.365+05:30 DEBUG 24624 --- [SpringSecurity] [  restartedMain] o.s.s.web.DefaultSecurityFilterChain     : Will secure any request with filters: DisableEncodeUrlFilter, WebAsyncManagerIntegrationFilter, SecurityContextHolderFilter, HeaderWriterFilter, LogoutFilter, BasicAuthenticationFilter, RequestCacheAwareFilter, SecurityContextHolderAwareRequestFilter, AnonymousAuthenticationFilter, SessionManagementFilter, ExceptionTranslationFilter, AuthorizationFilter
2026-05-03T18:48:48.454+05:30  INFO 24624 --- [SpringSecurity] [  restartedMain] o.s.boot.tomcat.TomcatWebServer          : Tomcat started on port 8083 (http) with context path '/'
2026-05-03T18:48:48.457+05:30  INFO 24624 --- [SpringSecurity] [  restartedMain] c.v.S.SpringSecurityApplication          : Started SpringSecurityApplication in 2.162 seconds (process running for 1844.397)
2026-05-03T18:48:48.459+05:30  INFO 24624 --- [SpringSecurity] [  restartedMain] .ConditionEvaluationDeltaLoggingListener : Condition evaluation unchanged
2026-05-03T18:52:23.275+05:30  INFO 24624 --- [SpringSecurity] [   File Watcher] rtingClassPathChangeChangedEventListener : Restarting due to 1 class path change (0 additions, 0 deletions, 1 modification)
2026-05-03T18:52:23.397+05:30  INFO 24624 --- [SpringSecurity] [      Thread-21] o.s.boot.tomcat.GracefulShutdown         : Commencing graceful shutdown. Waiting for active requests to complete
2026-05-03T18:52:23.452+05:30  INFO 24624 --- [SpringSecurity] [tomcat-shutdown] o.s.boot.tomcat.GracefulShutdown         : Graceful shutdown complete
2026-05-03T18:52:23.513+05:30  INFO 24624 --- [SpringSecurity] [      Thread-21] j.LocalContainerEntityManagerFactoryBean : Closing JPA EntityManagerFactory for persistence unit 'default'
2026-05-03T18:52:23.572+05:30  INFO 24624 --- [SpringSecurity] [      Thread-21] com.zaxxer.hikari.HikariDataSource       : HikariPool-7 - Shutdown initiated...
2026-05-03T18:52:23.654+05:30  INFO 24624 --- [SpringSecurity] [      Thread-21] com.zaxxer.hikari.HikariDataSource       : HikariPool-7 - Shutdown completed.

  .   ____          _            __ _ _
 /\\ / ___'_ __ _ _(_)_ __  __ _ \ \ \ \
( ( )\___ | '_ | '_| | '_ \/ _` | \ \ \ \
 \\/  ___)| |_)| | | | | || (_| |  ) ) ) )
  '  |____| .__|_| |_|_| |_\__, | / / / /
 =========|_|==============|___/=/_/_/_/

 :: Spring Boot ::                (v4.0.6)

2026-05-03T18:52:24.685+05:30  INFO 24624 --- [SpringSecurity] [  restartedMain] c.v.S.SpringSecurityApplication          : Starting SpringSecurityApplication using Java 25.0.2 with PID 24624 (D:\Git Hub Project\FCT-JAVA\Advance Java\SpringBoot\Spring Boot Security\SpringSecurity\target\classes started by Arnav Gade in D:\Git Hub Project\FCT-JAVA\Advance Java\SpringBoot\Spring Boot Security\SpringSecurity)
2026-05-03T18:52:24.686+05:30  INFO 24624 --- [SpringSecurity] [  restartedMain] c.v.S.SpringSecurityApplication          : No active profile set, falling back to 1 default profile: "default"
2026-05-03T18:52:26.276+05:30  INFO 24624 --- [SpringSecurity] [  restartedMain] .s.d.r.c.RepositoryConfigurationDelegate : Bootstrapping Spring Data JPA repositories in DEFAULT mode.
2026-05-03T18:52:26.316+05:30  INFO 24624 --- [SpringSecurity] [  restartedMain] .s.d.r.c.RepositoryConfigurationDelegate : Finished Spring Data repository scanning in 35 ms. Found 1 JPA repository interface.
2026-05-03T18:52:27.257+05:30  INFO 24624 --- [SpringSecurity] [  restartedMain] o.s.boot.tomcat.TomcatWebServer          : Tomcat initialized with port 8083 (http)
2026-05-03T18:52:27.265+05:30  INFO 24624 --- [SpringSecurity] [  restartedMain] o.apache.catalina.core.StandardService   : Starting service [Tomcat]
2026-05-03T18:52:27.265+05:30  INFO 24624 --- [SpringSecurity] [  restartedMain] o.apache.catalina.core.StandardEngine    : Starting Servlet engine: [Apache Tomcat/11.0.21]
2026-05-03T18:52:27.340+05:30  INFO 24624 --- [SpringSecurity] [  restartedMain] b.w.c.s.WebApplicationContextInitializer : Root WebApplicationContext: initialization completed in 2627 ms
2026-05-03T18:52:27.428+05:30  INFO 24624 --- [SpringSecurity] [  restartedMain] org.hibernate.orm.jpa                    : HHH008540: Processing PersistenceUnitInfo [name: default]
2026-05-03T18:52:27.483+05:30  INFO 24624 --- [SpringSecurity] [  restartedMain] o.s.o.j.p.SpringPersistenceUnitInfo      : No LoadTimeWeaver setup: ignoring JPA class transformer
2026-05-03T18:52:27.485+05:30  INFO 24624 --- [SpringSecurity] [  restartedMain] com.zaxxer.hikari.HikariDataSource       : HikariPool-8 - Starting...
2026-05-03T18:52:27.525+05:30  INFO 24624 --- [SpringSecurity] [  restartedMain] com.zaxxer.hikari.pool.HikariPool        : HikariPool-8 - Added connection com.mysql.cj.jdbc.ConnectionImpl@77574ea0
2026-05-03T18:52:27.525+05:30  INFO 24624 --- [SpringSecurity] [  restartedMain] com.zaxxer.hikari.HikariDataSource       : HikariPool-8 - Start completed.
2026-05-03T18:52:27.532+05:30  INFO 24624 --- [SpringSecurity] [  restartedMain] org.hibernate.orm.connections.pooling    : HHH10001005: Database info:
	Database JDBC URL [jdbc:mysql://localhost:3306/springsecurity]
	Database driver: MySQL Connector/J
	Database dialect: MySQLDialect
	Database version: 8.0.42
	Default catalog/schema: springsecurity/undefined
	Autocommit mode: undefined/unknown
	Isolation level: REPEATABLE_READ [default REPEATABLE_READ]
	JDBC fetch size: none
	Pool: DataSourceConnectionProvider
	Minimum pool size: undefined/unknown
	Maximum pool size: undefined/unknown
2026-05-03T18:52:27.603+05:30  INFO 24624 --- [SpringSecurity] [  restartedMain] org.hibernate.orm.core                   : HHH000489: No JTA platform available (set 'hibernate.transaction.jta.platform' to enable JTA platform integration)
2026-05-03T18:52:27.630+05:30  INFO 24624 --- [SpringSecurity] [  restartedMain] j.LocalContainerEntityManagerFactoryBean : Initialized JPA EntityManagerFactory for persistence unit 'default'
2026-05-03T18:52:27.816+05:30  WARN 24624 --- [SpringSecurity] [  restartedMain] JpaBaseConfiguration$JpaWebConfiguration : spring.jpa.open-in-view is enabled by default. Therefore, database queries may be performed during view rendering. Explicitly configure spring.jpa.open-in-view to disable this warning
2026-05-03T18:52:27.890+05:30 TRACE 24624 --- [SpringSecurity] [  restartedMain] eGlobalAuthenticationAutowiredConfigurer : Eagerly initializing {securityConfig=com.vedant.SpringSecurity.config.SecurityConfig$$SpringCGLIB$$0@58296d59}
2026-05-03T18:52:27.894+05:30  INFO 24624 --- [SpringSecurity] [  restartedMain] eAuthenticationProviderManagerConfigurer : Global AuthenticationManager configured with AuthenticationProvider bean with name authenticationProvider
2026-05-03T18:52:27.894+05:30  WARN 24624 --- [SpringSecurity] [  restartedMain] r$InitializeUserDetailsManagerConfigurer : Global AuthenticationManager configured with an AuthenticationProvider bean. UserDetailsService beans will not be used by Spring Security for automatically configuring username/password login. Consider removing the AuthenticationProvider bean. Alternatively, consider using the UserDetailsService in a manually instantiated DaoAuthenticationProvider. If the current configuration is intentional, to turn off this warning, increase the logging level of 'org.springframework.security.config.annotation.authentication.configuration.InitializeUserDetailsBeanManagerConfigurer' to ERROR
2026-05-03T18:52:27.999+05:30 DEBUG 24624 --- [SpringSecurity] [  restartedMain] o.s.s.web.DefaultSecurityFilterChain     : Will secure any request with filters: DisableEncodeUrlFilter, WebAsyncManagerIntegrationFilter, SecurityContextHolderFilter, HeaderWriterFilter, LogoutFilter, BasicAuthenticationFilter, RequestCacheAwareFilter, SecurityContextHolderAwareRequestFilter, AnonymousAuthenticationFilter, SessionManagementFilter, ExceptionTranslationFilter, AuthorizationFilter
2026-05-03T18:52:28.240+05:30  INFO 24624 --- [SpringSecurity] [  restartedMain] o.s.boot.tomcat.TomcatWebServer          : Tomcat started on port 8083 (http) with context path '/'
2026-05-03T18:52:28.247+05:30  INFO 24624 --- [SpringSecurity] [  restartedMain] c.v.S.SpringSecurityApplication          : Started SpringSecurityApplication in 3.73 seconds (process running for 2064.187)
2026-05-03T18:52:28.249+05:30  INFO 24624 --- [SpringSecurity] [  restartedMain] .ConditionEvaluationDeltaLoggingListener : Condition evaluation unchanged
2026-05-03T18:52:46.925+05:30  INFO 24624 --- [SpringSecurity] [   File Watcher] rtingClassPathChangeChangedEventListener : Restarting due to 1 class path change (0 additions, 1 deletion, 0 modifications)
2026-05-03T18:52:46.946+05:30  INFO 24624 --- [SpringSecurity] [      Thread-28] o.s.boot.tomcat.GracefulShutdown         : Commencing graceful shutdown. Waiting for active requests to complete
2026-05-03T18:52:47.076+05:30  INFO 24624 --- [SpringSecurity] [tomcat-shutdown] o.s.boot.tomcat.GracefulShutdown         : Graceful shutdown complete
2026-05-03T18:52:47.081+05:30  INFO 24624 --- [SpringSecurity] [      Thread-28] j.LocalContainerEntityManagerFactoryBean : Closing JPA EntityManagerFactory for persistence unit 'default'
2026-05-03T18:52:47.082+05:30  INFO 24624 --- [SpringSecurity] [      Thread-28] com.zaxxer.hikari.HikariDataSource       : HikariPool-8 - Shutdown initiated...
2026-05-03T18:52:47.092+05:30  INFO 24624 --- [SpringSecurity] [      Thread-28] com.zaxxer.hikari.HikariDataSource       : HikariPool-8 - Shutdown completed.

  .   ____          _            __ _ _
 /\\ / ___'_ __ _ _(_)_ __  __ _ \ \ \ \
( ( )\___ | '_ | '_| | '_ \/ _` | \ \ \ \
 \\/  ___)| |_)| | | | | || (_| |  ) ) ) )
  '  |____| .__|_| |_|_| |_\__, | / / / /
 =========|_|==============|___/=/_/_/_/

 :: Spring Boot ::                (v4.0.6)

2026-05-03T18:52:47.193+05:30  INFO 24624 --- [SpringSecurity] [  restartedMain] c.v.S.SpringSecurityApplication          : Starting SpringSecurityApplication using Java 25.0.2 with PID 24624 (D:\Git Hub Project\FCT-JAVA\Advance Java\SpringBoot\Spring Boot Security\SpringSecurity\target\classes started by Arnav Gade in D:\Git Hub Project\FCT-JAVA\Advance Java\SpringBoot\Spring Boot Security\SpringSecurity)
2026-05-03T18:52:47.194+05:30  INFO 24624 --- [SpringSecurity] [  restartedMain] c.v.S.SpringSecurityApplication          : No active profile set, falling back to 1 default profile: "default"
2026-05-03T18:52:47.774+05:30  INFO 24624 --- [SpringSecurity] [  restartedMain] .s.d.r.c.RepositoryConfigurationDelegate : Bootstrapping Spring Data JPA repositories in DEFAULT mode.
2026-05-03T18:52:47.792+05:30  INFO 24624 --- [SpringSecurity] [  restartedMain] .s.d.r.c.RepositoryConfigurationDelegate : Finished Spring Data repository scanning in 16 ms. Found 1 JPA repository interface.
2026-05-03T18:52:48.219+05:30  INFO 24624 --- [SpringSecurity] [  restartedMain] o.s.boot.tomcat.TomcatWebServer          : Tomcat initialized with port 8083 (http)
2026-05-03T18:52:48.221+05:30  INFO 24624 --- [SpringSecurity] [  restartedMain] o.apache.catalina.core.StandardService   : Starting service [Tomcat]
2026-05-03T18:52:48.222+05:30  INFO 24624 --- [SpringSecurity] [  restartedMain] o.apache.catalina.core.StandardEngine    : Starting Servlet engine: [Apache Tomcat/11.0.21]
2026-05-03T18:52:48.272+05:30  INFO 24624 --- [SpringSecurity] [  restartedMain] b.w.c.s.WebApplicationContextInitializer : Root WebApplicationContext: initialization completed in 1074 ms
2026-05-03T18:52:48.331+05:30  INFO 24624 --- [SpringSecurity] [  restartedMain] org.hibernate.orm.jpa                    : HHH008540: Processing PersistenceUnitInfo [name: default]
2026-05-03T18:52:48.379+05:30  INFO 24624 --- [SpringSecurity] [  restartedMain] o.s.o.j.p.SpringPersistenceUnitInfo      : No LoadTimeWeaver setup: ignoring JPA class transformer
2026-05-03T18:52:48.380+05:30  INFO 24624 --- [SpringSecurity] [  restartedMain] com.zaxxer.hikari.HikariDataSource       : HikariPool-9 - Starting...
2026-05-03T18:52:48.409+05:30  INFO 24624 --- [SpringSecurity] [  restartedMain] com.zaxxer.hikari.pool.HikariPool        : HikariPool-9 - Added connection com.mysql.cj.jdbc.ConnectionImpl@18e67bbc
2026-05-03T18:52:48.409+05:30  INFO 24624 --- [SpringSecurity] [  restartedMain] com.zaxxer.hikari.HikariDataSource       : HikariPool-9 - Start completed.
2026-05-03T18:52:48.411+05:30  INFO 24624 --- [SpringSecurity] [  restartedMain] org.hibernate.orm.connections.pooling    : HHH10001005: Database info:
	Database JDBC URL [jdbc:mysql://localhost:3306/springsecurity]
	Database driver: MySQL Connector/J
	Database dialect: MySQLDialect
	Database version: 8.0.42
	Default catalog/schema: springsecurity/undefined
	Autocommit mode: undefined/unknown
	Isolation level: REPEATABLE_READ [default REPEATABLE_READ]
	JDBC fetch size: none
	Pool: DataSourceConnectionProvider
	Minimum pool size: undefined/unknown
	Maximum pool size: undefined/unknown
2026-05-03T18:52:48.465+05:30  INFO 24624 --- [SpringSecurity] [  restartedMain] org.hibernate.orm.core                   : HHH000489: No JTA platform available (set 'hibernate.transaction.jta.platform' to enable JTA platform integration)
2026-05-03T18:52:48.482+05:30  INFO 24624 --- [SpringSecurity] [  restartedMain] j.LocalContainerEntityManagerFactoryBean : Initialized JPA EntityManagerFactory for persistence unit 'default'
2026-05-03T18:52:48.603+05:30  WARN 24624 --- [SpringSecurity] [  restartedMain] JpaBaseConfiguration$JpaWebConfiguration : spring.jpa.open-in-view is enabled by default. Therefore, database queries may be performed during view rendering. Explicitly configure spring.jpa.open-in-view to disable this warning
2026-05-03T18:52:48.756+05:30 TRACE 24624 --- [SpringSecurity] [  restartedMain] eGlobalAuthenticationAutowiredConfigurer : Eagerly initializing {org.springframework.boot.security.autoconfigure.web.servlet.ServletWebSecurityAutoConfiguration$EnableWebSecurityConfiguration=org.springframework.boot.security.autoconfigure.web.servlet.ServletWebSecurityAutoConfiguration$EnableWebSecurityConfiguration@2dfd2412}
2026-05-03T18:52:48.761+05:30  INFO 24624 --- [SpringSecurity] [  restartedMain] r$InitializeUserDetailsManagerConfigurer : Global AuthenticationManager configured with UserDetailsService bean with name myUserDetailsService
2026-05-03T18:52:48.838+05:30 DEBUG 24624 --- [SpringSecurity] [  restartedMain] o.s.s.web.DefaultSecurityFilterChain     : Will secure any request with filters: DisableEncodeUrlFilter, WebAsyncManagerIntegrationFilter, SecurityContextHolderFilter, HeaderWriterFilter, CsrfFilter, LogoutFilter, UsernamePasswordAuthenticationFilter, DefaultResourcesFilter, DefaultLoginPageGeneratingFilter, DefaultLogoutPageGeneratingFilter, BasicAuthenticationFilter, RequestCacheAwareFilter, SecurityContextHolderAwareRequestFilter, AnonymousAuthenticationFilter, ExceptionTranslationFilter, AuthorizationFilter
2026-05-03T18:52:48.873+05:30  INFO 24624 --- [SpringSecurity] [  restartedMain] o.s.boot.tomcat.TomcatWebServer          : Tomcat started on port 8083 (http) with context path '/'
2026-05-03T18:52:48.877+05:30  INFO 24624 --- [SpringSecurity] [  restartedMain] c.v.S.SpringSecurityApplication          : Started SpringSecurityApplication in 1.718 seconds (process running for 2084.816)
2026-05-03T18:52:48.879+05:30  INFO 24624 --- [SpringSecurity] [  restartedMain] .ConditionEvaluationDeltaLoggingListener : Condition evaluation delta:


==========================
CONDITION EVALUATION DELTA
==========================


Positive matches:
-----------------

   ServletWebSecurityAutoConfiguration.EnableWebSecurityConfiguration matched:
      - @ConditionalOnClass found required class 'org.springframework.security.config.annotation.web.configuration.EnableWebSecurity' (OnClassCondition)
      - @ConditionalOnMissingBean (names: springSecurityFilterChain; SearchStrategy: all) did not find any beans (OnBeanCondition)

   ServletWebSecurityAutoConfiguration.SecurityFilterChainConfiguration matched:
      - AllNestedConditions 2 matched 0 did not; NestedCondition on DefaultWebSecurityCondition.Beans @ConditionalOnMissingBean (types: org.springframework.security.web.SecurityFilterChain; SearchStrategy: all) did not find any beans; NestedCondition on DefaultWebSecurityCondition.Classes @ConditionalOnClass found required classes 'org.springframework.security.web.SecurityFilterChain', 'org.springframework.security.config.annotation.web.builders.HttpSecurity' (DefaultWebSecurityCondition)


Negative matches:
-----------------

    None


Exclusions:
-----------

    None


Unconditional classes:
----------------------

    None



2026-05-03T18:52:50.169+05:30  INFO 24624 --- [SpringSecurity] [   File Watcher] rtingClassPathChangeChangedEventListener : Restarting due to 1 class path change (1 addition, 0 deletions, 0 modifications)
2026-05-03T18:52:50.171+05:30  INFO 24624 --- [SpringSecurity] [      Thread-32] o.s.boot.tomcat.GracefulShutdown         : Commencing graceful shutdown. Waiting for active requests to complete
2026-05-03T18:52:50.200+05:30  INFO 24624 --- [SpringSecurity] [tomcat-shutdown] o.s.boot.tomcat.GracefulShutdown         : Graceful shutdown complete
2026-05-03T18:52:50.202+05:30  INFO 24624 --- [SpringSecurity] [      Thread-32] j.LocalContainerEntityManagerFactoryBean : Closing JPA EntityManagerFactory for persistence unit 'default'
2026-05-03T18:52:50.202+05:30  INFO 24624 --- [SpringSecurity] [      Thread-32] com.zaxxer.hikari.HikariDataSource       : HikariPool-9 - Shutdown initiated...
2026-05-03T18:52:50.214+05:30  INFO 24624 --- [SpringSecurity] [      Thread-32] com.zaxxer.hikari.HikariDataSource       : HikariPool-9 - Shutdown completed.

  .   ____          _            __ _ _
 /\\ / ___'_ __ _ _(_)_ __  __ _ \ \ \ \
( ( )\___ | '_ | '_| | '_ \/ _` | \ \ \ \
 \\/  ___)| |_)| | | | | || (_| |  ) ) ) )
  '  |____| .__|_| |_|_| |_\__, | / / / /
 =========|_|==============|___/=/_/_/_/

 :: Spring Boot ::                (v4.0.6)

2026-05-03T18:52:50.355+05:30  INFO 24624 --- [SpringSecurity] [  restartedMain] c.v.S.SpringSecurityApplication          : Starting SpringSecurityApplication using Java 25.0.2 with PID 24624 (D:\Git Hub Project\FCT-JAVA\Advance Java\SpringBoot\Spring Boot Security\SpringSecurity\target\classes started by Arnav Gade in D:\Git Hub Project\FCT-JAVA\Advance Java\SpringBoot\Spring Boot Security\SpringSecurity)
2026-05-03T18:52:50.357+05:30  INFO 24624 --- [SpringSecurity] [  restartedMain] c.v.S.SpringSecurityApplication          : No active profile set, falling back to 1 default profile: "default"
2026-05-03T18:52:50.948+05:30  INFO 24624 --- [SpringSecurity] [  restartedMain] .s.d.r.c.RepositoryConfigurationDelegate : Bootstrapping Spring Data JPA repositories in DEFAULT mode.
2026-05-03T18:52:50.959+05:30  INFO 24624 --- [SpringSecurity] [  restartedMain] .s.d.r.c.RepositoryConfigurationDelegate : Finished Spring Data repository scanning in 9 ms. Found 1 JPA repository interface.
2026-05-03T18:52:51.202+05:30  INFO 24624 --- [SpringSecurity] [  restartedMain] o.s.boot.tomcat.TomcatWebServer          : Tomcat initialized with port 8083 (http)
2026-05-03T18:52:51.203+05:30  INFO 24624 --- [SpringSecurity] [  restartedMain] o.apache.catalina.core.StandardService   : Starting service [Tomcat]
2026-05-03T18:52:51.203+05:30  INFO 24624 --- [SpringSecurity] [  restartedMain] o.apache.catalina.core.StandardEngine    : Starting Servlet engine: [Apache Tomcat/11.0.21]
2026-05-03T18:52:51.267+05:30  INFO 24624 --- [SpringSecurity] [  restartedMain] b.w.c.s.WebApplicationContextInitializer : Root WebApplicationContext: initialization completed in 906 ms
2026-05-03T18:52:51.338+05:30  INFO 24624 --- [SpringSecurity] [  restartedMain] org.hibernate.orm.jpa                    : HHH008540: Processing PersistenceUnitInfo [name: default]
2026-05-03T18:52:51.405+05:30  INFO 24624 --- [SpringSecurity] [  restartedMain] o.s.o.j.p.SpringPersistenceUnitInfo      : No LoadTimeWeaver setup: ignoring JPA class transformer
2026-05-03T18:52:51.410+05:30  INFO 24624 --- [SpringSecurity] [  restartedMain] com.zaxxer.hikari.HikariDataSource       : HikariPool-10 - Starting...
2026-05-03T18:52:51.445+05:30  INFO 24624 --- [SpringSecurity] [  restartedMain] com.zaxxer.hikari.pool.HikariPool        : HikariPool-10 - Added connection com.mysql.cj.jdbc.ConnectionImpl@72d15b6b
2026-05-03T18:52:51.445+05:30  INFO 24624 --- [SpringSecurity] [  restartedMain] com.zaxxer.hikari.HikariDataSource       : HikariPool-10 - Start completed.
2026-05-03T18:52:51.447+05:30  INFO 24624 --- [SpringSecurity] [  restartedMain] org.hibernate.orm.connections.pooling    : HHH10001005: Database info:
	Database JDBC URL [jdbc:mysql://localhost:3306/springsecurity]
	Database driver: MySQL Connector/J
	Database dialect: MySQLDialect
	Database version: 8.0.42
	Default catalog/schema: springsecurity/undefined
	Autocommit mode: undefined/unknown
	Isolation level: REPEATABLE_READ [default REPEATABLE_READ]
	JDBC fetch size: none
	Pool: DataSourceConnectionProvider
	Minimum pool size: undefined/unknown
	Maximum pool size: undefined/unknown
2026-05-03T18:52:51.535+05:30  INFO 24624 --- [SpringSecurity] [  restartedMain] org.hibernate.orm.core                   : HHH000489: No JTA platform available (set 'hibernate.transaction.jta.platform' to enable JTA platform integration)
2026-05-03T18:52:51.570+05:30  INFO 24624 --- [SpringSecurity] [  restartedMain] j.LocalContainerEntityManagerFactoryBean : Initialized JPA EntityManagerFactory for persistence unit 'default'
2026-05-03T18:52:51.809+05:30  WARN 24624 --- [SpringSecurity] [  restartedMain] JpaBaseConfiguration$JpaWebConfiguration : spring.jpa.open-in-view is enabled by default. Therefore, database queries may be performed during view rendering. Explicitly configure spring.jpa.open-in-view to disable this warning
2026-05-03T18:52:51.891+05:30 TRACE 24624 --- [SpringSecurity] [  restartedMain] eGlobalAuthenticationAutowiredConfigurer : Eagerly initializing {securityConfig=com.vedant.SpringSecurity.config.SecurityConfig$$SpringCGLIB$$0@578bdfd9}
2026-05-03T18:52:51.896+05:30  INFO 24624 --- [SpringSecurity] [  restartedMain] eAuthenticationProviderManagerConfigurer : Global AuthenticationManager configured with AuthenticationProvider bean with name authenticationProvider
2026-05-03T18:52:51.897+05:30  WARN 24624 --- [SpringSecurity] [  restartedMain] r$InitializeUserDetailsManagerConfigurer : Global AuthenticationManager configured with an AuthenticationProvider bean. UserDetailsService beans will not be used by Spring Security for automatically configuring username/password login. Consider removing the AuthenticationProvider bean. Alternatively, consider using the UserDetailsService in a manually instantiated DaoAuthenticationProvider. If the current configuration is intentional, to turn off this warning, increase the logging level of 'org.springframework.security.config.annotation.authentication.configuration.InitializeUserDetailsBeanManagerConfigurer' to ERROR
2026-05-03T18:52:52.070+05:30 DEBUG 24624 --- [SpringSecurity] [  restartedMain] o.s.s.web.DefaultSecurityFilterChain     : Will secure any request with filters: DisableEncodeUrlFilter, WebAsyncManagerIntegrationFilter, SecurityContextHolderFilter, HeaderWriterFilter, LogoutFilter, BasicAuthenticationFilter, RequestCacheAwareFilter, SecurityContextHolderAwareRequestFilter, AnonymousAuthenticationFilter, SessionManagementFilter, ExceptionTranslationFilter, AuthorizationFilter
2026-05-03T18:52:52.434+05:30  INFO 24624 --- [SpringSecurity] [  restartedMain] o.s.boot.tomcat.TomcatWebServer          : Tomcat started on port 8083 (http) with context path '/'
2026-05-03T18:52:52.445+05:30  INFO 24624 --- [SpringSecurity] [  restartedMain] c.v.S.SpringSecurityApplication          : Started SpringSecurityApplication in 2.141 seconds (process running for 2088.384)
2026-05-03T18:52:52.446+05:30  INFO 24624 --- [SpringSecurity] [  restartedMain] .ConditionEvaluationDeltaLoggingListener : Condition evaluation delta:


==========================
CONDITION EVALUATION DELTA
==========================


Positive matches:
-----------------

    None


Negative matches:
-----------------

   ServletWebSecurityAutoConfiguration.EnableWebSecurityConfiguration:
      Did not match:
         - @ConditionalOnMissingBean (names: springSecurityFilterChain; SearchStrategy: all) found beans named springSecurityFilterChain (OnBeanCondition)
      Matched:
         - @ConditionalOnClass found required class 'org.springframework.security.config.annotation.web.configuration.EnableWebSecurity' (OnClassCondition)

   ServletWebSecurityAutoConfiguration.SecurityFilterChainConfiguration:
      Did not match:
         - AllNestedConditions 1 matched 1 did not; NestedCondition on DefaultWebSecurityCondition.Beans @ConditionalOnMissingBean (types: org.springframework.security.web.SecurityFilterChain; SearchStrategy: all) found beans of type 'org.springframework.security.web.SecurityFilterChain' securityFilterChain; NestedCondition on DefaultWebSecurityCondition.Classes @ConditionalOnClass found required classes 'org.springframework.security.web.SecurityFilterChain', 'org.springframework.security.config.annotation.web.builders.HttpSecurity' (DefaultWebSecurityCondition)


Exclusions:
-----------

    None


Unconditional classes:
----------------------

    None



2026-05-03T21:40:52.138+05:30  INFO 24624 --- [SpringSecurity] [   File Watcher] rtingClassPathChangeChangedEventListener : Restarting due to 12 class path changes (0 additions, 0 deletions, 12 modifications)
2026-05-03T21:40:52.272+05:30  INFO 24624 --- [SpringSecurity] [      Thread-36] o.s.boot.tomcat.GracefulShutdown         : Commencing graceful shutdown. Waiting for active requests to complete
2026-05-03T21:40:52.470+05:30  INFO 24624 --- [SpringSecurity] [tomcat-shutdown] o.s.boot.tomcat.GracefulShutdown         : Graceful shutdown complete
2026-05-03T21:40:52.890+05:30  INFO 24624 --- [SpringSecurity] [      Thread-36] j.LocalContainerEntityManagerFactoryBean : Closing JPA EntityManagerFactory for persistence unit 'default'
2026-05-03T21:40:53.552+05:30  INFO 24624 --- [SpringSecurity] [      Thread-36] com.zaxxer.hikari.HikariDataSource       : HikariPool-10 - Shutdown initiated...
2026-05-03T21:40:53.700+05:30  INFO 24624 --- [SpringSecurity] [      Thread-36] com.zaxxer.hikari.HikariDataSource       : HikariPool-10 - Shutdown completed.

  .   ____          _            __ _ _
 /\\ / ___'_ __ _ _(_)_ __  __ _ \ \ \ \
( ( )\___ | '_ | '_| | '_ \/ _` | \ \ \ \
 \\/  ___)| |_)| | | | | || (_| |  ) ) ) )
  '  |____| .__|_| |_|_| |_\__, | / / / /
 =========|_|==============|___/=/_/_/_/

 :: Spring Boot ::                (v4.0.6)

2026-05-03T21:40:58.081+05:30  INFO 24624 --- [SpringSecurity] [  restartedMain] c.v.S.SpringSecurityApplication          : Starting SpringSecurityApplication using Java 25.0.2 with PID 24624 (D:\Git Hub Project\FCT-JAVA\Advance Java\SpringBoot\Spring Boot Security\SpringSecurity\target\classes started by Arnav Gade in D:\Git Hub Project\FCT-JAVA\Advance Java\SpringBoot\Spring Boot Security\SpringSecurity)
2026-05-03T21:40:58.087+05:30  INFO 24624 --- [SpringSecurity] [  restartedMain] c.v.S.SpringSecurityApplication          : No active profile set, falling back to 1 default profile: "default"
2026-05-03T21:41:01.453+05:30  INFO 24624 --- [SpringSecurity] [  restartedMain] .s.d.r.c.RepositoryConfigurationDelegate : Bootstrapping Spring Data JPA repositories in DEFAULT mode.
2026-05-03T21:41:01.523+05:30  INFO 24624 --- [SpringSecurity] [  restartedMain] .s.d.r.c.RepositoryConfigurationDelegate : Finished Spring Data repository scanning in 57 ms. Found 1 JPA repository interface.
2026-05-03T21:41:03.894+05:30  INFO 24624 --- [SpringSecurity] [  restartedMain] o.s.boot.tomcat.TomcatWebServer          : Tomcat initialized with port 8083 (http)
2026-05-03T21:41:03.922+05:30  INFO 24624 --- [SpringSecurity] [  restartedMain] o.apache.catalina.core.StandardService   : Starting service [Tomcat]
2026-05-03T21:41:03.923+05:30  INFO 24624 --- [SpringSecurity] [  restartedMain] o.apache.catalina.core.StandardEngine    : Starting Servlet engine: [Apache Tomcat/11.0.21]
2026-05-03T21:41:04.081+05:30  INFO 24624 --- [SpringSecurity] [  restartedMain] b.w.c.s.WebApplicationContextInitializer : Root WebApplicationContext: initialization completed in 5918 ms
2026-05-03T21:41:04.342+05:30  INFO 24624 --- [SpringSecurity] [  restartedMain] org.hibernate.orm.jpa                    : HHH008540: Processing PersistenceUnitInfo [name: default]
2026-05-03T21:41:04.509+05:30  INFO 24624 --- [SpringSecurity] [  restartedMain] o.s.o.j.p.SpringPersistenceUnitInfo      : No LoadTimeWeaver setup: ignoring JPA class transformer
2026-05-03T21:41:04.517+05:30  INFO 24624 --- [SpringSecurity] [  restartedMain] com.zaxxer.hikari.HikariDataSource       : HikariPool-11 - Starting...
2026-05-03T21:41:04.561+05:30  INFO 24624 --- [SpringSecurity] [  restartedMain] com.zaxxer.hikari.pool.HikariPool        : HikariPool-11 - Added connection com.mysql.cj.jdbc.ConnectionImpl@4ed6e37f
2026-05-03T21:41:04.561+05:30  INFO 24624 --- [SpringSecurity] [  restartedMain] com.zaxxer.hikari.HikariDataSource       : HikariPool-11 - Start completed.
2026-05-03T21:41:04.573+05:30  INFO 24624 --- [SpringSecurity] [  restartedMain] org.hibernate.orm.connections.pooling    : HHH10001005: Database info:
	Database JDBC URL [jdbc:mysql://localhost:3306/springsecurity]
	Database driver: MySQL Connector/J
	Database dialect: MySQLDialect
	Database version: 8.0.42
	Default catalog/schema: springsecurity/undefined
	Autocommit mode: undefined/unknown
	Isolation level: REPEATABLE_READ [default REPEATABLE_READ]
	JDBC fetch size: none
	Pool: DataSourceConnectionProvider
	Minimum pool size: undefined/unknown
	Maximum pool size: undefined/unknown
2026-05-03T21:41:04.770+05:30  INFO 24624 --- [SpringSecurity] [  restartedMain] org.hibernate.orm.core                   : HHH000489: No JTA platform available (set 'hibernate.transaction.jta.platform' to enable JTA platform integration)
2026-05-03T21:41:04.804+05:30  INFO 24624 --- [SpringSecurity] [  restartedMain] j.LocalContainerEntityManagerFactoryBean : Initialized JPA EntityManagerFactory for persistence unit 'default'
2026-05-03T21:41:05.102+05:30  WARN 24624 --- [SpringSecurity] [  restartedMain] JpaBaseConfiguration$JpaWebConfiguration : spring.jpa.open-in-view is enabled by default. Therefore, database queries may be performed during view rendering. Explicitly configure spring.jpa.open-in-view to disable this warning
2026-05-03T21:41:05.202+05:30 TRACE 24624 --- [SpringSecurity] [  restartedMain] eGlobalAuthenticationAutowiredConfigurer : Eagerly initializing {securityConfig=com.vedant.SpringSecurity.config.SecurityConfig$$SpringCGLIB$$0@6bea88b3}
2026-05-03T21:41:05.206+05:30  INFO 24624 --- [SpringSecurity] [  restartedMain] eAuthenticationProviderManagerConfigurer : Global AuthenticationManager configured with AuthenticationProvider bean with name authenticationProvider
2026-05-03T21:41:05.207+05:30  WARN 24624 --- [SpringSecurity] [  restartedMain] r$InitializeUserDetailsManagerConfigurer : Global AuthenticationManager configured with an AuthenticationProvider bean. UserDetailsService beans will not be used by Spring Security for automatically configuring username/password login. Consider removing the AuthenticationProvider bean. Alternatively, consider using the UserDetailsService in a manually instantiated DaoAuthenticationProvider. If the current configuration is intentional, to turn off this warning, increase the logging level of 'org.springframework.security.config.annotation.authentication.configuration.InitializeUserDetailsBeanManagerConfigurer' to ERROR
2026-05-03T21:41:05.325+05:30 DEBUG 24624 --- [SpringSecurity] [  restartedMain] o.s.s.web.DefaultSecurityFilterChain     : Will secure any request with filters: DisableEncodeUrlFilter, WebAsyncManagerIntegrationFilter, SecurityContextHolderFilter, HeaderWriterFilter, LogoutFilter, BasicAuthenticationFilter, RequestCacheAwareFilter, SecurityContextHolderAwareRequestFilter, AnonymousAuthenticationFilter, SessionManagementFilter, ExceptionTranslationFilter, AuthorizationFilter
2026-05-03T21:41:05.983+05:30  INFO 24624 --- [SpringSecurity] [  restartedMain] o.s.boot.tomcat.TomcatWebServer          : Tomcat started on port 8083 (http) with context path '/'
2026-05-03T21:41:05.997+05:30  INFO 24624 --- [SpringSecurity] [  restartedMain] c.v.S.SpringSecurityApplication          : Started SpringSecurityApplication in 9.718 seconds (process running for 12181.937)
2026-05-03T21:41:06.000+05:30  INFO 24624 --- [SpringSecurity] [  restartedMain] .ConditionEvaluationDeltaLoggingListener : Condition evaluation unchanged
2026-05-03T21:43:36.102+05:30  INFO 24624 --- [SpringSecurity] [   File Watcher] rtingClassPathChangeChangedEventListener : Restarting due to 1 class path change (0 additions, 0 deletions, 1 modification)
2026-05-03T21:43:36.403+05:30  INFO 24624 --- [SpringSecurity] [      Thread-40] o.s.boot.tomcat.GracefulShutdown         : Commencing graceful shutdown. Waiting for active requests to complete
2026-05-03T21:43:36.494+05:30  INFO 24624 --- [SpringSecurity] [tomcat-shutdown] o.s.boot.tomcat.GracefulShutdown         : Graceful shutdown complete
2026-05-03T21:43:36.604+05:30  INFO 24624 --- [SpringSecurity] [      Thread-40] j.LocalContainerEntityManagerFactoryBean : Closing JPA EntityManagerFactory for persistence unit 'default'
2026-05-03T21:43:36.694+05:30  INFO 24624 --- [SpringSecurity] [      Thread-40] com.zaxxer.hikari.HikariDataSource       : HikariPool-11 - Shutdown initiated...
2026-05-03T21:43:36.774+05:30  INFO 24624 --- [SpringSecurity] [      Thread-40] com.zaxxer.hikari.HikariDataSource       : HikariPool-11 - Shutdown completed.

  .   ____          _            __ _ _
 /\\ / ___'_ __ _ _(_)_ __  __ _ \ \ \ \
( ( )\___ | '_ | '_| | '_ \/ _` | \ \ \ \
 \\/  ___)| |_)| | | | | || (_| |  ) ) ) )
  '  |____| .__|_| |_|_| |_\__, | / / / /
 =========|_|==============|___/=/_/_/_/

 :: Spring Boot ::                (v4.0.6)

2026-05-03T21:43:38.778+05:30  INFO 24624 --- [SpringSecurity] [  restartedMain] c.v.S.SpringSecurityApplication          : Starting SpringSecurityApplication using Java 25.0.2 with PID 24624 (D:\Git Hub Project\FCT-JAVA\Advance Java\SpringBoot\Spring Boot Security\SpringSecurity\target\classes started by Arnav Gade in D:\Git Hub Project\FCT-JAVA\Advance Java\SpringBoot\Spring Boot Security\SpringSecurity)
2026-05-03T21:43:38.779+05:30  INFO 24624 --- [SpringSecurity] [  restartedMain] c.v.S.SpringSecurityApplication          : No active profile set, falling back to 1 default profile: "default"
2026-05-03T21:43:40.280+05:30  INFO 24624 --- [SpringSecurity] [  restartedMain] .s.d.r.c.RepositoryConfigurationDelegate : Bootstrapping Spring Data JPA repositories in DEFAULT mode.
2026-05-03T21:43:40.319+05:30  INFO 24624 --- [SpringSecurity] [  restartedMain] .s.d.r.c.RepositoryConfigurationDelegate : Finished Spring Data repository scanning in 32 ms. Found 1 JPA repository interface.
2026-05-03T21:43:40.580+05:30  INFO 24624 --- [SpringSecurity] [  restartedMain] o.s.boot.tomcat.TomcatWebServer          : Tomcat initialized with port 8083 (http)
2026-05-03T21:43:40.582+05:30  INFO 24624 --- [SpringSecurity] [  restartedMain] o.apache.catalina.core.StandardService   : Starting service [Tomcat]
2026-05-03T21:43:40.582+05:30  INFO 24624 --- [SpringSecurity] [  restartedMain] o.apache.catalina.core.StandardEngine    : Starting Servlet engine: [Apache Tomcat/11.0.21]
2026-05-03T21:43:40.622+05:30  INFO 24624 --- [SpringSecurity] [  restartedMain] b.w.c.s.WebApplicationContextInitializer : Root WebApplicationContext: initialization completed in 1822 ms
2026-05-03T21:43:40.710+05:30  INFO 24624 --- [SpringSecurity] [  restartedMain] org.hibernate.orm.jpa                    : HHH008540: Processing PersistenceUnitInfo [name: default]
2026-05-03T21:43:40.758+05:30  INFO 24624 --- [SpringSecurity] [  restartedMain] o.s.o.j.p.SpringPersistenceUnitInfo      : No LoadTimeWeaver setup: ignoring JPA class transformer
2026-05-03T21:43:40.761+05:30  INFO 24624 --- [SpringSecurity] [  restartedMain] com.zaxxer.hikari.HikariDataSource       : HikariPool-12 - Starting...
2026-05-03T21:43:40.792+05:30  INFO 24624 --- [SpringSecurity] [  restartedMain] com.zaxxer.hikari.pool.HikariPool        : HikariPool-12 - Added connection com.mysql.cj.jdbc.ConnectionImpl@70bc1f60
2026-05-03T21:43:40.793+05:30  INFO 24624 --- [SpringSecurity] [  restartedMain] com.zaxxer.hikari.HikariDataSource       : HikariPool-12 - Start completed.
2026-05-03T21:43:40.798+05:30  INFO 24624 --- [SpringSecurity] [  restartedMain] org.hibernate.orm.connections.pooling    : HHH10001005: Database info:
	Database JDBC URL [jdbc:mysql://localhost:3306/springsecurity]
	Database driver: MySQL Connector/J
	Database dialect: MySQLDialect
	Database version: 8.0.42
	Default catalog/schema: springsecurity/undefined
	Autocommit mode: undefined/unknown
	Isolation level: REPEATABLE_READ [default REPEATABLE_READ]
	JDBC fetch size: none
	Pool: DataSourceConnectionProvider
	Minimum pool size: undefined/unknown
	Maximum pool size: undefined/unknown
2026-05-03T21:43:40.854+05:30  INFO 24624 --- [SpringSecurity] [  restartedMain] org.hibernate.orm.core                   : HHH000489: No JTA platform available (set 'hibernate.transaction.jta.platform' to enable JTA platform integration)
2026-05-03T21:43:40.869+05:30  INFO 24624 --- [SpringSecurity] [  restartedMain] j.LocalContainerEntityManagerFactoryBean : Initialized JPA EntityManagerFactory for persistence unit 'default'
2026-05-03T21:43:40.888+05:30  WARN 24624 --- [SpringSecurity] [  restartedMain] ConfigServletWebServerApplicationContext : Exception encountered during context initialization - cancelling refresh attempt: org.springframework.beans.factory.BeanCreationException: Error creating bean with name 'securityConfig' defined in file [D:\Git Hub Project\FCT-JAVA\Advance Java\SpringBoot\Spring Boot Security\SpringSecurity\target\classes\com\vedant\SpringSecurity\config\SecurityConfig.class]: Failed to instantiate [com.vedant.SpringSecurity.config.SecurityConfig$$SpringCGLIB$$0]: Constructor threw exception
2026-05-03T21:43:40.889+05:30  INFO 24624 --- [SpringSecurity] [  restartedMain] j.LocalContainerEntityManagerFactoryBean : Closing JPA EntityManagerFactory for persistence unit 'default'
2026-05-03T21:43:40.890+05:30  INFO 24624 --- [SpringSecurity] [  restartedMain] com.zaxxer.hikari.HikariDataSource       : HikariPool-12 - Shutdown initiated...
2026-05-03T21:43:40.892+05:30  INFO 24624 --- [SpringSecurity] [  restartedMain] com.zaxxer.hikari.HikariDataSource       : HikariPool-12 - Shutdown completed.
2026-05-03T21:43:40.892+05:30  INFO 24624 --- [SpringSecurity] [  restartedMain] o.apache.catalina.core.StandardService   : Stopping service [Tomcat]
2026-05-03T21:43:40.896+05:30  INFO 24624 --- [SpringSecurity] [  restartedMain] .s.b.a.l.ConditionEvaluationReportLogger : 

Error starting ApplicationContext. To display the condition evaluation report re-run your application with 'debug' enabled.
2026-05-03T21:43:40.900+05:30 ERROR 24624 --- [SpringSecurity] [  restartedMain] o.s.boot.SpringApplication               : Application run failed

org.springframework.beans.factory.BeanCreationException: Error creating bean with name 'securityConfig' defined in file [D:\Git Hub Project\FCT-JAVA\Advance Java\SpringBoot\Spring Boot Security\SpringSecurity\target\classes\com\vedant\SpringSecurity\config\SecurityConfig.class]: Failed to instantiate [com.vedant.SpringSecurity.config.SecurityConfig$$SpringCGLIB$$0]: Constructor threw exception
	at org.springframework.beans.factory.support.AbstractAutowireCapableBeanFactory.instantiateBean(AbstractAutowireCapableBeanFactory.java:1344) ~[spring-beans-7.0.7.jar:7.0.7]
	at org.springframework.beans.factory.support.AbstractAutowireCapableBeanFactory.createBeanInstance(AbstractAutowireCapableBeanFactory.java:1231) ~[spring-beans-7.0.7.jar:7.0.7]
	at org.springframework.beans.factory.support.AbstractAutowireCapableBeanFactory.doCreateBean(AbstractAutowireCapableBeanFactory.java:565) ~[spring-beans-7.0.7.jar:7.0.7]
	at org.springframework.beans.factory.support.AbstractAutowireCapableBeanFactory.createBean(AbstractAutowireCapableBeanFactory.java:525) ~[spring-beans-7.0.7.jar:7.0.7]
	at org.springframework.beans.factory.support.AbstractBeanFactory.lambda$doGetBean$0(AbstractBeanFactory.java:333) ~[spring-beans-7.0.7.jar:7.0.7]
	at org.springframework.beans.factory.support.DefaultSingletonBeanRegistry.getSingleton(DefaultSingletonBeanRegistry.java:371) ~[spring-beans-7.0.7.jar:7.0.7]
	at org.springframework.beans.factory.support.AbstractBeanFactory.doGetBean(AbstractBeanFactory.java:331) ~[spring-beans-7.0.7.jar:7.0.7]
	at org.springframework.beans.factory.support.AbstractBeanFactory.getBean(AbstractBeanFactory.java:196) ~[spring-beans-7.0.7.jar:7.0.7]
	at org.springframework.beans.factory.support.DefaultListableBeanFactory.instantiateSingleton(DefaultListableBeanFactory.java:1218) ~[spring-beans-7.0.7.jar:7.0.7]
	at org.springframework.beans.factory.support.DefaultListableBeanFactory.preInstantiateSingleton(DefaultListableBeanFactory.java:1184) ~[spring-beans-7.0.7.jar:7.0.7]
	at org.springframework.beans.factory.support.DefaultListableBeanFactory.preInstantiateSingletons(DefaultListableBeanFactory.java:1121) ~[spring-beans-7.0.7.jar:7.0.7]
	at org.springframework.context.support.AbstractApplicationContext.finishBeanFactoryInitialization(AbstractApplicationContext.java:994) ~[spring-context-7.0.7.jar:7.0.7]
	at org.springframework.context.support.AbstractApplicationContext.refresh(AbstractApplicationContext.java:621) ~[spring-context-7.0.7.jar:7.0.7]
	at org.springframework.boot.web.server.servlet.context.ServletWebServerApplicationContext.refresh(ServletWebServerApplicationContext.java:143) ~[spring-boot-web-server-4.0.6.jar:4.0.6]
	at org.springframework.boot.SpringApplication.refresh(SpringApplication.java:756) ~[spring-boot-4.0.6.jar:4.0.6]
	at org.springframework.boot.SpringApplication.refreshContext(SpringApplication.java:445) ~[spring-boot-4.0.6.jar:4.0.6]
	at org.springframework.boot.SpringApplication.run(SpringApplication.java:321) ~[spring-boot-4.0.6.jar:4.0.6]
	at org.springframework.boot.SpringApplication.run(SpringApplication.java:1365) ~[spring-boot-4.0.6.jar:4.0.6]
	at org.springframework.boot.SpringApplication.run(SpringApplication.java:1354) ~[spring-boot-4.0.6.jar:4.0.6]
	at com.vedant.SpringSecurity.SpringSecurityApplication.main(SpringSecurityApplication.java:10) ~[classes/:na]
	at java.base/jdk.internal.reflect.DirectMethodHandleAccessor.invoke(DirectMethodHandleAccessor.java:104) ~[na:na]
	at java.base/java.lang.reflect.Method.invoke(Method.java:565) ~[na:na]
	at org.springframework.boot.devtools.restart.RestartLauncher.run(RestartLauncher.java:52) ~[spring-boot-devtools-4.0.6.jar:4.0.6]
Caused by: org.springframework.beans.BeanInstantiationException: Failed to instantiate [com.vedant.SpringSecurity.config.SecurityConfig$$SpringCGLIB$$0]: Constructor threw exception
	at org.springframework.beans.BeanUtils.instantiateClass(BeanUtils.java:220) ~[spring-beans-7.0.7.jar:7.0.7]
	at org.springframework.beans.factory.support.SimpleInstantiationStrategy.instantiate(SimpleInstantiationStrategy.java:106) ~[spring-beans-7.0.7.jar:7.0.7]
	at org.springframework.beans.factory.support.AbstractAutowireCapableBeanFactory.instantiateBean(AbstractAutowireCapableBeanFactory.java:1338) ~[spring-beans-7.0.7.jar:7.0.7]
	... 22 common frames omitted
Caused by: java.lang.Error: Unresolved compilation problems: 
	Syntax error, insert "}" to complete ClassBody
	Syntax error on token ")", { expected after this token

	at com.vedant.SpringSecurity.config.SecurityConfig.<init>(SecurityConfig.java:46) ~[classes/:na]
	at com.vedant.SpringSecurity.config.SecurityConfig$$SpringCGLIB$$0.<init>(<generated>) ~[classes/:na]
	at java.base/jdk.internal.reflect.DirectConstructorHandleAccessor.newInstance(DirectConstructorHandleAccessor.java:62) ~[na:na]
	at java.base/java.lang.reflect.Constructor.newInstanceWithCaller(Constructor.java:499) ~[na:na]
	at java.base/java.lang.reflect.Constructor.newInstance(Constructor.java:483) ~[na:na]
	at org.springframework.beans.BeanUtils.instantiateClass(BeanUtils.java:194) ~[spring-beans-7.0.7.jar:7.0.7]
	... 24 common frames omitted


  .   ____          _            __ _ _
 /\\ / ___'_ __ _ _(_)_ __  __ _ \ \ \ \
( ( )\___ | '_ | '_| | '_ \/ _` | \ \ \ \
 \\/  ___)| |_)| | | | | || (_| |  ) ) ) )
  '  |____| .__|_| |_|_| |_\__, | / / / /
 =========|_|==============|___/=/_/_/_/

 :: Spring Boot ::                (v4.0.6)

2026-05-03T21:44:13.400+05:30  INFO 24624 --- [SpringSecurity] [  restartedMain] c.v.S.SpringSecurityApplication          : Starting SpringSecurityApplication using Java 25.0.2 with PID 24624 (D:\Git Hub Project\FCT-JAVA\Advance Java\SpringBoot\Spring Boot Security\SpringSecurity\target\classes started by Arnav Gade in D:\Git Hub Project\FCT-JAVA\Advance Java\SpringBoot\Spring Boot Security\SpringSecurity)
2026-05-03T21:44:13.402+05:30  INFO 24624 --- [SpringSecurity] [  restartedMain] c.v.S.SpringSecurityApplication          : No active profile set, falling back to 1 default profile: "default"
2026-05-03T21:44:15.420+05:30  INFO 24624 --- [SpringSecurity] [  restartedMain] .s.d.r.c.RepositoryConfigurationDelegate : Bootstrapping Spring Data JPA repositories in DEFAULT mode.
2026-05-03T21:44:15.601+05:30  INFO 24624 --- [SpringSecurity] [  restartedMain] .s.d.r.c.RepositoryConfigurationDelegate : Finished Spring Data repository scanning in 178 ms. Found 1 JPA repository interface.
2026-05-03T21:44:18.141+05:30  INFO 24624 --- [SpringSecurity] [  restartedMain] o.s.boot.tomcat.TomcatWebServer          : Tomcat initialized with port 8083 (http)
2026-05-03T21:44:18.145+05:30  INFO 24624 --- [SpringSecurity] [  restartedMain] o.apache.catalina.core.StandardService   : Starting service [Tomcat]
2026-05-03T21:44:18.146+05:30  INFO 24624 --- [SpringSecurity] [  restartedMain] o.apache.catalina.core.StandardEngine    : Starting Servlet engine: [Apache Tomcat/11.0.21]
2026-05-03T21:44:18.569+05:30  INFO 24624 --- [SpringSecurity] [  restartedMain] b.w.c.s.WebApplicationContextInitializer : Root WebApplicationContext: initialization completed in 5160 ms
2026-05-03T21:44:18.999+05:30  INFO 24624 --- [SpringSecurity] [  restartedMain] org.hibernate.orm.jpa                    : HHH008540: Processing PersistenceUnitInfo [name: default]
2026-05-03T21:44:19.662+05:30  INFO 24624 --- [SpringSecurity] [  restartedMain] o.s.o.j.p.SpringPersistenceUnitInfo      : No LoadTimeWeaver setup: ignoring JPA class transformer
2026-05-03T21:44:19.694+05:30  INFO 24624 --- [SpringSecurity] [  restartedMain] com.zaxxer.hikari.HikariDataSource       : HikariPool-13 - Starting...
2026-05-03T21:44:19.781+05:30  INFO 24624 --- [SpringSecurity] [  restartedMain] com.zaxxer.hikari.pool.HikariPool        : HikariPool-13 - Added connection com.mysql.cj.jdbc.ConnectionImpl@585a8f03
2026-05-03T21:44:19.782+05:30  INFO 24624 --- [SpringSecurity] [  restartedMain] com.zaxxer.hikari.HikariDataSource       : HikariPool-13 - Start completed.
2026-05-03T21:44:19.788+05:30  INFO 24624 --- [SpringSecurity] [  restartedMain] org.hibernate.orm.connections.pooling    : HHH10001005: Database info:
	Database JDBC URL [jdbc:mysql://localhost:3306/springsecurity]
	Database driver: MySQL Connector/J
	Database dialect: MySQLDialect
	Database version: 8.0.42
	Default catalog/schema: springsecurity/undefined
	Autocommit mode: undefined/unknown
	Isolation level: REPEATABLE_READ [default REPEATABLE_READ]
	JDBC fetch size: none
	Pool: DataSourceConnectionProvider
	Minimum pool size: undefined/unknown
	Maximum pool size: undefined/unknown
2026-05-03T21:44:19.892+05:30  INFO 24624 --- [SpringSecurity] [  restartedMain] org.hibernate.orm.core                   : HHH000489: No JTA platform available (set 'hibernate.transaction.jta.platform' to enable JTA platform integration)
2026-05-03T21:44:19.921+05:30  INFO 24624 --- [SpringSecurity] [  restartedMain] j.LocalContainerEntityManagerFactoryBean : Initialized JPA EntityManagerFactory for persistence unit 'default'
2026-05-03T21:44:19.972+05:30  WARN 24624 --- [SpringSecurity] [  restartedMain] ConfigServletWebServerApplicationContext : Exception encountered during context initialization - cancelling refresh attempt: org.springframework.beans.factory.BeanCreationException: Error creating bean with name 'securityConfig' defined in file [D:\Git Hub Project\FCT-JAVA\Advance Java\SpringBoot\Spring Boot Security\SpringSecurity\target\classes\com\vedant\SpringSecurity\config\SecurityConfig.class]: Failed to instantiate [com.vedant.SpringSecurity.config.SecurityConfig$$SpringCGLIB$$0]: Constructor threw exception
2026-05-03T21:44:19.973+05:30  INFO 24624 --- [SpringSecurity] [  restartedMain] j.LocalContainerEntityManagerFactoryBean : Closing JPA EntityManagerFactory for persistence unit 'default'
2026-05-03T21:44:19.974+05:30  INFO 24624 --- [SpringSecurity] [  restartedMain] com.zaxxer.hikari.HikariDataSource       : HikariPool-13 - Shutdown initiated...
2026-05-03T21:44:20.009+05:30  INFO 24624 --- [SpringSecurity] [  restartedMain] com.zaxxer.hikari.HikariDataSource       : HikariPool-13 - Shutdown completed.
2026-05-03T21:44:20.012+05:30  INFO 24624 --- [SpringSecurity] [  restartedMain] o.apache.catalina.core.StandardService   : Stopping service [Tomcat]
2026-05-03T21:44:20.016+05:30  INFO 24624 --- [SpringSecurity] [  restartedMain] .s.b.a.l.ConditionEvaluationReportLogger : 

Error starting ApplicationContext. To display the condition evaluation report re-run your application with 'debug' enabled.
2026-05-03T21:44:20.020+05:30 ERROR 24624 --- [SpringSecurity] [  restartedMain] o.s.boot.SpringApplication               : Application run failed

org.springframework.beans.factory.BeanCreationException: Error creating bean with name 'securityConfig' defined in file [D:\Git Hub Project\FCT-JAVA\Advance Java\SpringBoot\Spring Boot Security\SpringSecurity\target\classes\com\vedant\SpringSecurity\config\SecurityConfig.class]: Failed to instantiate [com.vedant.SpringSecurity.config.SecurityConfig$$SpringCGLIB$$0]: Constructor threw exception
	at org.springframework.beans.factory.support.AbstractAutowireCapableBeanFactory.instantiateBean(AbstractAutowireCapableBeanFactory.java:1344) ~[spring-beans-7.0.7.jar:7.0.7]
	at org.springframework.beans.factory.support.AbstractAutowireCapableBeanFactory.createBeanInstance(AbstractAutowireCapableBeanFactory.java:1231) ~[spring-beans-7.0.7.jar:7.0.7]
	at org.springframework.beans.factory.support.AbstractAutowireCapableBeanFactory.doCreateBean(AbstractAutowireCapableBeanFactory.java:565) ~[spring-beans-7.0.7.jar:7.0.7]
	at org.springframework.beans.factory.support.AbstractAutowireCapableBeanFactory.createBean(AbstractAutowireCapableBeanFactory.java:525) ~[spring-beans-7.0.7.jar:7.0.7]
	at org.springframework.beans.factory.support.AbstractBeanFactory.lambda$doGetBean$0(AbstractBeanFactory.java:333) ~[spring-beans-7.0.7.jar:7.0.7]
	at org.springframework.beans.factory.support.DefaultSingletonBeanRegistry.getSingleton(DefaultSingletonBeanRegistry.java:371) ~[spring-beans-7.0.7.jar:7.0.7]
	at org.springframework.beans.factory.support.AbstractBeanFactory.doGetBean(AbstractBeanFactory.java:331) ~[spring-beans-7.0.7.jar:7.0.7]
	at org.springframework.beans.factory.support.AbstractBeanFactory.getBean(AbstractBeanFactory.java:196) ~[spring-beans-7.0.7.jar:7.0.7]
	at org.springframework.beans.factory.support.DefaultListableBeanFactory.instantiateSingleton(DefaultListableBeanFactory.java:1218) ~[spring-beans-7.0.7.jar:7.0.7]
	at org.springframework.beans.factory.support.DefaultListableBeanFactory.preInstantiateSingleton(DefaultListableBeanFactory.java:1184) ~[spring-beans-7.0.7.jar:7.0.7]
	at org.springframework.beans.factory.support.DefaultListableBeanFactory.preInstantiateSingletons(DefaultListableBeanFactory.java:1121) ~[spring-beans-7.0.7.jar:7.0.7]
	at org.springframework.context.support.AbstractApplicationContext.finishBeanFactoryInitialization(AbstractApplicationContext.java:994) ~[spring-context-7.0.7.jar:7.0.7]
	at org.springframework.context.support.AbstractApplicationContext.refresh(AbstractApplicationContext.java:621) ~[spring-context-7.0.7.jar:7.0.7]
	at org.springframework.boot.web.server.servlet.context.ServletWebServerApplicationContext.refresh(ServletWebServerApplicationContext.java:143) ~[spring-boot-web-server-4.0.6.jar:4.0.6]
	at org.springframework.boot.SpringApplication.refresh(SpringApplication.java:756) ~[spring-boot-4.0.6.jar:4.0.6]
	at org.springframework.boot.SpringApplication.refreshContext(SpringApplication.java:445) ~[spring-boot-4.0.6.jar:4.0.6]
	at org.springframework.boot.SpringApplication.run(SpringApplication.java:321) ~[spring-boot-4.0.6.jar:4.0.6]
	at org.springframework.boot.SpringApplication.run(SpringApplication.java:1365) ~[spring-boot-4.0.6.jar:4.0.6]
	at org.springframework.boot.SpringApplication.run(SpringApplication.java:1354) ~[spring-boot-4.0.6.jar:4.0.6]
	at com.vedant.SpringSecurity.SpringSecurityApplication.main(SpringSecurityApplication.java:10) ~[classes/:na]
	at java.base/jdk.internal.reflect.DirectMethodHandleAccessor.invoke(DirectMethodHandleAccessor.java:104) ~[na:na]
	at java.base/java.lang.reflect.Method.invoke(Method.java:565) ~[na:na]
	at org.springframework.boot.devtools.restart.RestartLauncher.run(RestartLauncher.java:52) ~[spring-boot-devtools-4.0.6.jar:4.0.6]
Caused by: org.springframework.beans.BeanInstantiationException: Failed to instantiate [com.vedant.SpringSecurity.config.SecurityConfig$$SpringCGLIB$$0]: Constructor threw exception
	at org.springframework.beans.BeanUtils.instantiateClass(BeanUtils.java:220) ~[spring-beans-7.0.7.jar:7.0.7]
	at org.springframework.beans.factory.support.SimpleInstantiationStrategy.instantiate(SimpleInstantiationStrategy.java:106) ~[spring-beans-7.0.7.jar:7.0.7]
	at org.springframework.beans.factory.support.AbstractAutowireCapableBeanFactory.instantiateBean(AbstractAutowireCapableBeanFactory.java:1338) ~[spring-beans-7.0.7.jar:7.0.7]
	... 22 common frames omitted
Caused by: java.lang.Error: Unresolved compilation problems: 
	Syntax error, insert "}" to complete ClassBody
	Syntax error on token "Exception", { expected after this token

	at com.vedant.SpringSecurity.config.SecurityConfig.<init>(SecurityConfig.java:47) ~[classes/:na]
	at com.vedant.SpringSecurity.config.SecurityConfig$$SpringCGLIB$$0.<init>(<generated>) ~[classes/:na]
	at java.base/jdk.internal.reflect.DirectConstructorHandleAccessor.newInstance(DirectConstructorHandleAccessor.java:62) ~[na:na]
	at java.base/java.lang.reflect.Constructor.newInstanceWithCaller(Constructor.java:499) ~[na:na]
	at java.base/java.lang.reflect.Constructor.newInstance(Constructor.java:483) ~[na:na]
	at org.springframework.beans.BeanUtils.instantiateClass(BeanUtils.java:194) ~[spring-beans-7.0.7.jar:7.0.7]
	... 24 common frames omitted


  .   ____          _            __ _ _
 /\\ / ___'_ __ _ _(_)_ __  __ _ \ \ \ \
( ( )\___ | '_ | '_| | '_ \/ _` | \ \ \ \
 \\/  ___)| |_)| | | | | || (_| |  ) ) ) )
  '  |____| .__|_| |_|_| |_\__, | / / / /
 =========|_|==============|___/=/_/_/_/

 :: Spring Boot ::                (v4.0.6)

2026-05-03T21:45:06.793+05:30  INFO 24624 --- [SpringSecurity] [  restartedMain] c.v.S.SpringSecurityApplication          : Starting SpringSecurityApplication using Java 25.0.2 with PID 24624 (D:\Git Hub Project\FCT-JAVA\Advance Java\SpringBoot\Spring Boot Security\SpringSecurity\target\classes started by Arnav Gade in D:\Git Hub Project\FCT-JAVA\Advance Java\SpringBoot\Spring Boot Security\SpringSecurity)
2026-05-03T21:45:06.799+05:30  INFO 24624 --- [SpringSecurity] [  restartedMain] c.v.S.SpringSecurityApplication          : No active profile set, falling back to 1 default profile: "default"
2026-05-03T21:45:08.571+05:30  INFO 24624 --- [SpringSecurity] [  restartedMain] .s.d.r.c.RepositoryConfigurationDelegate : Bootstrapping Spring Data JPA repositories in DEFAULT mode.
2026-05-03T21:45:08.746+05:30  INFO 24624 --- [SpringSecurity] [  restartedMain] .s.d.r.c.RepositoryConfigurationDelegate : Finished Spring Data repository scanning in 168 ms. Found 1 JPA repository interface.
2026-05-03T21:45:08.996+05:30  INFO 24624 --- [SpringSecurity] [  restartedMain] o.s.boot.tomcat.TomcatWebServer          : Tomcat initialized with port 8083 (http)
2026-05-03T21:45:09.004+05:30  INFO 24624 --- [SpringSecurity] [  restartedMain] o.apache.catalina.core.StandardService   : Starting service [Tomcat]
2026-05-03T21:45:09.005+05:30  INFO 24624 --- [SpringSecurity] [  restartedMain] o.apache.catalina.core.StandardEngine    : Starting Servlet engine: [Apache Tomcat/11.0.21]
2026-05-03T21:45:09.038+05:30  INFO 24624 --- [SpringSecurity] [  restartedMain] b.w.c.s.WebApplicationContextInitializer : Root WebApplicationContext: initialization completed in 1914 ms
2026-05-03T21:45:09.097+05:30  INFO 24624 --- [SpringSecurity] [  restartedMain] org.hibernate.orm.jpa                    : HHH008540: Processing PersistenceUnitInfo [name: default]
2026-05-03T21:45:09.146+05:30  INFO 24624 --- [SpringSecurity] [  restartedMain] o.s.o.j.p.SpringPersistenceUnitInfo      : No LoadTimeWeaver setup: ignoring JPA class transformer
2026-05-03T21:45:09.148+05:30  INFO 24624 --- [SpringSecurity] [  restartedMain] com.zaxxer.hikari.HikariDataSource       : HikariPool-14 - Starting...
2026-05-03T21:45:09.172+05:30  INFO 24624 --- [SpringSecurity] [  restartedMain] com.zaxxer.hikari.pool.HikariPool        : HikariPool-14 - Added connection com.mysql.cj.jdbc.ConnectionImpl@2e50a2d6
2026-05-03T21:45:09.173+05:30  INFO 24624 --- [SpringSecurity] [  restartedMain] com.zaxxer.hikari.HikariDataSource       : HikariPool-14 - Start completed.
2026-05-03T21:45:09.175+05:30  INFO 24624 --- [SpringSecurity] [  restartedMain] org.hibernate.orm.connections.pooling    : HHH10001005: Database info:
	Database JDBC URL [jdbc:mysql://localhost:3306/springsecurity]
	Database driver: MySQL Connector/J
	Database dialect: MySQLDialect
	Database version: 8.0.42
	Default catalog/schema: springsecurity/undefined
	Autocommit mode: undefined/unknown
	Isolation level: REPEATABLE_READ [default REPEATABLE_READ]
	JDBC fetch size: none
	Pool: DataSourceConnectionProvider
	Minimum pool size: undefined/unknown
	Maximum pool size: undefined/unknown
2026-05-03T21:45:09.246+05:30  INFO 24624 --- [SpringSecurity] [  restartedMain] org.hibernate.orm.core                   : HHH000489: No JTA platform available (set 'hibernate.transaction.jta.platform' to enable JTA platform integration)
2026-05-03T21:45:09.312+05:30  INFO 24624 --- [SpringSecurity] [  restartedMain] j.LocalContainerEntityManagerFactoryBean : Initialized JPA EntityManagerFactory for persistence unit 'default'
2026-05-03T21:45:09.630+05:30  WARN 24624 --- [SpringSecurity] [  restartedMain] JpaBaseConfiguration$JpaWebConfiguration : spring.jpa.open-in-view is enabled by default. Therefore, database queries may be performed during view rendering. Explicitly configure spring.jpa.open-in-view to disable this warning
2026-05-03T21:45:09.665+05:30 TRACE 24624 --- [SpringSecurity] [  restartedMain] eGlobalAuthenticationAutowiredConfigurer : Eagerly initializing {securityConfig=com.vedant.SpringSecurity.config.SecurityConfig$$SpringCGLIB$$0@23f9635a}
2026-05-03T21:45:09.667+05:30  INFO 24624 --- [SpringSecurity] [  restartedMain] eAuthenticationProviderManagerConfigurer : Global AuthenticationManager configured with AuthenticationProvider bean with name authenticationProvider
2026-05-03T21:45:09.667+05:30  WARN 24624 --- [SpringSecurity] [  restartedMain] r$InitializeUserDetailsManagerConfigurer : Global AuthenticationManager configured with an AuthenticationProvider bean. UserDetailsService beans will not be used by Spring Security for automatically configuring username/password login. Consider removing the AuthenticationProvider bean. Alternatively, consider using the UserDetailsService in a manually instantiated DaoAuthenticationProvider. If the current configuration is intentional, to turn off this warning, increase the logging level of 'org.springframework.security.config.annotation.authentication.configuration.InitializeUserDetailsBeanManagerConfigurer' to ERROR
2026-05-03T21:45:09.709+05:30 DEBUG 24624 --- [SpringSecurity] [  restartedMain] o.s.s.web.DefaultSecurityFilterChain     : Will secure any request with filters: DisableEncodeUrlFilter, WebAsyncManagerIntegrationFilter, SecurityContextHolderFilter, HeaderWriterFilter, LogoutFilter, BasicAuthenticationFilter, RequestCacheAwareFilter, SecurityContextHolderAwareRequestFilter, AnonymousAuthenticationFilter, SessionManagementFilter, ExceptionTranslationFilter, AuthorizationFilter
2026-05-03T21:45:09.714+05:30  WARN 24624 --- [SpringSecurity] [  restartedMain] ConfigServletWebServerApplicationContext : Exception encountered during context initialization - cancelling refresh attempt: org.springframework.beans.factory.BeanCreationException: Error creating bean with name 'authenticationManager' defined in class path resource [com/vedant/SpringSecurity/config/SecurityConfig.class]: Failed to instantiate [org.springframework.security.authentication.AuthenticationManager]: Factory method 'authenticationManager' threw exception with message: Unresolved compilation problem: 
	This method must return a result of type AuthenticationManager

2026-05-03T21:45:09.714+05:30  INFO 24624 --- [SpringSecurity] [  restartedMain] j.LocalContainerEntityManagerFactoryBean : Closing JPA EntityManagerFactory for persistence unit 'default'
2026-05-03T21:45:09.716+05:30  INFO 24624 --- [SpringSecurity] [  restartedMain] com.zaxxer.hikari.HikariDataSource       : HikariPool-14 - Shutdown initiated...
2026-05-03T21:45:09.725+05:30  INFO 24624 --- [SpringSecurity] [  restartedMain] com.zaxxer.hikari.HikariDataSource       : HikariPool-14 - Shutdown completed.
2026-05-03T21:45:09.726+05:30  INFO 24624 --- [SpringSecurity] [  restartedMain] o.apache.catalina.core.StandardService   : Stopping service [Tomcat]
2026-05-03T21:45:09.729+05:30  INFO 24624 --- [SpringSecurity] [  restartedMain] .s.b.a.l.ConditionEvaluationReportLogger : 

Error starting ApplicationContext. To display the condition evaluation report re-run your application with 'debug' enabled.
2026-05-03T21:45:09.732+05:30 ERROR 24624 --- [SpringSecurity] [  restartedMain] o.s.boot.SpringApplication               : Application run failed

org.springframework.beans.factory.BeanCreationException: Error creating bean with name 'authenticationManager' defined in class path resource [com/vedant/SpringSecurity/config/SecurityConfig.class]: Failed to instantiate [org.springframework.security.authentication.AuthenticationManager]: Factory method 'authenticationManager' threw exception with message: Unresolved compilation problem: 
	This method must return a result of type AuthenticationManager

	at org.springframework.beans.factory.support.ConstructorResolver.instantiate(ConstructorResolver.java:657) ~[spring-beans-7.0.7.jar:7.0.7]
	at org.springframework.beans.factory.support.ConstructorResolver.instantiateUsingFactoryMethod(ConstructorResolver.java:645) ~[spring-beans-7.0.7.jar:7.0.7]
	at org.springframework.beans.factory.support.AbstractAutowireCapableBeanFactory.instantiateUsingFactoryMethod(AbstractAutowireCapableBeanFactory.java:1362) ~[spring-beans-7.0.7.jar:7.0.7]
	at org.springframework.beans.factory.support.AbstractAutowireCapableBeanFactory.createBeanInstance(AbstractAutowireCapableBeanFactory.java:1194) ~[spring-beans-7.0.7.jar:7.0.7]
	at org.springframework.beans.factory.support.AbstractAutowireCapableBeanFactory.doCreateBean(AbstractAutowireCapableBeanFactory.java:565) ~[spring-beans-7.0.7.jar:7.0.7]
	at org.springframework.beans.factory.support.AbstractAutowireCapableBeanFactory.createBean(AbstractAutowireCapableBeanFactory.java:525) ~[spring-beans-7.0.7.jar:7.0.7]
	at org.springframework.beans.factory.support.AbstractBeanFactory.lambda$doGetBean$0(AbstractBeanFactory.java:333) ~[spring-beans-7.0.7.jar:7.0.7]
	at org.springframework.beans.factory.support.DefaultSingletonBeanRegistry.getSingleton(DefaultSingletonBeanRegistry.java:371) ~[spring-beans-7.0.7.jar:7.0.7]
	at org.springframework.beans.factory.support.AbstractBeanFactory.doGetBean(AbstractBeanFactory.java:331) ~[spring-beans-7.0.7.jar:7.0.7]
	at org.springframework.beans.factory.support.AbstractBeanFactory.getBean(AbstractBeanFactory.java:196) ~[spring-beans-7.0.7.jar:7.0.7]
	at org.springframework.beans.factory.support.DefaultListableBeanFactory.instantiateSingleton(DefaultListableBeanFactory.java:1218) ~[spring-beans-7.0.7.jar:7.0.7]
	at org.springframework.beans.factory.support.DefaultListableBeanFactory.preInstantiateSingleton(DefaultListableBeanFactory.java:1184) ~[spring-beans-7.0.7.jar:7.0.7]
	at org.springframework.beans.factory.support.DefaultListableBeanFactory.preInstantiateSingletons(DefaultListableBeanFactory.java:1121) ~[spring-beans-7.0.7.jar:7.0.7]
	at org.springframework.context.support.AbstractApplicationContext.finishBeanFactoryInitialization(AbstractApplicationContext.java:994) ~[spring-context-7.0.7.jar:7.0.7]
	at org.springframework.context.support.AbstractApplicationContext.refresh(AbstractApplicationContext.java:621) ~[spring-context-7.0.7.jar:7.0.7]
	at org.springframework.boot.web.server.servlet.context.ServletWebServerApplicationContext.refresh(ServletWebServerApplicationContext.java:143) ~[spring-boot-web-server-4.0.6.jar:4.0.6]
	at org.springframework.boot.SpringApplication.refresh(SpringApplication.java:756) ~[spring-boot-4.0.6.jar:4.0.6]
	at org.springframework.boot.SpringApplication.refreshContext(SpringApplication.java:445) ~[spring-boot-4.0.6.jar:4.0.6]
	at org.springframework.boot.SpringApplication.run(SpringApplication.java:321) ~[spring-boot-4.0.6.jar:4.0.6]
	at org.springframework.boot.SpringApplication.run(SpringApplication.java:1365) ~[spring-boot-4.0.6.jar:4.0.6]
	at org.springframework.boot.SpringApplication.run(SpringApplication.java:1354) ~[spring-boot-4.0.6.jar:4.0.6]
	at com.vedant.SpringSecurity.SpringSecurityApplication.main(SpringSecurityApplication.java:10) ~[classes/:na]
	at java.base/jdk.internal.reflect.DirectMethodHandleAccessor.invoke(DirectMethodHandleAccessor.java:104) ~[na:na]
	at java.base/java.lang.reflect.Method.invoke(Method.java:565) ~[na:na]
	at org.springframework.boot.devtools.restart.RestartLauncher.run(RestartLauncher.java:52) ~[spring-boot-devtools-4.0.6.jar:4.0.6]
Caused by: org.springframework.beans.BeanInstantiationException: Failed to instantiate [org.springframework.security.authentication.AuthenticationManager]: Factory method 'authenticationManager' threw exception with message: Unresolved compilation problem: 
	This method must return a result of type AuthenticationManager

	at org.springframework.beans.factory.support.SimpleInstantiationStrategy.lambda$instantiate$0(SimpleInstantiationStrategy.java:183) ~[spring-beans-7.0.7.jar:7.0.7]
	at org.springframework.beans.factory.support.SimpleInstantiationStrategy.instantiateWithFactoryMethod(SimpleInstantiationStrategy.java:72) ~[spring-beans-7.0.7.jar:7.0.7]
	at org.springframework.beans.factory.support.SimpleInstantiationStrategy.instantiate(SimpleInstantiationStrategy.java:152) ~[spring-beans-7.0.7.jar:7.0.7]
	at org.springframework.beans.factory.support.ConstructorResolver.instantiate(ConstructorResolver.java:653) ~[spring-beans-7.0.7.jar:7.0.7]
	... 24 common frames omitted
Caused by: java.lang.Error: Unresolved compilation problem: 
	This method must return a result of type AuthenticationManager

	at com.vedant.SpringSecurity.config.SecurityConfig.authenticationManager(SecurityConfig.java:50) ~[classes/:na]
	at com.vedant.SpringSecurity.config.SecurityConfig$$SpringCGLIB$$0.CGLIB$authenticationManager$0(<generated>) ~[classes/:na]
	at com.vedant.SpringSecurity.config.SecurityConfig$$SpringCGLIB$$FastClass$$1.invoke(<generated>) ~[classes/:na]
	at org.springframework.cglib.proxy.MethodProxy.invokeSuper(MethodProxy.java:258) ~[spring-core-7.0.7.jar:7.0.7]
	at org.springframework.context.annotation.ConfigurationClassEnhancer$BeanMethodInterceptor.intercept(ConfigurationClassEnhancer.java:398) ~[spring-context-7.0.7.jar:7.0.7]
	at com.vedant.SpringSecurity.config.SecurityConfig$$SpringCGLIB$$0.authenticationManager(<generated>) ~[classes/:na]
	at java.base/jdk.internal.reflect.DirectMethodHandleAccessor.invoke(DirectMethodHandleAccessor.java:104) ~[na:na]
	at java.base/java.lang.reflect.Method.invoke(Method.java:565) ~[na:na]
	at org.springframework.beans.factory.support.SimpleInstantiationStrategy.lambda$instantiate$0(SimpleInstantiationStrategy.java:155) ~[spring-beans-7.0.7.jar:7.0.7]
	... 27 common frames omitted


  .   ____          _            __ _ _
 /\\ / ___'_ __ _ _(_)_ __  __ _ \ \ \ \
( ( )\___ | '_ | '_| | '_ \/ _` | \ \ \ \
 \\/  ___)| |_)| | | | | || (_| |  ) ) ) )
  '  |____| .__|_| |_|_| |_\__, | / / / /
 =========|_|==============|___/=/_/_/_/

 :: Spring Boot ::                (v4.0.6)

2026-05-03T21:45:30.745+05:30  INFO 24624 --- [SpringSecurity] [  restartedMain] c.v.S.SpringSecurityApplication          : Starting SpringSecurityApplication using Java 25.0.2 with PID 24624 (D:\Git Hub Project\FCT-JAVA\Advance Java\SpringBoot\Spring Boot Security\SpringSecurity\target\classes started by Arnav Gade in D:\Git Hub Project\FCT-JAVA\Advance Java\SpringBoot\Spring Boot Security\SpringSecurity)
2026-05-03T21:45:30.746+05:30  INFO 24624 --- [SpringSecurity] [  restartedMain] c.v.S.SpringSecurityApplication          : No active profile set, falling back to 1 default profile: "default"
2026-05-03T21:45:32.324+05:30  INFO 24624 --- [SpringSecurity] [  restartedMain] .s.d.r.c.RepositoryConfigurationDelegate : Bootstrapping Spring Data JPA repositories in DEFAULT mode.
2026-05-03T21:45:32.470+05:30  INFO 24624 --- [SpringSecurity] [  restartedMain] .s.d.r.c.RepositoryConfigurationDelegate : Finished Spring Data repository scanning in 122 ms. Found 1 JPA repository interface.
2026-05-03T21:45:32.863+05:30  INFO 24624 --- [SpringSecurity] [  restartedMain] o.s.boot.tomcat.TomcatWebServer          : Tomcat initialized with port 8083 (http)
2026-05-03T21:45:32.865+05:30  INFO 24624 --- [SpringSecurity] [  restartedMain] o.apache.catalina.core.StandardService   : Starting service [Tomcat]
2026-05-03T21:45:32.865+05:30  INFO 24624 --- [SpringSecurity] [  restartedMain] o.apache.catalina.core.StandardEngine    : Starting Servlet engine: [Apache Tomcat/11.0.21]
2026-05-03T21:45:32.906+05:30  INFO 24624 --- [SpringSecurity] [  restartedMain] b.w.c.s.WebApplicationContextInitializer : Root WebApplicationContext: initialization completed in 2102 ms
2026-05-03T21:45:32.997+05:30  INFO 24624 --- [SpringSecurity] [  restartedMain] org.hibernate.orm.jpa                    : HHH008540: Processing PersistenceUnitInfo [name: default]
2026-05-03T21:45:33.054+05:30  INFO 24624 --- [SpringSecurity] [  restartedMain] o.s.o.j.p.SpringPersistenceUnitInfo      : No LoadTimeWeaver setup: ignoring JPA class transformer
2026-05-03T21:45:33.055+05:30  INFO 24624 --- [SpringSecurity] [  restartedMain] com.zaxxer.hikari.HikariDataSource       : HikariPool-15 - Starting...
2026-05-03T21:45:33.114+05:30  INFO 24624 --- [SpringSecurity] [  restartedMain] com.zaxxer.hikari.pool.HikariPool        : HikariPool-15 - Added connection com.mysql.cj.jdbc.ConnectionImpl@2117e07f
2026-05-03T21:45:33.115+05:30  INFO 24624 --- [SpringSecurity] [  restartedMain] com.zaxxer.hikari.HikariDataSource       : HikariPool-15 - Start completed.
2026-05-03T21:45:33.118+05:30  INFO 24624 --- [SpringSecurity] [  restartedMain] org.hibernate.orm.connections.pooling    : HHH10001005: Database info:
	Database JDBC URL [jdbc:mysql://localhost:3306/springsecurity]
	Database driver: MySQL Connector/J
	Database dialect: MySQLDialect
	Database version: 8.0.42
	Default catalog/schema: springsecurity/undefined
	Autocommit mode: undefined/unknown
	Isolation level: REPEATABLE_READ [default REPEATABLE_READ]
	JDBC fetch size: none
	Pool: DataSourceConnectionProvider
	Minimum pool size: undefined/unknown
	Maximum pool size: undefined/unknown
2026-05-03T21:45:33.233+05:30  INFO 24624 --- [SpringSecurity] [  restartedMain] org.hibernate.orm.core                   : HHH000489: No JTA platform available (set 'hibernate.transaction.jta.platform' to enable JTA platform integration)
2026-05-03T21:45:33.262+05:30  INFO 24624 --- [SpringSecurity] [  restartedMain] j.LocalContainerEntityManagerFactoryBean : Initialized JPA EntityManagerFactory for persistence unit 'default'
2026-05-03T21:45:33.511+05:30  WARN 24624 --- [SpringSecurity] [  restartedMain] JpaBaseConfiguration$JpaWebConfiguration : spring.jpa.open-in-view is enabled by default. Therefore, database queries may be performed during view rendering. Explicitly configure spring.jpa.open-in-view to disable this warning
2026-05-03T21:45:33.621+05:30 TRACE 24624 --- [SpringSecurity] [  restartedMain] eGlobalAuthenticationAutowiredConfigurer : Eagerly initializing {securityConfig=com.vedant.SpringSecurity.config.SecurityConfig$$SpringCGLIB$$0@2d8166d3}
2026-05-03T21:45:33.623+05:30  INFO 24624 --- [SpringSecurity] [  restartedMain] eAuthenticationProviderManagerConfigurer : Global AuthenticationManager configured with AuthenticationProvider bean with name authenticationProvider
2026-05-03T21:45:33.624+05:30  WARN 24624 --- [SpringSecurity] [  restartedMain] r$InitializeUserDetailsManagerConfigurer : Global AuthenticationManager configured with an AuthenticationProvider bean. UserDetailsService beans will not be used by Spring Security for automatically configuring username/password login. Consider removing the AuthenticationProvider bean. Alternatively, consider using the UserDetailsService in a manually instantiated DaoAuthenticationProvider. If the current configuration is intentional, to turn off this warning, increase the logging level of 'org.springframework.security.config.annotation.authentication.configuration.InitializeUserDetailsBeanManagerConfigurer' to ERROR
2026-05-03T21:45:33.762+05:30 DEBUG 24624 --- [SpringSecurity] [  restartedMain] o.s.s.web.DefaultSecurityFilterChain     : Will secure any request with filters: DisableEncodeUrlFilter, WebAsyncManagerIntegrationFilter, SecurityContextHolderFilter, HeaderWriterFilter, LogoutFilter, BasicAuthenticationFilter, RequestCacheAwareFilter, SecurityContextHolderAwareRequestFilter, AnonymousAuthenticationFilter, SessionManagementFilter, ExceptionTranslationFilter, AuthorizationFilter
2026-05-03T21:45:34.194+05:30  INFO 24624 --- [SpringSecurity] [  restartedMain] o.s.boot.tomcat.TomcatWebServer          : Tomcat started on port 8083 (http) with context path '/'
2026-05-03T21:45:34.206+05:30  INFO 24624 --- [SpringSecurity] [  restartedMain] c.v.S.SpringSecurityApplication          : Started SpringSecurityApplication in 3.668 seconds (process running for 12450.146)
2026-05-03T21:45:34.212+05:30  INFO 24624 --- [SpringSecurity] [  restartedMain] .ConditionEvaluationDeltaLoggingListener : Condition evaluation unchanged
2026-05-03T21:46:00.013+05:30  INFO 24624 --- [SpringSecurity] [   File Watcher] rtingClassPathChangeChangedEventListener : Restarting due to 1 class path change (0 additions, 0 deletions, 1 modification)
2026-05-03T21:46:00.020+05:30  INFO 24624 --- [SpringSecurity] [      Thread-44] o.s.boot.tomcat.GracefulShutdown         : Commencing graceful shutdown. Waiting for active requests to complete
2026-05-03T21:46:00.090+05:30  INFO 24624 --- [SpringSecurity] [tomcat-shutdown] o.s.boot.tomcat.GracefulShutdown         : Graceful shutdown complete
2026-05-03T21:46:00.107+05:30  INFO 24624 --- [SpringSecurity] [      Thread-44] j.LocalContainerEntityManagerFactoryBean : Closing JPA EntityManagerFactory for persistence unit 'default'
2026-05-03T21:46:00.110+05:30  INFO 24624 --- [SpringSecurity] [      Thread-44] com.zaxxer.hikari.HikariDataSource       : HikariPool-15 - Shutdown initiated...
2026-05-03T21:46:00.122+05:30  INFO 24624 --- [SpringSecurity] [      Thread-44] com.zaxxer.hikari.HikariDataSource       : HikariPool-15 - Shutdown completed.

  .   ____          _            __ _ _
 /\\ / ___'_ __ _ _(_)_ __  __ _ \ \ \ \
( ( )\___ | '_ | '_| | '_ \/ _` | \ \ \ \
 \\/  ___)| |_)| | | | | || (_| |  ) ) ) )
  '  |____| .__|_| |_|_| |_\__, | / / / /
 =========|_|==============|___/=/_/_/_/

 :: Spring Boot ::                (v4.0.6)

2026-05-03T21:46:00.270+05:30  INFO 24624 --- [SpringSecurity] [  restartedMain] c.v.S.SpringSecurityApplication          : Starting SpringSecurityApplication using Java 25.0.2 with PID 24624 (D:\Git Hub Project\FCT-JAVA\Advance Java\SpringBoot\Spring Boot Security\SpringSecurity\target\classes started by Arnav Gade in D:\Git Hub Project\FCT-JAVA\Advance Java\SpringBoot\Spring Boot Security\SpringSecurity)
2026-05-03T21:46:00.270+05:30  INFO 24624 --- [SpringSecurity] [  restartedMain] c.v.S.SpringSecurityApplication          : No active profile set, falling back to 1 default profile: "default"
2026-05-03T21:46:00.526+05:30  INFO 24624 --- [SpringSecurity] [  restartedMain] .s.d.r.c.RepositoryConfigurationDelegate : Bootstrapping Spring Data JPA repositories in DEFAULT mode.
2026-05-03T21:46:00.548+05:30  INFO 24624 --- [SpringSecurity] [  restartedMain] .s.d.r.c.RepositoryConfigurationDelegate : Finished Spring Data repository scanning in 20 ms. Found 1 JPA repository interface.
2026-05-03T21:46:00.774+05:30  INFO 24624 --- [SpringSecurity] [  restartedMain] o.s.boot.tomcat.TomcatWebServer          : Tomcat initialized with port 8083 (http)
2026-05-03T21:46:00.777+05:30  INFO 24624 --- [SpringSecurity] [  restartedMain] o.apache.catalina.core.StandardService   : Starting service [Tomcat]
2026-05-03T21:46:00.777+05:30  INFO 24624 --- [SpringSecurity] [  restartedMain] o.apache.catalina.core.StandardEngine    : Starting Servlet engine: [Apache Tomcat/11.0.21]
2026-05-03T21:46:00.814+05:30  INFO 24624 --- [SpringSecurity] [  restartedMain] b.w.c.s.WebApplicationContextInitializer : Root WebApplicationContext: initialization completed in 541 ms
2026-05-03T21:46:00.926+05:30  INFO 24624 --- [SpringSecurity] [  restartedMain] org.hibernate.orm.jpa                    : HHH008540: Processing PersistenceUnitInfo [name: default]
2026-05-03T21:46:01.464+05:30  INFO 24624 --- [SpringSecurity] [  restartedMain] o.s.o.j.p.SpringPersistenceUnitInfo      : No LoadTimeWeaver setup: ignoring JPA class transformer
2026-05-03T21:46:01.492+05:30  INFO 24624 --- [SpringSecurity] [  restartedMain] com.zaxxer.hikari.HikariDataSource       : HikariPool-16 - Starting...
2026-05-03T21:46:01.557+05:30  INFO 24624 --- [SpringSecurity] [  restartedMain] com.zaxxer.hikari.pool.HikariPool        : HikariPool-16 - Added connection com.mysql.cj.jdbc.ConnectionImpl@cf7458f
2026-05-03T21:46:01.557+05:30  INFO 24624 --- [SpringSecurity] [  restartedMain] com.zaxxer.hikari.HikariDataSource       : HikariPool-16 - Start completed.
2026-05-03T21:46:01.561+05:30  INFO 24624 --- [SpringSecurity] [  restartedMain] org.hibernate.orm.connections.pooling    : HHH10001005: Database info:
	Database JDBC URL [jdbc:mysql://localhost:3306/springsecurity]
	Database driver: MySQL Connector/J
	Database dialect: MySQLDialect
	Database version: 8.0.42
	Default catalog/schema: springsecurity/undefined
	Autocommit mode: undefined/unknown
	Isolation level: REPEATABLE_READ [default REPEATABLE_READ]
	JDBC fetch size: none
	Pool: DataSourceConnectionProvider
	Minimum pool size: undefined/unknown
	Maximum pool size: undefined/unknown
2026-05-03T21:46:01.636+05:30  INFO 24624 --- [SpringSecurity] [  restartedMain] org.hibernate.orm.core                   : HHH000489: No JTA platform available (set 'hibernate.transaction.jta.platform' to enable JTA platform integration)
2026-05-03T21:46:01.657+05:30  INFO 24624 --- [SpringSecurity] [  restartedMain] j.LocalContainerEntityManagerFactoryBean : Initialized JPA EntityManagerFactory for persistence unit 'default'
2026-05-03T21:46:01.844+05:30  WARN 24624 --- [SpringSecurity] [  restartedMain] JpaBaseConfiguration$JpaWebConfiguration : spring.jpa.open-in-view is enabled by default. Therefore, database queries may be performed during view rendering. Explicitly configure spring.jpa.open-in-view to disable this warning
2026-05-03T21:46:01.943+05:30 TRACE 24624 --- [SpringSecurity] [  restartedMain] eGlobalAuthenticationAutowiredConfigurer : Eagerly initializing {securityConfig=com.vedant.SpringSecurity.config.SecurityConfig$$SpringCGLIB$$0@72bd136c}
2026-05-03T21:46:01.948+05:30  INFO 24624 --- [SpringSecurity] [  restartedMain] eAuthenticationProviderManagerConfigurer : Global AuthenticationManager configured with AuthenticationProvider bean with name authenticationProvider
2026-05-03T21:46:01.948+05:30  WARN 24624 --- [SpringSecurity] [  restartedMain] r$InitializeUserDetailsManagerConfigurer : Global AuthenticationManager configured with an AuthenticationProvider bean. UserDetailsService beans will not be used by Spring Security for automatically configuring username/password login. Consider removing the AuthenticationProvider bean. Alternatively, consider using the UserDetailsService in a manually instantiated DaoAuthenticationProvider. If the current configuration is intentional, to turn off this warning, increase the logging level of 'org.springframework.security.config.annotation.authentication.configuration.InitializeUserDetailsBeanManagerConfigurer' to ERROR
2026-05-03T21:46:02.097+05:30 DEBUG 24624 --- [SpringSecurity] [  restartedMain] o.s.s.web.DefaultSecurityFilterChain     : Will secure any request with filters: DisableEncodeUrlFilter, WebAsyncManagerIntegrationFilter, SecurityContextHolderFilter, HeaderWriterFilter, LogoutFilter, BasicAuthenticationFilter, RequestCacheAwareFilter, SecurityContextHolderAwareRequestFilter, AnonymousAuthenticationFilter, SessionManagementFilter, ExceptionTranslationFilter, AuthorizationFilter
2026-05-03T21:46:02.513+05:30  INFO 24624 --- [SpringSecurity] [  restartedMain] o.s.boot.tomcat.TomcatWebServer          : Tomcat started on port 8083 (http) with context path '/'
2026-05-03T21:46:02.525+05:30  INFO 24624 --- [SpringSecurity] [  restartedMain] c.v.S.SpringSecurityApplication          : Started SpringSecurityApplication in 2.292 seconds (process running for 12478.464)
2026-05-03T21:46:02.527+05:30  INFO 24624 --- [SpringSecurity] [  restartedMain] .ConditionEvaluationDeltaLoggingListener : Condition evaluation unchanged
2026-05-03T21:46:11.909+05:30  INFO 24624 --- [SpringSecurity] [   File Watcher] rtingClassPathChangeChangedEventListener : Restarting due to 1 class path change (0 additions, 0 deletions, 1 modification)
2026-05-03T21:46:11.911+05:30  INFO 24624 --- [SpringSecurity] [      Thread-57] o.s.boot.tomcat.GracefulShutdown         : Commencing graceful shutdown. Waiting for active requests to complete
2026-05-03T21:46:11.922+05:30  INFO 24624 --- [SpringSecurity] [tomcat-shutdown] o.s.boot.tomcat.GracefulShutdown         : Graceful shutdown complete
2026-05-03T21:46:11.922+05:30  INFO 24624 --- [SpringSecurity] [      Thread-57] j.LocalContainerEntityManagerFactoryBean : Closing JPA EntityManagerFactory for persistence unit 'default'
2026-05-03T21:46:11.924+05:30  INFO 24624 --- [SpringSecurity] [      Thread-57] com.zaxxer.hikari.HikariDataSource       : HikariPool-16 - Shutdown initiated...
2026-05-03T21:46:11.928+05:30  INFO 24624 --- [SpringSecurity] [      Thread-57] com.zaxxer.hikari.HikariDataSource       : HikariPool-16 - Shutdown completed.

  .   ____          _            __ _ _
 /\\ / ___'_ __ _ _(_)_ __  __ _ \ \ \ \
( ( )\___ | '_ | '_| | '_ \/ _` | \ \ \ \
 \\/  ___)| |_)| | | | | || (_| |  ) ) ) )
  '  |____| .__|_| |_|_| |_\__, | / / / /
 =========|_|==============|___/=/_/_/_/

 :: Spring Boot ::                (v4.0.6)

2026-05-03T21:46:12.175+05:30  INFO 24624 --- [SpringSecurity] [  restartedMain] c.v.S.SpringSecurityApplication          : Starting SpringSecurityApplication using Java 25.0.2 with PID 24624 (D:\Git Hub Project\FCT-JAVA\Advance Java\SpringBoot\Spring Boot Security\SpringSecurity\target\classes started by Arnav Gade in D:\Git Hub Project\FCT-JAVA\Advance Java\SpringBoot\Spring Boot Security\SpringSecurity)
2026-05-03T21:46:12.176+05:30  INFO 24624 --- [SpringSecurity] [  restartedMain] c.v.S.SpringSecurityApplication          : No active profile set, falling back to 1 default profile: "default"
2026-05-03T21:46:12.766+05:30  INFO 24624 --- [SpringSecurity] [  restartedMain] .s.d.r.c.RepositoryConfigurationDelegate : Bootstrapping Spring Data JPA repositories in DEFAULT mode.
2026-05-03T21:46:12.779+05:30  INFO 24624 --- [SpringSecurity] [  restartedMain] .s.d.r.c.RepositoryConfigurationDelegate : Finished Spring Data repository scanning in 10 ms. Found 1 JPA repository interface.
2026-05-03T21:46:13.049+05:30  INFO 24624 --- [SpringSecurity] [  restartedMain] o.s.boot.tomcat.TomcatWebServer          : Tomcat initialized with port 8083 (http)
2026-05-03T21:46:13.066+05:30  INFO 24624 --- [SpringSecurity] [  restartedMain] o.apache.catalina.core.StandardService   : Starting service [Tomcat]
2026-05-03T21:46:13.066+05:30  INFO 24624 --- [SpringSecurity] [  restartedMain] o.apache.catalina.core.StandardEngine    : Starting Servlet engine: [Apache Tomcat/11.0.21]
2026-05-03T21:46:13.113+05:30  INFO 24624 --- [SpringSecurity] [  restartedMain] b.w.c.s.WebApplicationContextInitializer : Root WebApplicationContext: initialization completed in 927 ms
2026-05-03T21:46:13.312+05:30  INFO 24624 --- [SpringSecurity] [  restartedMain] org.hibernate.orm.jpa                    : HHH008540: Processing PersistenceUnitInfo [name: default]
2026-05-03T21:46:13.434+05:30  INFO 24624 --- [SpringSecurity] [  restartedMain] o.s.o.j.p.SpringPersistenceUnitInfo      : No LoadTimeWeaver setup: ignoring JPA class transformer
2026-05-03T21:46:13.436+05:30  INFO 24624 --- [SpringSecurity] [  restartedMain] com.zaxxer.hikari.HikariDataSource       : HikariPool-17 - Starting...
2026-05-03T21:46:13.473+05:30  INFO 24624 --- [SpringSecurity] [  restartedMain] com.zaxxer.hikari.pool.HikariPool        : HikariPool-17 - Added connection com.mysql.cj.jdbc.ConnectionImpl@2b1557e2
2026-05-03T21:46:13.473+05:30  INFO 24624 --- [SpringSecurity] [  restartedMain] com.zaxxer.hikari.HikariDataSource       : HikariPool-17 - Start completed.
2026-05-03T21:46:13.476+05:30  INFO 24624 --- [SpringSecurity] [  restartedMain] org.hibernate.orm.connections.pooling    : HHH10001005: Database info:
	Database JDBC URL [jdbc:mysql://localhost:3306/springsecurity]
	Database driver: MySQL Connector/J
	Database dialect: MySQLDialect
	Database version: 8.0.42
	Default catalog/schema: springsecurity/undefined
	Autocommit mode: undefined/unknown
	Isolation level: REPEATABLE_READ [default REPEATABLE_READ]
	JDBC fetch size: none
	Pool: DataSourceConnectionProvider
	Minimum pool size: undefined/unknown
	Maximum pool size: undefined/unknown
2026-05-03T21:46:13.546+05:30  INFO 24624 --- [SpringSecurity] [  restartedMain] org.hibernate.orm.core                   : HHH000489: No JTA platform available (set 'hibernate.transaction.jta.platform' to enable JTA platform integration)
2026-05-03T21:46:13.565+05:30  INFO 24624 --- [SpringSecurity] [  restartedMain] j.LocalContainerEntityManagerFactoryBean : Initialized JPA EntityManagerFactory for persistence unit 'default'
2026-05-03T21:46:13.665+05:30  WARN 24624 --- [SpringSecurity] [  restartedMain] JpaBaseConfiguration$JpaWebConfiguration : spring.jpa.open-in-view is enabled by default. Therefore, database queries may be performed during view rendering. Explicitly configure spring.jpa.open-in-view to disable this warning
2026-05-03T21:46:13.690+05:30 TRACE 24624 --- [SpringSecurity] [  restartedMain] eGlobalAuthenticationAutowiredConfigurer : Eagerly initializing {securityConfig=com.vedant.SpringSecurity.config.SecurityConfig$$SpringCGLIB$$0@2c73b843}
2026-05-03T21:46:13.693+05:30  INFO 24624 --- [SpringSecurity] [  restartedMain] eAuthenticationProviderManagerConfigurer : Global AuthenticationManager configured with AuthenticationProvider bean with name authenticationProvider
2026-05-03T21:46:13.693+05:30  WARN 24624 --- [SpringSecurity] [  restartedMain] r$InitializeUserDetailsManagerConfigurer : Global AuthenticationManager configured with an AuthenticationProvider bean. UserDetailsService beans will not be used by Spring Security for automatically configuring username/password login. Consider removing the AuthenticationProvider bean. Alternatively, consider using the UserDetailsService in a manually instantiated DaoAuthenticationProvider. If the current configuration is intentional, to turn off this warning, increase the logging level of 'org.springframework.security.config.annotation.authentication.configuration.InitializeUserDetailsBeanManagerConfigurer' to ERROR
2026-05-03T21:46:13.734+05:30 DEBUG 24624 --- [SpringSecurity] [  restartedMain] o.s.s.web.DefaultSecurityFilterChain     : Will secure any request with filters: DisableEncodeUrlFilter, WebAsyncManagerIntegrationFilter, SecurityContextHolderFilter, HeaderWriterFilter, LogoutFilter, BasicAuthenticationFilter, RequestCacheAwareFilter, SecurityContextHolderAwareRequestFilter, AnonymousAuthenticationFilter, SessionManagementFilter, ExceptionTranslationFilter, AuthorizationFilter
2026-05-03T21:46:13.834+05:30  INFO 24624 --- [SpringSecurity] [  restartedMain] o.s.boot.tomcat.TomcatWebServer          : Tomcat started on port 8083 (http) with context path '/'
2026-05-03T21:46:13.837+05:30  INFO 24624 --- [SpringSecurity] [  restartedMain] c.v.S.SpringSecurityApplication          : Started SpringSecurityApplication in 1.789 seconds (process running for 12489.777)
2026-05-03T21:46:13.838+05:30  INFO 24624 --- [SpringSecurity] [  restartedMain] .ConditionEvaluationDeltaLoggingListener : Condition evaluation unchanged
2026-05-03T21:46:18.659+05:30  INFO 24624 --- [SpringSecurity] [   File Watcher] rtingClassPathChangeChangedEventListener : Restarting due to 12 class path changes (0 additions, 11 deletions, 1 modification)
2026-05-03T21:46:18.661+05:30  INFO 24624 --- [SpringSecurity] [      Thread-61] o.s.boot.tomcat.GracefulShutdown         : Commencing graceful shutdown. Waiting for active requests to complete
2026-05-03T21:46:18.717+05:30  INFO 24624 --- [SpringSecurity] [tomcat-shutdown] o.s.boot.tomcat.GracefulShutdown         : Graceful shutdown complete
2026-05-03T21:46:18.719+05:30  INFO 24624 --- [SpringSecurity] [      Thread-61] j.LocalContainerEntityManagerFactoryBean : Closing JPA EntityManagerFactory for persistence unit 'default'
2026-05-03T21:46:18.720+05:30  INFO 24624 --- [SpringSecurity] [      Thread-61] com.zaxxer.hikari.HikariDataSource       : HikariPool-17 - Shutdown initiated...
2026-05-03T21:46:18.746+05:30  INFO 24624 --- [SpringSecurity] [      Thread-61] com.zaxxer.hikari.HikariDataSource       : HikariPool-17 - Shutdown completed.

  .   ____          _            __ _ _
 /\\ / ___'_ __ _ _(_)_ __  __ _ \ \ \ \
( ( )\___ | '_ | '_| | '_ \/ _` | \ \ \ \
 \\/  ___)| |_)| | | | | || (_| |  ) ) ) )
  '  |____| .__|_| |_|_| |_\__, | / / / /
 =========|_|==============|___/=/_/_/_/

 :: Spring Boot ::                (v4.0.6)

2026-05-03T21:46:18.861+05:30  INFO 24624 --- [SpringSecurity] [  restartedMain] c.v.S.SpringSecurityApplication          : Starting SpringSecurityApplication using Java 25.0.2 with PID 24624 (D:\Git Hub Project\FCT-JAVA\Advance Java\SpringBoot\Spring Boot Security\SpringSecurity\target\classes started by Arnav Gade in D:\Git Hub Project\FCT-JAVA\Advance Java\SpringBoot\Spring Boot Security\SpringSecurity)
2026-05-03T21:46:18.861+05:30  INFO 24624 --- [SpringSecurity] [  restartedMain] c.v.S.SpringSecurityApplication          : No active profile set, falling back to 1 default profile: "default"
2026-05-03T21:46:19.116+05:30  INFO 24624 --- [SpringSecurity] [  restartedMain] .s.d.r.c.RepositoryConfigurationDelegate : Bootstrapping Spring Data JPA repositories in DEFAULT mode.
2026-05-03T21:46:19.118+05:30  INFO 24624 --- [SpringSecurity] [  restartedMain] .s.d.r.c.RepositoryConfigurationDelegate : Finished Spring Data repository scanning in 0 ms. Found 0 JPA repository interfaces.
2026-05-03T21:46:19.244+05:30  INFO 24624 --- [SpringSecurity] [  restartedMain] o.s.boot.tomcat.TomcatWebServer          : Tomcat initialized with port 8083 (http)
2026-05-03T21:46:19.245+05:30  INFO 24624 --- [SpringSecurity] [  restartedMain] o.apache.catalina.core.StandardService   : Starting service [Tomcat]
2026-05-03T21:46:19.245+05:30  INFO 24624 --- [SpringSecurity] [  restartedMain] o.apache.catalina.core.StandardEngine    : Starting Servlet engine: [Apache Tomcat/11.0.21]
2026-05-03T21:46:19.279+05:30  INFO 24624 --- [SpringSecurity] [  restartedMain] b.w.c.s.WebApplicationContextInitializer : Root WebApplicationContext: initialization completed in 415 ms
2026-05-03T21:46:19.330+05:30  INFO 24624 --- [SpringSecurity] [  restartedMain] org.hibernate.orm.jpa                    : HHH008540: Processing PersistenceUnitInfo [name: default]
2026-05-03T21:46:19.379+05:30  INFO 24624 --- [SpringSecurity] [  restartedMain] o.s.o.j.p.SpringPersistenceUnitInfo      : No LoadTimeWeaver setup: ignoring JPA class transformer
2026-05-03T21:46:19.382+05:30  INFO 24624 --- [SpringSecurity] [  restartedMain] com.zaxxer.hikari.HikariDataSource       : HikariPool-18 - Starting...
2026-05-03T21:46:19.406+05:30  INFO 24624 --- [SpringSecurity] [  restartedMain] com.zaxxer.hikari.pool.HikariPool        : HikariPool-18 - Added connection com.mysql.cj.jdbc.ConnectionImpl@75838661
2026-05-03T21:46:19.406+05:30  INFO 24624 --- [SpringSecurity] [  restartedMain] com.zaxxer.hikari.HikariDataSource       : HikariPool-18 - Start completed.
2026-05-03T21:46:19.409+05:30  INFO 24624 --- [SpringSecurity] [  restartedMain] org.hibernate.orm.connections.pooling    : HHH10001005: Database info:
	Database JDBC URL [jdbc:mysql://localhost:3306/springsecurity]
	Database driver: MySQL Connector/J
	Database dialect: MySQLDialect
	Database version: 8.0.42
	Default catalog/schema: springsecurity/undefined
	Autocommit mode: undefined/unknown
	Isolation level: REPEATABLE_READ [default REPEATABLE_READ]
	JDBC fetch size: none
	Pool: DataSourceConnectionProvider
	Minimum pool size: undefined/unknown
	Maximum pool size: undefined/unknown
2026-05-03T21:46:19.433+05:30  INFO 24624 --- [SpringSecurity] [  restartedMain] org.hibernate.orm.core                   : HHH000489: No JTA platform available (set 'hibernate.transaction.jta.platform' to enable JTA platform integration)
2026-05-03T21:46:19.434+05:30  INFO 24624 --- [SpringSecurity] [  restartedMain] j.LocalContainerEntityManagerFactoryBean : Initialized JPA EntityManagerFactory for persistence unit 'default'
2026-05-03T21:46:19.478+05:30  WARN 24624 --- [SpringSecurity] [  restartedMain] JpaBaseConfiguration$JpaWebConfiguration : spring.jpa.open-in-view is enabled by default. Therefore, database queries may be performed during view rendering. Explicitly configure spring.jpa.open-in-view to disable this warning
2026-05-03T21:46:19.621+05:30 TRACE 24624 --- [SpringSecurity] [  restartedMain] eGlobalAuthenticationAutowiredConfigurer : Eagerly initializing {org.springframework.boot.security.autoconfigure.web.servlet.ServletWebSecurityAutoConfiguration$EnableWebSecurityConfiguration=org.springframework.boot.security.autoconfigure.web.servlet.ServletWebSecurityAutoConfiguration$EnableWebSecurityConfiguration@60d323aa}
2026-05-03T21:46:19.622+05:30  INFO 24624 --- [SpringSecurity] [  restartedMain] r$InitializeUserDetailsManagerConfigurer : Global AuthenticationManager configured with UserDetailsService bean with name inMemoryUserDetailsManager
2026-05-03T21:46:19.696+05:30 DEBUG 24624 --- [SpringSecurity] [  restartedMain] o.s.s.web.DefaultSecurityFilterChain     : Will secure any request with filters: DisableEncodeUrlFilter, WebAsyncManagerIntegrationFilter, SecurityContextHolderFilter, HeaderWriterFilter, CsrfFilter, LogoutFilter, UsernamePasswordAuthenticationFilter, DefaultResourcesFilter, DefaultLoginPageGeneratingFilter, DefaultLogoutPageGeneratingFilter, BasicAuthenticationFilter, RequestCacheAwareFilter, SecurityContextHolderAwareRequestFilter, AnonymousAuthenticationFilter, ExceptionTranslationFilter, AuthorizationFilter
2026-05-03T21:46:19.720+05:30  INFO 24624 --- [SpringSecurity] [  restartedMain] o.s.boot.tomcat.TomcatWebServer          : Tomcat started on port 8083 (http) with context path '/'
2026-05-03T21:46:19.722+05:30  INFO 24624 --- [SpringSecurity] [  restartedMain] c.v.S.SpringSecurityApplication          : Started SpringSecurityApplication in 0.906 seconds (process running for 12495.662)
2026-05-03T21:46:19.725+05:30  INFO 24624 --- [SpringSecurity] [  restartedMain] .ConditionEvaluationDeltaLoggingListener : Condition evaluation delta:


==========================
CONDITION EVALUATION DELTA
==========================


Positive matches:
-----------------

   ServletWebSecurityAutoConfiguration.EnableWebSecurityConfiguration matched:
      - @ConditionalOnClass found required class 'org.springframework.security.config.annotation.web.configuration.EnableWebSecurity' (OnClassCondition)
      - @ConditionalOnMissingBean (names: springSecurityFilterChain; SearchStrategy: all) did not find any beans (OnBeanCondition)

   ServletWebSecurityAutoConfiguration.SecurityFilterChainConfiguration matched:
      - AllNestedConditions 2 matched 0 did not; NestedCondition on DefaultWebSecurityCondition.Beans @ConditionalOnMissingBean (types: org.springframework.security.web.SecurityFilterChain; SearchStrategy: all) did not find any beans; NestedCondition on DefaultWebSecurityCondition.Classes @ConditionalOnClass found required classes 'org.springframework.security.web.SecurityFilterChain', 'org.springframework.security.config.annotation.web.builders.HttpSecurity' (DefaultWebSecurityCondition)

   UserDetailsServiceAutoConfiguration matched:
      - @ConditionalOnClass found required class 'org.springframework.security.authentication.AuthenticationManager' (OnClassCondition)
      - found 'session' scope (OnWebApplicationCondition)
      - AnyNestedCondition 3 matched 0 did not; NestedCondition on MissingAlternativeUserDetailsManagerOrUserPropertiesConfigured.PasswordConfigured @ConditionalOnProperty (spring.security.user.password) matched; NestedCondition on MissingAlternativeUserDetailsManagerOrUserPropertiesConfigured.NameConfigured @ConditionalOnProperty (spring.security.user.name) matched; NestedCondition on MissingAlternativeUserDetailsManagerOrUserPropertiesConfigured.MissingAlternative @ConditionalOnMissingClass did not find unwanted classes 'org.springframework.security.oauth2.client.registration.ClientRegistrationRepository', 'org.springframework.security.oauth2.server.resource.introspection.OpaqueTokenIntrospector', 'org.springframework.security.saml2.provider.service.registration.RelyingPartyRegistrationRepository' (MissingAlternativeUserDetailsManagerOrUserPropertiesConfigured)
      - @ConditionalOnMissingBean (types: org.springframework.security.authentication.AuthenticationManager,org.springframework.security.authentication.AuthenticationProvider,org.springframework.security.core.userdetails.UserDetailsService,org.springframework.security.authentication.AuthenticationManagerResolver,org.springframework.security.oauth2.jwt.JwtDecoder; SearchStrategy: all) did not find any beans (OnBeanCondition)


Negative matches:
-----------------

    None


Exclusions:
-----------

    None


Unconditional classes:
----------------------

    None



2026-05-03T21:46:21.035+05:30  INFO 24624 --- [SpringSecurity] [   File Watcher] rtingClassPathChangeChangedEventListener : Restarting due to 11 class path changes (11 additions, 0 deletions, 0 modifications)
2026-05-03T21:46:21.045+05:30  INFO 24624 --- [SpringSecurity] [      Thread-65] o.s.boot.tomcat.GracefulShutdown         : Commencing graceful shutdown. Waiting for active requests to complete
2026-05-03T21:46:21.070+05:30  INFO 24624 --- [SpringSecurity] [tomcat-shutdown] o.s.boot.tomcat.GracefulShutdown         : Graceful shutdown complete
2026-05-03T21:46:21.080+05:30  INFO 24624 --- [SpringSecurity] [      Thread-65] j.LocalContainerEntityManagerFactoryBean : Closing JPA EntityManagerFactory for persistence unit 'default'
2026-05-03T21:46:21.081+05:30  INFO 24624 --- [SpringSecurity] [      Thread-65] com.zaxxer.hikari.HikariDataSource       : HikariPool-18 - Shutdown initiated...
2026-05-03T21:46:21.088+05:30  INFO 24624 --- [SpringSecurity] [      Thread-65] com.zaxxer.hikari.HikariDataSource       : HikariPool-18 - Shutdown completed.

  .   ____          _            __ _ _
 /\\ / ___'_ __ _ _(_)_ __  __ _ \ \ \ \
( ( )\___ | '_ | '_| | '_ \/ _` | \ \ \ \
 \\/  ___)| |_)| | | | | || (_| |  ) ) ) )
  '  |____| .__|_| |_|_| |_\__, | / / / /
 =========|_|==============|___/=/_/_/_/

 :: Spring Boot ::                (v4.0.6)

2026-05-03T21:46:21.208+05:30  INFO 24624 --- [SpringSecurity] [  restartedMain] c.v.S.SpringSecurityApplication          : Starting SpringSecurityApplication using Java 25.0.2 with PID 24624 (D:\Git Hub Project\FCT-JAVA\Advance Java\SpringBoot\Spring Boot Security\SpringSecurity\target\classes started by Arnav Gade in D:\Git Hub Project\FCT-JAVA\Advance Java\SpringBoot\Spring Boot Security\SpringSecurity)
2026-05-03T21:46:21.208+05:30  INFO 24624 --- [SpringSecurity] [  restartedMain] c.v.S.SpringSecurityApplication          : No active profile set, falling back to 1 default profile: "default"
2026-05-03T21:46:21.621+05:30  INFO 24624 --- [SpringSecurity] [  restartedMain] .s.d.r.c.RepositoryConfigurationDelegate : Bootstrapping Spring Data JPA repositories in DEFAULT mode.
2026-05-03T21:46:21.645+05:30  INFO 24624 --- [SpringSecurity] [  restartedMain] .s.d.r.c.RepositoryConfigurationDelegate : Finished Spring Data repository scanning in 22 ms. Found 1 JPA repository interface.
2026-05-03T21:46:21.839+05:30  INFO 24624 --- [SpringSecurity] [  restartedMain] o.s.boot.tomcat.TomcatWebServer          : Tomcat initialized with port 8083 (http)
2026-05-03T21:46:21.841+05:30  INFO 24624 --- [SpringSecurity] [  restartedMain] o.apache.catalina.core.StandardService   : Starting service [Tomcat]
2026-05-03T21:46:21.841+05:30  INFO 24624 --- [SpringSecurity] [  restartedMain] o.apache.catalina.core.StandardEngine    : Starting Servlet engine: [Apache Tomcat/11.0.21]
2026-05-03T21:46:21.907+05:30  INFO 24624 --- [SpringSecurity] [  restartedMain] b.w.c.s.WebApplicationContextInitializer : Root WebApplicationContext: initialization completed in 689 ms
2026-05-03T21:46:21.964+05:30  INFO 24624 --- [SpringSecurity] [  restartedMain] org.hibernate.orm.jpa                    : HHH008540: Processing PersistenceUnitInfo [name: default]
2026-05-03T21:46:21.999+05:30  INFO 24624 --- [SpringSecurity] [  restartedMain] o.s.o.j.p.SpringPersistenceUnitInfo      : No LoadTimeWeaver setup: ignoring JPA class transformer
2026-05-03T21:46:22.000+05:30  INFO 24624 --- [SpringSecurity] [  restartedMain] com.zaxxer.hikari.HikariDataSource       : HikariPool-19 - Starting...
2026-05-03T21:46:22.030+05:30  INFO 24624 --- [SpringSecurity] [  restartedMain] com.zaxxer.hikari.pool.HikariPool        : HikariPool-19 - Added connection com.mysql.cj.jdbc.ConnectionImpl@67c6a5d1
2026-05-03T21:46:22.030+05:30  INFO 24624 --- [SpringSecurity] [  restartedMain] com.zaxxer.hikari.HikariDataSource       : HikariPool-19 - Start completed.
2026-05-03T21:46:22.032+05:30  INFO 24624 --- [SpringSecurity] [  restartedMain] org.hibernate.orm.connections.pooling    : HHH10001005: Database info:
	Database JDBC URL [jdbc:mysql://localhost:3306/springsecurity]
	Database driver: MySQL Connector/J
	Database dialect: MySQLDialect
	Database version: 8.0.42
	Default catalog/schema: springsecurity/undefined
	Autocommit mode: undefined/unknown
	Isolation level: REPEATABLE_READ [default REPEATABLE_READ]
	JDBC fetch size: none
	Pool: DataSourceConnectionProvider
	Minimum pool size: undefined/unknown
	Maximum pool size: undefined/unknown
2026-05-03T21:46:22.143+05:30  INFO 24624 --- [SpringSecurity] [  restartedMain] org.hibernate.orm.core                   : HHH000489: No JTA platform available (set 'hibernate.transaction.jta.platform' to enable JTA platform integration)
2026-05-03T21:46:22.155+05:30  INFO 24624 --- [SpringSecurity] [  restartedMain] j.LocalContainerEntityManagerFactoryBean : Initialized JPA EntityManagerFactory for persistence unit 'default'
2026-05-03T21:46:22.273+05:30  WARN 24624 --- [SpringSecurity] [  restartedMain] JpaBaseConfiguration$JpaWebConfiguration : spring.jpa.open-in-view is enabled by default. Therefore, database queries may be performed during view rendering. Explicitly configure spring.jpa.open-in-view to disable this warning
2026-05-03T21:46:22.309+05:30 TRACE 24624 --- [SpringSecurity] [  restartedMain] eGlobalAuthenticationAutowiredConfigurer : Eagerly initializing {securityConfig=com.vedant.SpringSecurity.config.SecurityConfig$$SpringCGLIB$$0@4eadf045}
2026-05-03T21:46:22.311+05:30  INFO 24624 --- [SpringSecurity] [  restartedMain] eAuthenticationProviderManagerConfigurer : Global AuthenticationManager configured with AuthenticationProvider bean with name authenticationProvider
2026-05-03T21:46:22.311+05:30  WARN 24624 --- [SpringSecurity] [  restartedMain] r$InitializeUserDetailsManagerConfigurer : Global AuthenticationManager configured with an AuthenticationProvider bean. UserDetailsService beans will not be used by Spring Security for automatically configuring username/password login. Consider removing the AuthenticationProvider bean. Alternatively, consider using the UserDetailsService in a manually instantiated DaoAuthenticationProvider. If the current configuration is intentional, to turn off this warning, increase the logging level of 'org.springframework.security.config.annotation.authentication.configuration.InitializeUserDetailsBeanManagerConfigurer' to ERROR
2026-05-03T21:46:22.425+05:30 DEBUG 24624 --- [SpringSecurity] [  restartedMain] o.s.s.web.DefaultSecurityFilterChain     : Will secure any request with filters: DisableEncodeUrlFilter, WebAsyncManagerIntegrationFilter, SecurityContextHolderFilter, HeaderWriterFilter, LogoutFilter, BasicAuthenticationFilter, RequestCacheAwareFilter, SecurityContextHolderAwareRequestFilter, AnonymousAuthenticationFilter, SessionManagementFilter, ExceptionTranslationFilter, AuthorizationFilter
2026-05-03T21:46:22.602+05:30  INFO 24624 --- [SpringSecurity] [  restartedMain] o.s.boot.tomcat.TomcatWebServer          : Tomcat started on port 8083 (http) with context path '/'
2026-05-03T21:46:22.609+05:30  INFO 24624 --- [SpringSecurity] [  restartedMain] c.v.S.SpringSecurityApplication          : Started SpringSecurityApplication in 1.455 seconds (process running for 12498.549)
2026-05-03T21:46:22.611+05:30  INFO 24624 --- [SpringSecurity] [  restartedMain] .ConditionEvaluationDeltaLoggingListener : Condition evaluation delta:


==========================
CONDITION EVALUATION DELTA
==========================


Positive matches:
-----------------

    None


Negative matches:
-----------------

   ServletWebSecurityAutoConfiguration.EnableWebSecurityConfiguration:
      Did not match:
         - @ConditionalOnMissingBean (names: springSecurityFilterChain; SearchStrategy: all) found beans named springSecurityFilterChain (OnBeanCondition)
      Matched:
         - @ConditionalOnClass found required class 'org.springframework.security.config.annotation.web.configuration.EnableWebSecurity' (OnClassCondition)

   ServletWebSecurityAutoConfiguration.SecurityFilterChainConfiguration:
      Did not match:
         - AllNestedConditions 1 matched 1 did not; NestedCondition on DefaultWebSecurityCondition.Beans @ConditionalOnMissingBean (types: org.springframework.security.web.SecurityFilterChain; SearchStrategy: all) found beans of type 'org.springframework.security.web.SecurityFilterChain' securityFilterChain; NestedCondition on DefaultWebSecurityCondition.Classes @ConditionalOnClass found required classes 'org.springframework.security.web.SecurityFilterChain', 'org.springframework.security.config.annotation.web.builders.HttpSecurity' (DefaultWebSecurityCondition)

   UserDetailsServiceAutoConfiguration:
      Did not match:
         - @ConditionalOnMissingBean (types: org.springframework.security.authentication.AuthenticationManager,org.springframework.security.authentication.AuthenticationProvider,org.springframework.security.core.userdetails.UserDetailsService,org.springframework.security.authentication.AuthenticationManagerResolver,org.springframework.security.oauth2.jwt.JwtDecoder; SearchStrategy: all) found beans of type 'org.springframework.security.authentication.AuthenticationManager' authenticationManager and found beans of type 'org.springframework.security.core.userdetails.UserDetailsService' myUserDetailsService and found beans of type 'org.springframework.security.authentication.AuthenticationProvider' authenticationProvider (OnBeanCondition)
      Matched:
         - @ConditionalOnClass found required class 'org.springframework.security.authentication.AuthenticationManager' (OnClassCondition)
         - found 'session' scope (OnWebApplicationCondition)
         - AnyNestedCondition 3 matched 0 did not; NestedCondition on MissingAlternativeUserDetailsManagerOrUserPropertiesConfigured.PasswordConfigured @ConditionalOnProperty (spring.security.user.password) matched; NestedCondition on MissingAlternativeUserDetailsManagerOrUserPropertiesConfigured.NameConfigured @ConditionalOnProperty (spring.security.user.name) matched; NestedCondition on MissingAlternativeUserDetailsManagerOrUserPropertiesConfigured.MissingAlternative @ConditionalOnMissingClass did not find unwanted classes 'org.springframework.security.oauth2.client.registration.ClientRegistrationRepository', 'org.springframework.security.oauth2.server.resource.introspection.OpaqueTokenIntrospector', 'org.springframework.security.saml2.provider.service.registration.RelyingPartyRegistrationRepository' (MissingAlternativeUserDetailsManagerOrUserPropertiesConfigured)


Exclusions:
-----------

    None


Unconditional classes:
----------------------

    None



2026-05-03T21:50:40.797+05:30  INFO 24624 --- [SpringSecurity] [   File Watcher] rtingClassPathChangeChangedEventListener : Restarting due to 1 class path change (0 additions, 0 deletions, 1 modification)
2026-05-03T21:50:41.073+05:30  INFO 24624 --- [SpringSecurity] [      Thread-69] o.s.boot.tomcat.GracefulShutdown         : Commencing graceful shutdown. Waiting for active requests to complete
2026-05-03T21:50:41.244+05:30  INFO 24624 --- [SpringSecurity] [tomcat-shutdown] o.s.boot.tomcat.GracefulShutdown         : Graceful shutdown complete
2026-05-03T21:50:41.418+05:30  INFO 24624 --- [SpringSecurity] [      Thread-69] j.LocalContainerEntityManagerFactoryBean : Closing JPA EntityManagerFactory for persistence unit 'default'
2026-05-03T21:50:41.525+05:30  INFO 24624 --- [SpringSecurity] [      Thread-69] com.zaxxer.hikari.HikariDataSource       : HikariPool-19 - Shutdown initiated...
2026-05-03T21:50:41.674+05:30  INFO 24624 --- [SpringSecurity] [      Thread-69] com.zaxxer.hikari.HikariDataSource       : HikariPool-19 - Shutdown completed.

  .   ____          _            __ _ _
 /\\ / ___'_ __ _ _(_)_ __  __ _ \ \ \ \
( ( )\___ | '_ | '_| | '_ \/ _` | \ \ \ \
 \\/  ___)| |_)| | | | | || (_| |  ) ) ) )
  '  |____| .__|_| |_|_| |_\__, | / / / /
 =========|_|==============|___/=/_/_/_/

 :: Spring Boot ::                (v4.0.6)

2026-05-03T21:50:43.455+05:30  INFO 24624 --- [SpringSecurity] [  restartedMain] c.v.S.SpringSecurityApplication          : Starting SpringSecurityApplication using Java 25.0.2 with PID 24624 (D:\Git Hub Project\FCT-JAVA\Advance Java\SpringBoot\Spring Boot Security\SpringSecurity\target\classes started by Arnav Gade in D:\Git Hub Project\FCT-JAVA\Advance Java\SpringBoot\Spring Boot Security\SpringSecurity)
2026-05-03T21:50:43.455+05:30  INFO 24624 --- [SpringSecurity] [  restartedMain] c.v.S.SpringSecurityApplication          : No active profile set, falling back to 1 default profile: "default"
2026-05-03T21:50:43.928+05:30  INFO 24624 --- [SpringSecurity] [  restartedMain] .s.d.r.c.RepositoryConfigurationDelegate : Bootstrapping Spring Data JPA repositories in DEFAULT mode.
2026-05-03T21:50:43.970+05:30  INFO 24624 --- [SpringSecurity] [  restartedMain] .s.d.r.c.RepositoryConfigurationDelegate : Finished Spring Data repository scanning in 29 ms. Found 1 JPA repository interface.
2026-05-03T21:50:44.841+05:30  INFO 24624 --- [SpringSecurity] [  restartedMain] o.s.boot.tomcat.TomcatWebServer          : Tomcat initialized with port 8083 (http)
2026-05-03T21:50:44.850+05:30  INFO 24624 --- [SpringSecurity] [  restartedMain] o.apache.catalina.core.StandardService   : Starting service [Tomcat]
2026-05-03T21:50:44.850+05:30  INFO 24624 --- [SpringSecurity] [  restartedMain] o.apache.catalina.core.StandardEngine    : Starting Servlet engine: [Apache Tomcat/11.0.21]
2026-05-03T21:50:44.920+05:30  INFO 24624 --- [SpringSecurity] [  restartedMain] b.w.c.s.WebApplicationContextInitializer : Root WebApplicationContext: initialization completed in 1457 ms
2026-05-03T21:50:45.040+05:30  INFO 24624 --- [SpringSecurity] [  restartedMain] org.hibernate.orm.jpa                    : HHH008540: Processing PersistenceUnitInfo [name: default]
2026-05-03T21:50:45.145+05:30  INFO 24624 --- [SpringSecurity] [  restartedMain] o.s.o.j.p.SpringPersistenceUnitInfo      : No LoadTimeWeaver setup: ignoring JPA class transformer
2026-05-03T21:50:45.151+05:30  INFO 24624 --- [SpringSecurity] [  restartedMain] com.zaxxer.hikari.HikariDataSource       : HikariPool-20 - Starting...
2026-05-03T21:50:45.210+05:30  INFO 24624 --- [SpringSecurity] [  restartedMain] com.zaxxer.hikari.pool.HikariPool        : HikariPool-20 - Added connection com.mysql.cj.jdbc.ConnectionImpl@6e279955
2026-05-03T21:50:45.211+05:30  INFO 24624 --- [SpringSecurity] [  restartedMain] com.zaxxer.hikari.HikariDataSource       : HikariPool-20 - Start completed.
2026-05-03T21:50:45.217+05:30  INFO 24624 --- [SpringSecurity] [  restartedMain] org.hibernate.orm.connections.pooling    : HHH10001005: Database info:
	Database JDBC URL [jdbc:mysql://localhost:3306/springsecurity]
	Database driver: MySQL Connector/J
	Database dialect: MySQLDialect
	Database version: 8.0.42
	Default catalog/schema: springsecurity/undefined
	Autocommit mode: undefined/unknown
	Isolation level: REPEATABLE_READ [default REPEATABLE_READ]
	JDBC fetch size: none
	Pool: DataSourceConnectionProvider
	Minimum pool size: undefined/unknown
	Maximum pool size: undefined/unknown
2026-05-03T21:50:45.446+05:30  INFO 24624 --- [SpringSecurity] [  restartedMain] org.hibernate.orm.core                   : HHH000489: No JTA platform available (set 'hibernate.transaction.jta.platform' to enable JTA platform integration)
2026-05-03T21:50:45.472+05:30  INFO 24624 --- [SpringSecurity] [  restartedMain] j.LocalContainerEntityManagerFactoryBean : Initialized JPA EntityManagerFactory for persistence unit 'default'
2026-05-03T21:50:45.702+05:30  WARN 24624 --- [SpringSecurity] [  restartedMain] JpaBaseConfiguration$JpaWebConfiguration : spring.jpa.open-in-view is enabled by default. Therefore, database queries may be performed during view rendering. Explicitly configure spring.jpa.open-in-view to disable this warning
2026-05-03T21:50:45.786+05:30 TRACE 24624 --- [SpringSecurity] [  restartedMain] eGlobalAuthenticationAutowiredConfigurer : Eagerly initializing {securityConfig=com.vedant.SpringSecurity.config.SecurityConfig$$SpringCGLIB$$0@7855c8b0}
2026-05-03T21:50:45.788+05:30  INFO 24624 --- [SpringSecurity] [  restartedMain] eAuthenticationProviderManagerConfigurer : Global AuthenticationManager configured with AuthenticationProvider bean with name authenticationProvider
2026-05-03T21:50:45.788+05:30  WARN 24624 --- [SpringSecurity] [  restartedMain] r$InitializeUserDetailsManagerConfigurer : Global AuthenticationManager configured with an AuthenticationProvider bean. UserDetailsService beans will not be used by Spring Security for automatically configuring username/password login. Consider removing the AuthenticationProvider bean. Alternatively, consider using the UserDetailsService in a manually instantiated DaoAuthenticationProvider. If the current configuration is intentional, to turn off this warning, increase the logging level of 'org.springframework.security.config.annotation.authentication.configuration.InitializeUserDetailsBeanManagerConfigurer' to ERROR
2026-05-03T21:50:45.863+05:30  WARN 24624 --- [SpringSecurity] [  restartedMain] thorizationManagerRequestMatcherRegistry : One of the patterns in [/register, /error, login] is missing a leading slash. This is discouraged; please include the leading slash in all your request matcher patterns. In future versions of Spring Security, leaving out the leading slash will result in an exception.
2026-05-03T21:50:45.864+05:30  WARN 24624 --- [SpringSecurity] [  restartedMain] ConfigServletWebServerApplicationContext : Exception encountered during context initialization - cancelling refresh attempt: org.springframework.beans.factory.UnsatisfiedDependencyException: Error creating bean with name 'org.springframework.security.config.annotation.web.configuration.WebSecurityConfiguration': Unsatisfied dependency expressed through method 'setFilterChains' parameter 0: Error creating bean with name 'securityFilterChain' defined in class path resource [com/vedant/SpringSecurity/config/SecurityConfig.class]: Failed to instantiate [org.springframework.security.web.SecurityFilterChain]: Factory method 'securityFilterChain' threw exception with message: pattern must start with a /
2026-05-03T21:50:45.864+05:30  INFO 24624 --- [SpringSecurity] [  restartedMain] j.LocalContainerEntityManagerFactoryBean : Closing JPA EntityManagerFactory for persistence unit 'default'
2026-05-03T21:50:45.865+05:30  INFO 24624 --- [SpringSecurity] [  restartedMain] com.zaxxer.hikari.HikariDataSource       : HikariPool-20 - Shutdown initiated...
2026-05-03T21:50:45.902+05:30  INFO 24624 --- [SpringSecurity] [  restartedMain] com.zaxxer.hikari.HikariDataSource       : HikariPool-20 - Shutdown completed.
2026-05-03T21:50:45.903+05:30  INFO 24624 --- [SpringSecurity] [  restartedMain] o.apache.catalina.core.StandardService   : Stopping service [Tomcat]
2026-05-03T21:50:45.907+05:30  INFO 24624 --- [SpringSecurity] [  restartedMain] .s.b.a.l.ConditionEvaluationReportLogger : 

Error starting ApplicationContext. To display the condition evaluation report re-run your application with 'debug' enabled.
2026-05-03T21:50:45.914+05:30 ERROR 24624 --- [SpringSecurity] [  restartedMain] o.s.boot.SpringApplication               : Application run failed

org.springframework.beans.factory.UnsatisfiedDependencyException: Error creating bean with name 'org.springframework.security.config.annotation.web.configuration.WebSecurityConfiguration': Unsatisfied dependency expressed through method 'setFilterChains' parameter 0: Error creating bean with name 'securityFilterChain' defined in class path resource [com/vedant/SpringSecurity/config/SecurityConfig.class]: Failed to instantiate [org.springframework.security.web.SecurityFilterChain]: Factory method 'securityFilterChain' threw exception with message: pattern must start with a /
	at org.springframework.beans.factory.annotation.AutowiredAnnotationBeanPostProcessor$AutowiredMethodElement.resolveMethodArguments(AutowiredAnnotationBeanPostProcessor.java:872) ~[spring-beans-7.0.7.jar:7.0.7]
	at org.springframework.beans.factory.annotation.AutowiredAnnotationBeanPostProcessor$AutowiredMethodElement.inject(AutowiredAnnotationBeanPostProcessor.java:827) ~[spring-beans-7.0.7.jar:7.0.7]
	at org.springframework.beans.factory.annotation.InjectionMetadata.inject(InjectionMetadata.java:146) ~[spring-beans-7.0.7.jar:7.0.7]
	at org.springframework.beans.factory.annotation.AutowiredAnnotationBeanPostProcessor.postProcessProperties(AutowiredAnnotationBeanPostProcessor.java:493) ~[spring-beans-7.0.7.jar:7.0.7]
	at org.springframework.beans.factory.support.AbstractAutowireCapableBeanFactory.populateBean(AbstractAutowireCapableBeanFactory.java:1446) ~[spring-beans-7.0.7.jar:7.0.7]
	at org.springframework.beans.factory.support.AbstractAutowireCapableBeanFactory.doCreateBean(AbstractAutowireCapableBeanFactory.java:602) ~[spring-beans-7.0.7.jar:7.0.7]
	at org.springframework.beans.factory.support.AbstractAutowireCapableBeanFactory.createBean(AbstractAutowireCapableBeanFactory.java:525) ~[spring-beans-7.0.7.jar:7.0.7]
	at org.springframework.beans.factory.support.AbstractBeanFactory.lambda$doGetBean$0(AbstractBeanFactory.java:333) ~[spring-beans-7.0.7.jar:7.0.7]
	at org.springframework.beans.factory.support.DefaultSingletonBeanRegistry.getSingleton(DefaultSingletonBeanRegistry.java:371) ~[spring-beans-7.0.7.jar:7.0.7]
	at org.springframework.beans.factory.support.AbstractBeanFactory.doGetBean(AbstractBeanFactory.java:331) ~[spring-beans-7.0.7.jar:7.0.7]
	at org.springframework.beans.factory.support.AbstractBeanFactory.getBean(AbstractBeanFactory.java:196) ~[spring-beans-7.0.7.jar:7.0.7]
	at org.springframework.beans.factory.support.DefaultListableBeanFactory.instantiateSingleton(DefaultListableBeanFactory.java:1218) ~[spring-beans-7.0.7.jar:7.0.7]
	at org.springframework.beans.factory.support.DefaultListableBeanFactory.preInstantiateSingleton(DefaultListableBeanFactory.java:1184) ~[spring-beans-7.0.7.jar:7.0.7]
	at org.springframework.beans.factory.support.DefaultListableBeanFactory.preInstantiateSingletons(DefaultListableBeanFactory.java:1121) ~[spring-beans-7.0.7.jar:7.0.7]
	at org.springframework.context.support.AbstractApplicationContext.finishBeanFactoryInitialization(AbstractApplicationContext.java:994) ~[spring-context-7.0.7.jar:7.0.7]
	at org.springframework.context.support.AbstractApplicationContext.refresh(AbstractApplicationContext.java:621) ~[spring-context-7.0.7.jar:7.0.7]
	at org.springframework.boot.web.server.servlet.context.ServletWebServerApplicationContext.refresh(ServletWebServerApplicationContext.java:143) ~[spring-boot-web-server-4.0.6.jar:4.0.6]
	at org.springframework.boot.SpringApplication.refresh(SpringApplication.java:756) ~[spring-boot-4.0.6.jar:4.0.6]
	at org.springframework.boot.SpringApplication.refreshContext(SpringApplication.java:445) ~[spring-boot-4.0.6.jar:4.0.6]
	at org.springframework.boot.SpringApplication.run(SpringApplication.java:321) ~[spring-boot-4.0.6.jar:4.0.6]
	at org.springframework.boot.SpringApplication.run(SpringApplication.java:1365) ~[spring-boot-4.0.6.jar:4.0.6]
	at org.springframework.boot.SpringApplication.run(SpringApplication.java:1354) ~[spring-boot-4.0.6.jar:4.0.6]
	at com.vedant.SpringSecurity.SpringSecurityApplication.main(SpringSecurityApplication.java:10) ~[classes/:na]
	at java.base/jdk.internal.reflect.DirectMethodHandleAccessor.invoke(DirectMethodHandleAccessor.java:104) ~[na:na]
	at java.base/java.lang.reflect.Method.invoke(Method.java:565) ~[na:na]
	at org.springframework.boot.devtools.restart.RestartLauncher.run(RestartLauncher.java:52) ~[spring-boot-devtools-4.0.6.jar:4.0.6]
Caused by: org.springframework.beans.factory.BeanCreationException: Error creating bean with name 'securityFilterChain' defined in class path resource [com/vedant/SpringSecurity/config/SecurityConfig.class]: Failed to instantiate [org.springframework.security.web.SecurityFilterChain]: Factory method 'securityFilterChain' threw exception with message: pattern must start with a /
	at org.springframework.beans.factory.support.ConstructorResolver.instantiate(ConstructorResolver.java:657) ~[spring-beans-7.0.7.jar:7.0.7]
	at org.springframework.beans.factory.support.ConstructorResolver.instantiateUsingFactoryMethod(ConstructorResolver.java:645) ~[spring-beans-7.0.7.jar:7.0.7]
	at org.springframework.beans.factory.support.AbstractAutowireCapableBeanFactory.instantiateUsingFactoryMethod(AbstractAutowireCapableBeanFactory.java:1362) ~[spring-beans-7.0.7.jar:7.0.7]
	at org.springframework.beans.factory.support.AbstractAutowireCapableBeanFactory.createBeanInstance(AbstractAutowireCapableBeanFactory.java:1194) ~[spring-beans-7.0.7.jar:7.0.7]
	at org.springframework.beans.factory.support.AbstractAutowireCapableBeanFactory.doCreateBean(AbstractAutowireCapableBeanFactory.java:565) ~[spring-beans-7.0.7.jar:7.0.7]
	at org.springframework.beans.factory.support.AbstractAutowireCapableBeanFactory.createBean(AbstractAutowireCapableBeanFactory.java:525) ~[spring-beans-7.0.7.jar:7.0.7]
	at org.springframework.beans.factory.support.AbstractBeanFactory.lambda$doGetBean$0(AbstractBeanFactory.java:333) ~[spring-beans-7.0.7.jar:7.0.7]
	at org.springframework.beans.factory.support.DefaultSingletonBeanRegistry.getSingleton(DefaultSingletonBeanRegistry.java:371) ~[spring-beans-7.0.7.jar:7.0.7]
	at org.springframework.beans.factory.support.AbstractBeanFactory.doGetBean(AbstractBeanFactory.java:331) ~[spring-beans-7.0.7.jar:7.0.7]
	at org.springframework.beans.factory.support.AbstractBeanFactory.getBean(AbstractBeanFactory.java:201) ~[spring-beans-7.0.7.jar:7.0.7]
	at org.springframework.beans.factory.config.DependencyDescriptor.resolveCandidate(DependencyDescriptor.java:229) ~[spring-beans-7.0.7.jar:7.0.7]
	at org.springframework.beans.factory.support.DefaultListableBeanFactory.addCandidateEntry(DefaultListableBeanFactory.java:2008) ~[spring-beans-7.0.7.jar:7.0.7]
	at org.springframework.beans.factory.support.DefaultListableBeanFactory.findAutowireCandidates(DefaultListableBeanFactory.java:1971) ~[spring-beans-7.0.7.jar:7.0.7]
	at org.springframework.beans.factory.support.DefaultListableBeanFactory.resolveMultipleBeanCollection(DefaultListableBeanFactory.java:1863) ~[spring-beans-7.0.7.jar:7.0.7]
	at org.springframework.beans.factory.support.DefaultListableBeanFactory.resolveMultipleBeans(DefaultListableBeanFactory.java:1833) ~[spring-beans-7.0.7.jar:7.0.7]
	at org.springframework.beans.factory.support.DefaultListableBeanFactory.doResolveDependency(DefaultListableBeanFactory.java:1711) ~[spring-beans-7.0.7.jar:7.0.7]
	at org.springframework.beans.factory.support.DefaultListableBeanFactory.resolveDependency(DefaultListableBeanFactory.java:1651) ~[spring-beans-7.0.7.jar:7.0.7]
	at org.springframework.beans.factory.annotation.AutowiredAnnotationBeanPostProcessor$AutowiredMethodElement.resolveMethodArguments(AutowiredAnnotationBeanPostProcessor.java:864) ~[spring-beans-7.0.7.jar:7.0.7]
	... 25 common frames omitted
Caused by: org.springframework.beans.BeanInstantiationException: Failed to instantiate [org.springframework.security.web.SecurityFilterChain]: Factory method 'securityFilterChain' threw exception with message: pattern must start with a /
	at org.springframework.beans.factory.support.SimpleInstantiationStrategy.lambda$instantiate$0(SimpleInstantiationStrategy.java:183) ~[spring-beans-7.0.7.jar:7.0.7]
	at org.springframework.beans.factory.support.SimpleInstantiationStrategy.instantiateWithFactoryMethod(SimpleInstantiationStrategy.java:72) ~[spring-beans-7.0.7.jar:7.0.7]
	at org.springframework.beans.factory.support.SimpleInstantiationStrategy.instantiate(SimpleInstantiationStrategy.java:152) ~[spring-beans-7.0.7.jar:7.0.7]
	at org.springframework.beans.factory.support.ConstructorResolver.instantiate(ConstructorResolver.java:653) ~[spring-beans-7.0.7.jar:7.0.7]
	... 42 common frames omitted
Caused by: java.lang.IllegalArgumentException: pattern must start with a /
	at org.springframework.util.Assert.isTrue(Assert.java:117) ~[spring-core-7.0.7.jar:7.0.7]
	at org.springframework.security.web.servlet.util.matcher.PathPatternRequestMatcher$Builder.matcher(PathPatternRequestMatcher.java:320) ~[spring-security-web-7.0.5.jar:7.0.5]
	at org.springframework.security.config.annotation.web.AbstractRequestMatcherRegistry.requestMatchers(AbstractRequestMatcherRegistry.java:150) ~[spring-security-config-7.0.5.jar:7.0.5]
	at org.springframework.security.config.annotation.web.AbstractRequestMatcherRegistry.requestMatchers(AbstractRequestMatcherRegistry.java:195) ~[spring-security-config-7.0.5.jar:7.0.5]
	at com.vedant.SpringSecurity.config.SecurityConfig.lambda$2(SecurityConfig.java:33) ~[classes/:na]
	at org.springframework.security.config.annotation.web.builders.HttpSecurity.authorizeHttpRequests(HttpSecurity.java:715) ~[spring-security-config-7.0.5.jar:7.0.5]
	at com.vedant.SpringSecurity.config.SecurityConfig.securityFilterChain(SecurityConfig.java:32) ~[classes/:na]
	at com.vedant.SpringSecurity.config.SecurityConfig$$SpringCGLIB$$0.CGLIB$securityFilterChain$1(<generated>) ~[classes/:na]
	at com.vedant.SpringSecurity.config.SecurityConfig$$SpringCGLIB$$FastClass$$1.invoke(<generated>) ~[classes/:na]
	at org.springframework.cglib.proxy.MethodProxy.invokeSuper(MethodProxy.java:258) ~[spring-core-7.0.7.jar:7.0.7]
	at org.springframework.context.annotation.ConfigurationClassEnhancer$BeanMethodInterceptor.intercept(ConfigurationClassEnhancer.java:398) ~[spring-context-7.0.7.jar:7.0.7]
	at com.vedant.SpringSecurity.config.SecurityConfig$$SpringCGLIB$$0.securityFilterChain(<generated>) ~[classes/:na]
	at java.base/jdk.internal.reflect.DirectMethodHandleAccessor.invoke(DirectMethodHandleAccessor.java:104) ~[na:na]
	at java.base/java.lang.reflect.Method.invoke(Method.java:565) ~[na:na]
	at org.springframework.beans.factory.support.SimpleInstantiationStrategy.lambda$instantiate$0(SimpleInstantiationStrategy.java:155) ~[spring-beans-7.0.7.jar:7.0.7]
	... 45 common frames omitted


  .   ____          _            __ _ _
 /\\ / ___'_ __ _ _(_)_ __  __ _ \ \ \ \
( ( )\___ | '_ | '_| | '_ \/ _` | \ \ \ \
 \\/  ___)| |_)| | | | | || (_| |  ) ) ) )
  '  |____| .__|_| |_|_| |_\__, | / / / /
 =========|_|==============|___/=/_/_/_/

 :: Spring Boot ::                (v4.0.6)

2026-05-03T21:50:48.383+05:30  INFO 24624 --- [SpringSecurity] [  restartedMain] c.v.S.SpringSecurityApplication          : Starting SpringSecurityApplication using Java 25.0.2 with PID 24624 (D:\Git Hub Project\FCT-JAVA\Advance Java\SpringBoot\Spring Boot Security\SpringSecurity\target\classes started by Arnav Gade in D:\Git Hub Project\FCT-JAVA\Advance Java\SpringBoot\Spring Boot Security\SpringSecurity)
2026-05-03T21:50:48.383+05:30  INFO 24624 --- [SpringSecurity] [  restartedMain] c.v.S.SpringSecurityApplication          : No active profile set, falling back to 1 default profile: "default"
2026-05-03T21:50:48.537+05:30  INFO 24624 --- [SpringSecurity] [  restartedMain] .s.d.r.c.RepositoryConfigurationDelegate : Bootstrapping Spring Data JPA repositories in DEFAULT mode.
2026-05-03T21:50:48.555+05:30  INFO 24624 --- [SpringSecurity] [  restartedMain] .s.d.r.c.RepositoryConfigurationDelegate : Finished Spring Data repository scanning in 15 ms. Found 1 JPA repository interface.
2026-05-03T21:50:48.648+05:30  INFO 24624 --- [SpringSecurity] [  restartedMain] o.s.boot.tomcat.TomcatWebServer          : Tomcat initialized with port 8083 (http)
2026-05-03T21:50:48.648+05:30  INFO 24624 --- [SpringSecurity] [  restartedMain] o.apache.catalina.core.StandardService   : Starting service [Tomcat]
2026-05-03T21:50:48.648+05:30  INFO 24624 --- [SpringSecurity] [  restartedMain] o.apache.catalina.core.StandardEngine    : Starting Servlet engine: [Apache Tomcat/11.0.21]
2026-05-03T21:50:48.671+05:30  INFO 24624 --- [SpringSecurity] [  restartedMain] b.w.c.s.WebApplicationContextInitializer : Root WebApplicationContext: initialization completed in 287 ms
2026-05-03T21:50:48.703+05:30  INFO 24624 --- [SpringSecurity] [  restartedMain] org.hibernate.orm.jpa                    : HHH008540: Processing PersistenceUnitInfo [name: default]
2026-05-03T21:50:48.733+05:30  INFO 24624 --- [SpringSecurity] [  restartedMain] o.s.o.j.p.SpringPersistenceUnitInfo      : No LoadTimeWeaver setup: ignoring JPA class transformer
2026-05-03T21:50:48.735+05:30  INFO 24624 --- [SpringSecurity] [  restartedMain] com.zaxxer.hikari.HikariDataSource       : HikariPool-21 - Starting...
2026-05-03T21:50:48.751+05:30  INFO 24624 --- [SpringSecurity] [  restartedMain] com.zaxxer.hikari.pool.HikariPool        : HikariPool-21 - Added connection com.mysql.cj.jdbc.ConnectionImpl@4981706d
2026-05-03T21:50:48.751+05:30  INFO 24624 --- [SpringSecurity] [  restartedMain] com.zaxxer.hikari.HikariDataSource       : HikariPool-21 - Start completed.
2026-05-03T21:50:48.754+05:30  INFO 24624 --- [SpringSecurity] [  restartedMain] org.hibernate.orm.connections.pooling    : HHH10001005: Database info:
	Database JDBC URL [jdbc:mysql://localhost:3306/springsecurity]
	Database driver: MySQL Connector/J
	Database dialect: MySQLDialect
	Database version: 8.0.42
	Default catalog/schema: springsecurity/undefined
	Autocommit mode: undefined/unknown
	Isolation level: REPEATABLE_READ [default REPEATABLE_READ]
	JDBC fetch size: none
	Pool: DataSourceConnectionProvider
	Minimum pool size: undefined/unknown
	Maximum pool size: undefined/unknown
2026-05-03T21:50:48.778+05:30  INFO 24624 --- [SpringSecurity] [  restartedMain] org.hibernate.orm.core                   : HHH000489: No JTA platform available (set 'hibernate.transaction.jta.platform' to enable JTA platform integration)
2026-05-03T21:50:48.791+05:30  INFO 24624 --- [SpringSecurity] [  restartedMain] j.LocalContainerEntityManagerFactoryBean : Initialized JPA EntityManagerFactory for persistence unit 'default'
2026-05-03T21:50:48.846+05:30  WARN 24624 --- [SpringSecurity] [  restartedMain] JpaBaseConfiguration$JpaWebConfiguration : spring.jpa.open-in-view is enabled by default. Therefore, database queries may be performed during view rendering. Explicitly configure spring.jpa.open-in-view to disable this warning
2026-05-03T21:50:48.872+05:30 TRACE 24624 --- [SpringSecurity] [  restartedMain] eGlobalAuthenticationAutowiredConfigurer : Eagerly initializing {securityConfig=com.vedant.SpringSecurity.config.SecurityConfig$$SpringCGLIB$$0@3019c852}
2026-05-03T21:50:48.873+05:30  INFO 24624 --- [SpringSecurity] [  restartedMain] eAuthenticationProviderManagerConfigurer : Global AuthenticationManager configured with AuthenticationProvider bean with name authenticationProvider
2026-05-03T21:50:48.873+05:30  WARN 24624 --- [SpringSecurity] [  restartedMain] r$InitializeUserDetailsManagerConfigurer : Global AuthenticationManager configured with an AuthenticationProvider bean. UserDetailsService beans will not be used by Spring Security for automatically configuring username/password login. Consider removing the AuthenticationProvider bean. Alternatively, consider using the UserDetailsService in a manually instantiated DaoAuthenticationProvider. If the current configuration is intentional, to turn off this warning, increase the logging level of 'org.springframework.security.config.annotation.authentication.configuration.InitializeUserDetailsBeanManagerConfigurer' to ERROR
2026-05-03T21:50:48.903+05:30  WARN 24624 --- [SpringSecurity] [  restartedMain] thorizationManagerRequestMatcherRegistry : One of the patterns in [/register, /error, login] is missing a leading slash. This is discouraged; please include the leading slash in all your request matcher patterns. In future versions of Spring Security, leaving out the leading slash will result in an exception.
2026-05-03T21:50:48.904+05:30  WARN 24624 --- [SpringSecurity] [  restartedMain] ConfigServletWebServerApplicationContext : Exception encountered during context initialization - cancelling refresh attempt: org.springframework.beans.factory.UnsatisfiedDependencyException: Error creating bean with name 'org.springframework.security.config.annotation.web.configuration.WebSecurityConfiguration': Unsatisfied dependency expressed through method 'setFilterChains' parameter 0: Error creating bean with name 'securityFilterChain' defined in class path resource [com/vedant/SpringSecurity/config/SecurityConfig.class]: Failed to instantiate [org.springframework.security.web.SecurityFilterChain]: Factory method 'securityFilterChain' threw exception with message: pattern must start with a /
2026-05-03T21:50:48.904+05:30  INFO 24624 --- [SpringSecurity] [  restartedMain] j.LocalContainerEntityManagerFactoryBean : Closing JPA EntityManagerFactory for persistence unit 'default'
2026-05-03T21:50:48.904+05:30  INFO 24624 --- [SpringSecurity] [  restartedMain] com.zaxxer.hikari.HikariDataSource       : HikariPool-21 - Shutdown initiated...
2026-05-03T21:50:48.922+05:30  INFO 24624 --- [SpringSecurity] [  restartedMain] com.zaxxer.hikari.HikariDataSource       : HikariPool-21 - Shutdown completed.
2026-05-03T21:50:48.923+05:30  INFO 24624 --- [SpringSecurity] [  restartedMain] o.apache.catalina.core.StandardService   : Stopping service [Tomcat]
2026-05-03T21:50:48.925+05:30  INFO 24624 --- [SpringSecurity] [  restartedMain] .s.b.a.l.ConditionEvaluationReportLogger : 

Error starting ApplicationContext. To display the condition evaluation report re-run your application with 'debug' enabled.
2026-05-03T21:50:48.927+05:30 ERROR 24624 --- [SpringSecurity] [  restartedMain] o.s.boot.SpringApplication               : Application run failed

org.springframework.beans.factory.UnsatisfiedDependencyException: Error creating bean with name 'org.springframework.security.config.annotation.web.configuration.WebSecurityConfiguration': Unsatisfied dependency expressed through method 'setFilterChains' parameter 0: Error creating bean with name 'securityFilterChain' defined in class path resource [com/vedant/SpringSecurity/config/SecurityConfig.class]: Failed to instantiate [org.springframework.security.web.SecurityFilterChain]: Factory method 'securityFilterChain' threw exception with message: pattern must start with a /
	at org.springframework.beans.factory.annotation.AutowiredAnnotationBeanPostProcessor$AutowiredMethodElement.resolveMethodArguments(AutowiredAnnotationBeanPostProcessor.java:872) ~[spring-beans-7.0.7.jar:7.0.7]
	at org.springframework.beans.factory.annotation.AutowiredAnnotationBeanPostProcessor$AutowiredMethodElement.inject(AutowiredAnnotationBeanPostProcessor.java:827) ~[spring-beans-7.0.7.jar:7.0.7]
	at org.springframework.beans.factory.annotation.InjectionMetadata.inject(InjectionMetadata.java:146) ~[spring-beans-7.0.7.jar:7.0.7]
	at org.springframework.beans.factory.annotation.AutowiredAnnotationBeanPostProcessor.postProcessProperties(AutowiredAnnotationBeanPostProcessor.java:493) ~[spring-beans-7.0.7.jar:7.0.7]
	at org.springframework.beans.factory.support.AbstractAutowireCapableBeanFactory.populateBean(AbstractAutowireCapableBeanFactory.java:1446) ~[spring-beans-7.0.7.jar:7.0.7]
	at org.springframework.beans.factory.support.AbstractAutowireCapableBeanFactory.doCreateBean(AbstractAutowireCapableBeanFactory.java:602) ~[spring-beans-7.0.7.jar:7.0.7]
	at org.springframework.beans.factory.support.AbstractAutowireCapableBeanFactory.createBean(AbstractAutowireCapableBeanFactory.java:525) ~[spring-beans-7.0.7.jar:7.0.7]
	at org.springframework.beans.factory.support.AbstractBeanFactory.lambda$doGetBean$0(AbstractBeanFactory.java:333) ~[spring-beans-7.0.7.jar:7.0.7]
	at org.springframework.beans.factory.support.DefaultSingletonBeanRegistry.getSingleton(DefaultSingletonBeanRegistry.java:371) ~[spring-beans-7.0.7.jar:7.0.7]
	at org.springframework.beans.factory.support.AbstractBeanFactory.doGetBean(AbstractBeanFactory.java:331) ~[spring-beans-7.0.7.jar:7.0.7]
	at org.springframework.beans.factory.support.AbstractBeanFactory.getBean(AbstractBeanFactory.java:196) ~[spring-beans-7.0.7.jar:7.0.7]
	at org.springframework.beans.factory.support.DefaultListableBeanFactory.instantiateSingleton(DefaultListableBeanFactory.java:1218) ~[spring-beans-7.0.7.jar:7.0.7]
	at org.springframework.beans.factory.support.DefaultListableBeanFactory.preInstantiateSingleton(DefaultListableBeanFactory.java:1184) ~[spring-beans-7.0.7.jar:7.0.7]
	at org.springframework.beans.factory.support.DefaultListableBeanFactory.preInstantiateSingletons(DefaultListableBeanFactory.java:1121) ~[spring-beans-7.0.7.jar:7.0.7]
	at org.springframework.context.support.AbstractApplicationContext.finishBeanFactoryInitialization(AbstractApplicationContext.java:994) ~[spring-context-7.0.7.jar:7.0.7]
	at org.springframework.context.support.AbstractApplicationContext.refresh(AbstractApplicationContext.java:621) ~[spring-context-7.0.7.jar:7.0.7]
	at org.springframework.boot.web.server.servlet.context.ServletWebServerApplicationContext.refresh(ServletWebServerApplicationContext.java:143) ~[spring-boot-web-server-4.0.6.jar:4.0.6]
	at org.springframework.boot.SpringApplication.refresh(SpringApplication.java:756) ~[spring-boot-4.0.6.jar:4.0.6]
	at org.springframework.boot.SpringApplication.refreshContext(SpringApplication.java:445) ~[spring-boot-4.0.6.jar:4.0.6]
	at org.springframework.boot.SpringApplication.run(SpringApplication.java:321) ~[spring-boot-4.0.6.jar:4.0.6]
	at org.springframework.boot.SpringApplication.run(SpringApplication.java:1365) ~[spring-boot-4.0.6.jar:4.0.6]
	at org.springframework.boot.SpringApplication.run(SpringApplication.java:1354) ~[spring-boot-4.0.6.jar:4.0.6]
	at com.vedant.SpringSecurity.SpringSecurityApplication.main(SpringSecurityApplication.java:10) ~[classes/:na]
	at java.base/jdk.internal.reflect.DirectMethodHandleAccessor.invoke(DirectMethodHandleAccessor.java:104) ~[na:na]
	at java.base/java.lang.reflect.Method.invoke(Method.java:565) ~[na:na]
	at org.springframework.boot.devtools.restart.RestartLauncher.run(RestartLauncher.java:52) ~[spring-boot-devtools-4.0.6.jar:4.0.6]
Caused by: org.springframework.beans.factory.BeanCreationException: Error creating bean with name 'securityFilterChain' defined in class path resource [com/vedant/SpringSecurity/config/SecurityConfig.class]: Failed to instantiate [org.springframework.security.web.SecurityFilterChain]: Factory method 'securityFilterChain' threw exception with message: pattern must start with a /
	at org.springframework.beans.factory.support.ConstructorResolver.instantiate(ConstructorResolver.java:657) ~[spring-beans-7.0.7.jar:7.0.7]
	at org.springframework.beans.factory.support.ConstructorResolver.instantiateUsingFactoryMethod(ConstructorResolver.java:645) ~[spring-beans-7.0.7.jar:7.0.7]
	at org.springframework.beans.factory.support.AbstractAutowireCapableBeanFactory.instantiateUsingFactoryMethod(AbstractAutowireCapableBeanFactory.java:1362) ~[spring-beans-7.0.7.jar:7.0.7]
	at org.springframework.beans.factory.support.AbstractAutowireCapableBeanFactory.createBeanInstance(AbstractAutowireCapableBeanFactory.java:1194) ~[spring-beans-7.0.7.jar:7.0.7]
	at org.springframework.beans.factory.support.AbstractAutowireCapableBeanFactory.doCreateBean(AbstractAutowireCapableBeanFactory.java:565) ~[spring-beans-7.0.7.jar:7.0.7]
	at org.springframework.beans.factory.support.AbstractAutowireCapableBeanFactory.createBean(AbstractAutowireCapableBeanFactory.java:525) ~[spring-beans-7.0.7.jar:7.0.7]
	at org.springframework.beans.factory.support.AbstractBeanFactory.lambda$doGetBean$0(AbstractBeanFactory.java:333) ~[spring-beans-7.0.7.jar:7.0.7]
	at org.springframework.beans.factory.support.DefaultSingletonBeanRegistry.getSingleton(DefaultSingletonBeanRegistry.java:371) ~[spring-beans-7.0.7.jar:7.0.7]
	at org.springframework.beans.factory.support.AbstractBeanFactory.doGetBean(AbstractBeanFactory.java:331) ~[spring-beans-7.0.7.jar:7.0.7]
	at org.springframework.beans.factory.support.AbstractBeanFactory.getBean(AbstractBeanFactory.java:201) ~[spring-beans-7.0.7.jar:7.0.7]
	at org.springframework.beans.factory.config.DependencyDescriptor.resolveCandidate(DependencyDescriptor.java:229) ~[spring-beans-7.0.7.jar:7.0.7]
	at org.springframework.beans.factory.support.DefaultListableBeanFactory.addCandidateEntry(DefaultListableBeanFactory.java:2008) ~[spring-beans-7.0.7.jar:7.0.7]
	at org.springframework.beans.factory.support.DefaultListableBeanFactory.findAutowireCandidates(DefaultListableBeanFactory.java:1971) ~[spring-beans-7.0.7.jar:7.0.7]
	at org.springframework.beans.factory.support.DefaultListableBeanFactory.resolveMultipleBeanCollection(DefaultListableBeanFactory.java:1863) ~[spring-beans-7.0.7.jar:7.0.7]
	at org.springframework.beans.factory.support.DefaultListableBeanFactory.resolveMultipleBeans(DefaultListableBeanFactory.java:1833) ~[spring-beans-7.0.7.jar:7.0.7]
	at org.springframework.beans.factory.support.DefaultListableBeanFactory.doResolveDependency(DefaultListableBeanFactory.java:1711) ~[spring-beans-7.0.7.jar:7.0.7]
	at org.springframework.beans.factory.support.DefaultListableBeanFactory.resolveDependency(DefaultListableBeanFactory.java:1651) ~[spring-beans-7.0.7.jar:7.0.7]
	at org.springframework.beans.factory.annotation.AutowiredAnnotationBeanPostProcessor$AutowiredMethodElement.resolveMethodArguments(AutowiredAnnotationBeanPostProcessor.java:864) ~[spring-beans-7.0.7.jar:7.0.7]
	... 25 common frames omitted
Caused by: org.springframework.beans.BeanInstantiationException: Failed to instantiate [org.springframework.security.web.SecurityFilterChain]: Factory method 'securityFilterChain' threw exception with message: pattern must start with a /
	at org.springframework.beans.factory.support.SimpleInstantiationStrategy.lambda$instantiate$0(SimpleInstantiationStrategy.java:183) ~[spring-beans-7.0.7.jar:7.0.7]
	at org.springframework.beans.factory.support.SimpleInstantiationStrategy.instantiateWithFactoryMethod(SimpleInstantiationStrategy.java:72) ~[spring-beans-7.0.7.jar:7.0.7]
	at org.springframework.beans.factory.support.SimpleInstantiationStrategy.instantiate(SimpleInstantiationStrategy.java:152) ~[spring-beans-7.0.7.jar:7.0.7]
	at org.springframework.beans.factory.support.ConstructorResolver.instantiate(ConstructorResolver.java:653) ~[spring-beans-7.0.7.jar:7.0.7]
	... 42 common frames omitted
Caused by: java.lang.IllegalArgumentException: pattern must start with a /
	at org.springframework.util.Assert.isTrue(Assert.java:117) ~[spring-core-7.0.7.jar:7.0.7]
	at org.springframework.security.web.servlet.util.matcher.PathPatternRequestMatcher$Builder.matcher(PathPatternRequestMatcher.java:320) ~[spring-security-web-7.0.5.jar:7.0.5]
	at org.springframework.security.config.annotation.web.AbstractRequestMatcherRegistry.requestMatchers(AbstractRequestMatcherRegistry.java:150) ~[spring-security-config-7.0.5.jar:7.0.5]
	at org.springframework.security.config.annotation.web.AbstractRequestMatcherRegistry.requestMatchers(AbstractRequestMatcherRegistry.java:195) ~[spring-security-config-7.0.5.jar:7.0.5]
	at com.vedant.SpringSecurity.config.SecurityConfig.lambda$securityFilterChain$2(SecurityConfig.java:33) ~[classes/:na]
	at org.springframework.security.config.annotation.web.builders.HttpSecurity.authorizeHttpRequests(HttpSecurity.java:715) ~[spring-security-config-7.0.5.jar:7.0.5]
	at com.vedant.SpringSecurity.config.SecurityConfig.securityFilterChain(SecurityConfig.java:32) ~[classes/:na]
	at com.vedant.SpringSecurity.config.SecurityConfig$$SpringCGLIB$$0.CGLIB$securityFilterChain$1(<generated>) ~[classes/:na]
	at com.vedant.SpringSecurity.config.SecurityConfig$$SpringCGLIB$$FastClass$$1.invoke(<generated>) ~[classes/:na]
	at org.springframework.cglib.proxy.MethodProxy.invokeSuper(MethodProxy.java:258) ~[spring-core-7.0.7.jar:7.0.7]
	at org.springframework.context.annotation.ConfigurationClassEnhancer$BeanMethodInterceptor.intercept(ConfigurationClassEnhancer.java:398) ~[spring-context-7.0.7.jar:7.0.7]
	at com.vedant.SpringSecurity.config.SecurityConfig$$SpringCGLIB$$0.securityFilterChain(<generated>) ~[classes/:na]
	at java.base/jdk.internal.reflect.DirectMethodHandleAccessor.invoke(DirectMethodHandleAccessor.java:104) ~[na:na]
	at java.base/java.lang.reflect.Method.invoke(Method.java:565) ~[na:na]
	at org.springframework.beans.factory.support.SimpleInstantiationStrategy.lambda$instantiate$0(SimpleInstantiationStrategy.java:155) ~[spring-beans-7.0.7.jar:7.0.7]
	... 45 common frames omitted


  .   ____          _            __ _ _
 /\\ / ___'_ __ _ _(_)_ __  __ _ \ \ \ \
( ( )\___ | '_ | '_| | '_ \/ _` | \ \ \ \
 \\/  ___)| |_)| | | | | || (_| |  ) ) ) )
  '  |____| .__|_| |_|_| |_\__, | / / / /
 =========|_|==============|___/=/_/_/_/

 :: Spring Boot ::                (v4.0.6)

2026-05-03T21:50:50.429+05:30  INFO 24624 --- [SpringSecurity] [  restartedMain] c.v.S.SpringSecurityApplication          : Starting SpringSecurityApplication using Java 25.0.2 with PID 24624 (D:\Git Hub Project\FCT-JAVA\Advance Java\SpringBoot\Spring Boot Security\SpringSecurity\target\classes started by Arnav Gade in D:\Git Hub Project\FCT-JAVA\Advance Java\SpringBoot\Spring Boot Security\SpringSecurity)
2026-05-03T21:50:50.431+05:30  INFO 24624 --- [SpringSecurity] [  restartedMain] c.v.S.SpringSecurityApplication          : No active profile set, falling back to 1 default profile: "default"
2026-05-03T21:50:50.686+05:30  INFO 24624 --- [SpringSecurity] [  restartedMain] .s.d.r.c.RepositoryConfigurationDelegate : Bootstrapping Spring Data JPA repositories in DEFAULT mode.
2026-05-03T21:50:50.698+05:30  INFO 24624 --- [SpringSecurity] [  restartedMain] .s.d.r.c.RepositoryConfigurationDelegate : Finished Spring Data repository scanning in 9 ms. Found 1 JPA repository interface.
2026-05-03T21:50:50.802+05:30  INFO 24624 --- [SpringSecurity] [  restartedMain] o.s.boot.tomcat.TomcatWebServer          : Tomcat initialized with port 8083 (http)
2026-05-03T21:50:50.802+05:30  INFO 24624 --- [SpringSecurity] [  restartedMain] o.apache.catalina.core.StandardService   : Starting service [Tomcat]
2026-05-03T21:50:50.802+05:30  INFO 24624 --- [SpringSecurity] [  restartedMain] o.apache.catalina.core.StandardEngine    : Starting Servlet engine: [Apache Tomcat/11.0.21]
2026-05-03T21:50:50.836+05:30  INFO 24624 --- [SpringSecurity] [  restartedMain] b.w.c.s.WebApplicationContextInitializer : Root WebApplicationContext: initialization completed in 402 ms
2026-05-03T21:50:50.891+05:30  INFO 24624 --- [SpringSecurity] [  restartedMain] org.hibernate.orm.jpa                    : HHH008540: Processing PersistenceUnitInfo [name: default]
2026-05-03T21:50:50.942+05:30  INFO 24624 --- [SpringSecurity] [  restartedMain] o.s.o.j.p.SpringPersistenceUnitInfo      : No LoadTimeWeaver setup: ignoring JPA class transformer
2026-05-03T21:50:50.944+05:30  INFO 24624 --- [SpringSecurity] [  restartedMain] com.zaxxer.hikari.HikariDataSource       : HikariPool-22 - Starting...
2026-05-03T21:50:50.969+05:30  INFO 24624 --- [SpringSecurity] [  restartedMain] com.zaxxer.hikari.pool.HikariPool        : HikariPool-22 - Added connection com.mysql.cj.jdbc.ConnectionImpl@483e0a08
2026-05-03T21:50:50.970+05:30  INFO 24624 --- [SpringSecurity] [  restartedMain] com.zaxxer.hikari.HikariDataSource       : HikariPool-22 - Start completed.
2026-05-03T21:50:50.974+05:30  INFO 24624 --- [SpringSecurity] [  restartedMain] org.hibernate.orm.connections.pooling    : HHH10001005: Database info:
	Database JDBC URL [jdbc:mysql://localhost:3306/springsecurity]
	Database driver: MySQL Connector/J
	Database dialect: MySQLDialect
	Database version: 8.0.42
	Default catalog/schema: springsecurity/undefined
	Autocommit mode: undefined/unknown
	Isolation level: REPEATABLE_READ [default REPEATABLE_READ]
	JDBC fetch size: none
	Pool: DataSourceConnectionProvider
	Minimum pool size: undefined/unknown
	Maximum pool size: undefined/unknown
2026-05-03T21:50:51.024+05:30  INFO 24624 --- [SpringSecurity] [  restartedMain] org.hibernate.orm.core                   : HHH000489: No JTA platform available (set 'hibernate.transaction.jta.platform' to enable JTA platform integration)
2026-05-03T21:50:51.037+05:30  INFO 24624 --- [SpringSecurity] [  restartedMain] j.LocalContainerEntityManagerFactoryBean : Initialized JPA EntityManagerFactory for persistence unit 'default'
2026-05-03T21:50:51.247+05:30  WARN 24624 --- [SpringSecurity] [  restartedMain] JpaBaseConfiguration$JpaWebConfiguration : spring.jpa.open-in-view is enabled by default. Therefore, database queries may be performed during view rendering. Explicitly configure spring.jpa.open-in-view to disable this warning
2026-05-03T21:50:51.363+05:30 TRACE 24624 --- [SpringSecurity] [  restartedMain] eGlobalAuthenticationAutowiredConfigurer : Eagerly initializing {securityConfig=com.vedant.SpringSecurity.config.SecurityConfig$$SpringCGLIB$$0@757a91b}
2026-05-03T21:50:51.365+05:30  INFO 24624 --- [SpringSecurity] [  restartedMain] eAuthenticationProviderManagerConfigurer : Global AuthenticationManager configured with AuthenticationProvider bean with name authenticationProvider
2026-05-03T21:50:51.365+05:30  WARN 24624 --- [SpringSecurity] [  restartedMain] r$InitializeUserDetailsManagerConfigurer : Global AuthenticationManager configured with an AuthenticationProvider bean. UserDetailsService beans will not be used by Spring Security for automatically configuring username/password login. Consider removing the AuthenticationProvider bean. Alternatively, consider using the UserDetailsService in a manually instantiated DaoAuthenticationProvider. If the current configuration is intentional, to turn off this warning, increase the logging level of 'org.springframework.security.config.annotation.authentication.configuration.InitializeUserDetailsBeanManagerConfigurer' to ERROR
2026-05-03T21:50:51.563+05:30  WARN 24624 --- [SpringSecurity] [  restartedMain] thorizationManagerRequestMatcherRegistry : One of the patterns in [/register, /error, login] is missing a leading slash. This is discouraged; please include the leading slash in all your request matcher patterns. In future versions of Spring Security, leaving out the leading slash will result in an exception.
2026-05-03T21:50:51.564+05:30  WARN 24624 --- [SpringSecurity] [  restartedMain] ConfigServletWebServerApplicationContext : Exception encountered during context initialization - cancelling refresh attempt: org.springframework.beans.factory.UnsatisfiedDependencyException: Error creating bean with name 'org.springframework.security.config.annotation.web.configuration.WebSecurityConfiguration': Unsatisfied dependency expressed through method 'setFilterChains' parameter 0: Error creating bean with name 'securityFilterChain' defined in class path resource [com/vedant/SpringSecurity/config/SecurityConfig.class]: Failed to instantiate [org.springframework.security.web.SecurityFilterChain]: Factory method 'securityFilterChain' threw exception with message: pattern must start with a /
2026-05-03T21:50:51.564+05:30  INFO 24624 --- [SpringSecurity] [  restartedMain] j.LocalContainerEntityManagerFactoryBean : Closing JPA EntityManagerFactory for persistence unit 'default'
2026-05-03T21:50:51.565+05:30  INFO 24624 --- [SpringSecurity] [  restartedMain] com.zaxxer.hikari.HikariDataSource       : HikariPool-22 - Shutdown initiated...
2026-05-03T21:50:51.639+05:30  INFO 24624 --- [SpringSecurity] [  restartedMain] com.zaxxer.hikari.HikariDataSource       : HikariPool-22 - Shutdown completed.
2026-05-03T21:50:51.639+05:30  INFO 24624 --- [SpringSecurity] [  restartedMain] o.apache.catalina.core.StandardService   : Stopping service [Tomcat]
2026-05-03T21:50:51.652+05:30  INFO 24624 --- [SpringSecurity] [  restartedMain] .s.b.a.l.ConditionEvaluationReportLogger : 

Error starting ApplicationContext. To display the condition evaluation report re-run your application with 'debug' enabled.
2026-05-03T21:50:51.665+05:30 ERROR 24624 --- [SpringSecurity] [  restartedMain] o.s.boot.SpringApplication               : Application run failed

org.springframework.beans.factory.UnsatisfiedDependencyException: Error creating bean with name 'org.springframework.security.config.annotation.web.configuration.WebSecurityConfiguration': Unsatisfied dependency expressed through method 'setFilterChains' parameter 0: Error creating bean with name 'securityFilterChain' defined in class path resource [com/vedant/SpringSecurity/config/SecurityConfig.class]: Failed to instantiate [org.springframework.security.web.SecurityFilterChain]: Factory method 'securityFilterChain' threw exception with message: pattern must start with a /
	at org.springframework.beans.factory.annotation.AutowiredAnnotationBeanPostProcessor$AutowiredMethodElement.resolveMethodArguments(AutowiredAnnotationBeanPostProcessor.java:872) ~[spring-beans-7.0.7.jar:7.0.7]
	at org.springframework.beans.factory.annotation.AutowiredAnnotationBeanPostProcessor$AutowiredMethodElement.inject(AutowiredAnnotationBeanPostProcessor.java:827) ~[spring-beans-7.0.7.jar:7.0.7]
	at org.springframework.beans.factory.annotation.InjectionMetadata.inject(InjectionMetadata.java:146) ~[spring-beans-7.0.7.jar:7.0.7]
	at org.springframework.beans.factory.annotation.AutowiredAnnotationBeanPostProcessor.postProcessProperties(AutowiredAnnotationBeanPostProcessor.java:493) ~[spring-beans-7.0.7.jar:7.0.7]
	at org.springframework.beans.factory.support.AbstractAutowireCapableBeanFactory.populateBean(AbstractAutowireCapableBeanFactory.java:1446) ~[spring-beans-7.0.7.jar:7.0.7]
	at org.springframework.beans.factory.support.AbstractAutowireCapableBeanFactory.doCreateBean(AbstractAutowireCapableBeanFactory.java:602) ~[spring-beans-7.0.7.jar:7.0.7]
	at org.springframework.beans.factory.support.AbstractAutowireCapableBeanFactory.createBean(AbstractAutowireCapableBeanFactory.java:525) ~[spring-beans-7.0.7.jar:7.0.7]
	at org.springframework.beans.factory.support.AbstractBeanFactory.lambda$doGetBean$0(AbstractBeanFactory.java:333) ~[spring-beans-7.0.7.jar:7.0.7]
	at org.springframework.beans.factory.support.DefaultSingletonBeanRegistry.getSingleton(DefaultSingletonBeanRegistry.java:371) ~[spring-beans-7.0.7.jar:7.0.7]
	at org.springframework.beans.factory.support.AbstractBeanFactory.doGetBean(AbstractBeanFactory.java:331) ~[spring-beans-7.0.7.jar:7.0.7]
	at org.springframework.beans.factory.support.AbstractBeanFactory.getBean(AbstractBeanFactory.java:196) ~[spring-beans-7.0.7.jar:7.0.7]
	at org.springframework.beans.factory.support.DefaultListableBeanFactory.instantiateSingleton(DefaultListableBeanFactory.java:1218) ~[spring-beans-7.0.7.jar:7.0.7]
	at org.springframework.beans.factory.support.DefaultListableBeanFactory.preInstantiateSingleton(DefaultListableBeanFactory.java:1184) ~[spring-beans-7.0.7.jar:7.0.7]
	at org.springframework.beans.factory.support.DefaultListableBeanFactory.preInstantiateSingletons(DefaultListableBeanFactory.java:1121) ~[spring-beans-7.0.7.jar:7.0.7]
	at org.springframework.context.support.AbstractApplicationContext.finishBeanFactoryInitialization(AbstractApplicationContext.java:994) ~[spring-context-7.0.7.jar:7.0.7]
	at org.springframework.context.support.AbstractApplicationContext.refresh(AbstractApplicationContext.java:621) ~[spring-context-7.0.7.jar:7.0.7]
	at org.springframework.boot.web.server.servlet.context.ServletWebServerApplicationContext.refresh(ServletWebServerApplicationContext.java:143) ~[spring-boot-web-server-4.0.6.jar:4.0.6]
	at org.springframework.boot.SpringApplication.refresh(SpringApplication.java:756) ~[spring-boot-4.0.6.jar:4.0.6]
	at org.springframework.boot.SpringApplication.refreshContext(SpringApplication.java:445) ~[spring-boot-4.0.6.jar:4.0.6]
	at org.springframework.boot.SpringApplication.run(SpringApplication.java:321) ~[spring-boot-4.0.6.jar:4.0.6]
	at org.springframework.boot.SpringApplication.run(SpringApplication.java:1365) ~[spring-boot-4.0.6.jar:4.0.6]
	at org.springframework.boot.SpringApplication.run(SpringApplication.java:1354) ~[spring-boot-4.0.6.jar:4.0.6]
	at com.vedant.SpringSecurity.SpringSecurityApplication.main(SpringSecurityApplication.java:10) ~[classes/:na]
	at java.base/jdk.internal.reflect.DirectMethodHandleAccessor.invoke(DirectMethodHandleAccessor.java:104) ~[na:na]
	at java.base/java.lang.reflect.Method.invoke(Method.java:565) ~[na:na]
	at org.springframework.boot.devtools.restart.RestartLauncher.run(RestartLauncher.java:52) ~[spring-boot-devtools-4.0.6.jar:4.0.6]
Caused by: org.springframework.beans.factory.BeanCreationException: Error creating bean with name 'securityFilterChain' defined in class path resource [com/vedant/SpringSecurity/config/SecurityConfig.class]: Failed to instantiate [org.springframework.security.web.SecurityFilterChain]: Factory method 'securityFilterChain' threw exception with message: pattern must start with a /
	at org.springframework.beans.factory.support.ConstructorResolver.instantiate(ConstructorResolver.java:657) ~[spring-beans-7.0.7.jar:7.0.7]
	at org.springframework.beans.factory.support.ConstructorResolver.instantiateUsingFactoryMethod(ConstructorResolver.java:645) ~[spring-beans-7.0.7.jar:7.0.7]
	at org.springframework.beans.factory.support.AbstractAutowireCapableBeanFactory.instantiateUsingFactoryMethod(AbstractAutowireCapableBeanFactory.java:1362) ~[spring-beans-7.0.7.jar:7.0.7]
	at org.springframework.beans.factory.support.AbstractAutowireCapableBeanFactory.createBeanInstance(AbstractAutowireCapableBeanFactory.java:1194) ~[spring-beans-7.0.7.jar:7.0.7]
	at org.springframework.beans.factory.support.AbstractAutowireCapableBeanFactory.doCreateBean(AbstractAutowireCapableBeanFactory.java:565) ~[spring-beans-7.0.7.jar:7.0.7]
	at org.springframework.beans.factory.support.AbstractAutowireCapableBeanFactory.createBean(AbstractAutowireCapableBeanFactory.java:525) ~[spring-beans-7.0.7.jar:7.0.7]
	at org.springframework.beans.factory.support.AbstractBeanFactory.lambda$doGetBean$0(AbstractBeanFactory.java:333) ~[spring-beans-7.0.7.jar:7.0.7]
	at org.springframework.beans.factory.support.DefaultSingletonBeanRegistry.getSingleton(DefaultSingletonBeanRegistry.java:371) ~[spring-beans-7.0.7.jar:7.0.7]
	at org.springframework.beans.factory.support.AbstractBeanFactory.doGetBean(AbstractBeanFactory.java:331) ~[spring-beans-7.0.7.jar:7.0.7]
	at org.springframework.beans.factory.support.AbstractBeanFactory.getBean(AbstractBeanFactory.java:201) ~[spring-beans-7.0.7.jar:7.0.7]
	at org.springframework.beans.factory.config.DependencyDescriptor.resolveCandidate(DependencyDescriptor.java:229) ~[spring-beans-7.0.7.jar:7.0.7]
	at org.springframework.beans.factory.support.DefaultListableBeanFactory.addCandidateEntry(DefaultListableBeanFactory.java:2008) ~[spring-beans-7.0.7.jar:7.0.7]
	at org.springframework.beans.factory.support.DefaultListableBeanFactory.findAutowireCandidates(DefaultListableBeanFactory.java:1971) ~[spring-beans-7.0.7.jar:7.0.7]
	at org.springframework.beans.factory.support.DefaultListableBeanFactory.resolveMultipleBeanCollection(DefaultListableBeanFactory.java:1863) ~[spring-beans-7.0.7.jar:7.0.7]
	at org.springframework.beans.factory.support.DefaultListableBeanFactory.resolveMultipleBeans(DefaultListableBeanFactory.java:1833) ~[spring-beans-7.0.7.jar:7.0.7]
	at org.springframework.beans.factory.support.DefaultListableBeanFactory.doResolveDependency(DefaultListableBeanFactory.java:1711) ~[spring-beans-7.0.7.jar:7.0.7]
	at org.springframework.beans.factory.support.DefaultListableBeanFactory.resolveDependency(DefaultListableBeanFactory.java:1651) ~[spring-beans-7.0.7.jar:7.0.7]
	at org.springframework.beans.factory.annotation.AutowiredAnnotationBeanPostProcessor$AutowiredMethodElement.resolveMethodArguments(AutowiredAnnotationBeanPostProcessor.java:864) ~[spring-beans-7.0.7.jar:7.0.7]
	... 25 common frames omitted
Caused by: org.springframework.beans.BeanInstantiationException: Failed to instantiate [org.springframework.security.web.SecurityFilterChain]: Factory method 'securityFilterChain' threw exception with message: pattern must start with a /
	at org.springframework.beans.factory.support.SimpleInstantiationStrategy.lambda$instantiate$0(SimpleInstantiationStrategy.java:183) ~[spring-beans-7.0.7.jar:7.0.7]
	at org.springframework.beans.factory.support.SimpleInstantiationStrategy.instantiateWithFactoryMethod(SimpleInstantiationStrategy.java:72) ~[spring-beans-7.0.7.jar:7.0.7]
	at org.springframework.beans.factory.support.SimpleInstantiationStrategy.instantiate(SimpleInstantiationStrategy.java:152) ~[spring-beans-7.0.7.jar:7.0.7]
	at org.springframework.beans.factory.support.ConstructorResolver.instantiate(ConstructorResolver.java:653) ~[spring-beans-7.0.7.jar:7.0.7]
	... 42 common frames omitted
Caused by: java.lang.IllegalArgumentException: pattern must start with a /
	at org.springframework.util.Assert.isTrue(Assert.java:117) ~[spring-core-7.0.7.jar:7.0.7]
	at org.springframework.security.web.servlet.util.matcher.PathPatternRequestMatcher$Builder.matcher(PathPatternRequestMatcher.java:320) ~[spring-security-web-7.0.5.jar:7.0.5]
	at org.springframework.security.config.annotation.web.AbstractRequestMatcherRegistry.requestMatchers(AbstractRequestMatcherRegistry.java:150) ~[spring-security-config-7.0.5.jar:7.0.5]
	at org.springframework.security.config.annotation.web.AbstractRequestMatcherRegistry.requestMatchers(AbstractRequestMatcherRegistry.java:195) ~[spring-security-config-7.0.5.jar:7.0.5]
	at com.vedant.SpringSecurity.config.SecurityConfig.lambda$securityFilterChain$2(SecurityConfig.java:33) ~[classes/:na]
	at org.springframework.security.config.annotation.web.builders.HttpSecurity.authorizeHttpRequests(HttpSecurity.java:715) ~[spring-security-config-7.0.5.jar:7.0.5]
	at com.vedant.SpringSecurity.config.SecurityConfig.securityFilterChain(SecurityConfig.java:32) ~[classes/:na]
	at com.vedant.SpringSecurity.config.SecurityConfig$$SpringCGLIB$$0.CGLIB$securityFilterChain$1(<generated>) ~[classes/:na]
	at com.vedant.SpringSecurity.config.SecurityConfig$$SpringCGLIB$$FastClass$$1.invoke(<generated>) ~[classes/:na]
	at org.springframework.cglib.proxy.MethodProxy.invokeSuper(MethodProxy.java:258) ~[spring-core-7.0.7.jar:7.0.7]
	at org.springframework.context.annotation.ConfigurationClassEnhancer$BeanMethodInterceptor.intercept(ConfigurationClassEnhancer.java:398) ~[spring-context-7.0.7.jar:7.0.7]
	at com.vedant.SpringSecurity.config.SecurityConfig$$SpringCGLIB$$0.securityFilterChain(<generated>) ~[classes/:na]
	at java.base/jdk.internal.reflect.DirectMethodHandleAccessor.invoke(DirectMethodHandleAccessor.java:104) ~[na:na]
	at java.base/java.lang.reflect.Method.invoke(Method.java:565) ~[na:na]
	at org.springframework.beans.factory.support.SimpleInstantiationStrategy.lambda$instantiate$0(SimpleInstantiationStrategy.java:155) ~[spring-beans-7.0.7.jar:7.0.7]
	... 45 common frames omitted


  .   ____          _            __ _ _
 /\\ / ___'_ __ _ _(_)_ __  __ _ \ \ \ \
( ( )\___ | '_ | '_| | '_ \/ _` | \ \ \ \
 \\/  ___)| |_)| | | | | || (_| |  ) ) ) )
  '  |____| .__|_| |_|_| |_\__, | / / / /
 =========|_|==============|___/=/_/_/_/

 :: Spring Boot ::                (v4.0.6)

2026-05-03T21:53:21.181+05:30  INFO 24624 --- [SpringSecurity] [  restartedMain] c.v.S.SpringSecurityApplication          : Starting SpringSecurityApplication using Java 25.0.2 with PID 24624 (D:\Git Hub Project\FCT-JAVA\Advance Java\SpringBoot\Spring Boot Security\SpringSecurity\target\classes started by Arnav Gade in D:\Git Hub Project\FCT-JAVA\Advance Java\SpringBoot\Spring Boot Security\SpringSecurity)
2026-05-03T21:53:21.196+05:30  INFO 24624 --- [SpringSecurity] [  restartedMain] c.v.S.SpringSecurityApplication          : No active profile set, falling back to 1 default profile: "default"
2026-05-03T21:53:23.242+05:30  INFO 24624 --- [SpringSecurity] [  restartedMain] .s.d.r.c.RepositoryConfigurationDelegate : Bootstrapping Spring Data JPA repositories in DEFAULT mode.
2026-05-03T21:53:23.334+05:30  INFO 24624 --- [SpringSecurity] [  restartedMain] .s.d.r.c.RepositoryConfigurationDelegate : Finished Spring Data repository scanning in 86 ms. Found 1 JPA repository interface.
2026-05-03T21:53:24.376+05:30  INFO 24624 --- [SpringSecurity] [  restartedMain] o.s.boot.tomcat.TomcatWebServer          : Tomcat initialized with port 8083 (http)
2026-05-03T21:53:24.399+05:30  INFO 24624 --- [SpringSecurity] [  restartedMain] o.apache.catalina.core.StandardService   : Starting service [Tomcat]
2026-05-03T21:53:24.399+05:30  INFO 24624 --- [SpringSecurity] [  restartedMain] o.apache.catalina.core.StandardEngine    : Starting Servlet engine: [Apache Tomcat/11.0.21]
2026-05-03T21:53:24.535+05:30  INFO 24624 --- [SpringSecurity] [  restartedMain] b.w.c.s.WebApplicationContextInitializer : Root WebApplicationContext: initialization completed in 3228 ms
2026-05-03T21:53:24.660+05:30  INFO 24624 --- [SpringSecurity] [  restartedMain] org.hibernate.orm.jpa                    : HHH008540: Processing PersistenceUnitInfo [name: default]
2026-05-03T21:53:24.749+05:30  INFO 24624 --- [SpringSecurity] [  restartedMain] o.s.o.j.p.SpringPersistenceUnitInfo      : No LoadTimeWeaver setup: ignoring JPA class transformer
2026-05-03T21:53:24.751+05:30  INFO 24624 --- [SpringSecurity] [  restartedMain] com.zaxxer.hikari.HikariDataSource       : HikariPool-23 - Starting...
2026-05-03T21:53:24.789+05:30  INFO 24624 --- [SpringSecurity] [  restartedMain] com.zaxxer.hikari.pool.HikariPool        : HikariPool-23 - Added connection com.mysql.cj.jdbc.ConnectionImpl@280a1840
2026-05-03T21:53:24.790+05:30  INFO 24624 --- [SpringSecurity] [  restartedMain] com.zaxxer.hikari.HikariDataSource       : HikariPool-23 - Start completed.
2026-05-03T21:53:24.797+05:30  INFO 24624 --- [SpringSecurity] [  restartedMain] org.hibernate.orm.connections.pooling    : HHH10001005: Database info:
	Database JDBC URL [jdbc:mysql://localhost:3306/springsecurity]
	Database driver: MySQL Connector/J
	Database dialect: MySQLDialect
	Database version: 8.0.42
	Default catalog/schema: springsecurity/undefined
	Autocommit mode: undefined/unknown
	Isolation level: REPEATABLE_READ [default REPEATABLE_READ]
	JDBC fetch size: none
	Pool: DataSourceConnectionProvider
	Minimum pool size: undefined/unknown
	Maximum pool size: undefined/unknown
2026-05-03T21:53:24.858+05:30  INFO 24624 --- [SpringSecurity] [  restartedMain] org.hibernate.orm.core                   : HHH000489: No JTA platform available (set 'hibernate.transaction.jta.platform' to enable JTA platform integration)
2026-05-03T21:53:24.868+05:30  INFO 24624 --- [SpringSecurity] [  restartedMain] j.LocalContainerEntityManagerFactoryBean : Initialized JPA EntityManagerFactory for persistence unit 'default'
2026-05-03T21:53:24.934+05:30  WARN 24624 --- [SpringSecurity] [  restartedMain] JpaBaseConfiguration$JpaWebConfiguration : spring.jpa.open-in-view is enabled by default. Therefore, database queries may be performed during view rendering. Explicitly configure spring.jpa.open-in-view to disable this warning
2026-05-03T21:53:24.950+05:30 TRACE 24624 --- [SpringSecurity] [  restartedMain] eGlobalAuthenticationAutowiredConfigurer : Eagerly initializing {securityConfig=com.vedant.SpringSecurity.config.SecurityConfig$$SpringCGLIB$$0@68735de9}
2026-05-03T21:53:24.950+05:30  INFO 24624 --- [SpringSecurity] [  restartedMain] eAuthenticationProviderManagerConfigurer : Global AuthenticationManager configured with AuthenticationProvider bean with name authenticationProvider
2026-05-03T21:53:24.951+05:30  WARN 24624 --- [SpringSecurity] [  restartedMain] r$InitializeUserDetailsManagerConfigurer : Global AuthenticationManager configured with an AuthenticationProvider bean. UserDetailsService beans will not be used by Spring Security for automatically configuring username/password login. Consider removing the AuthenticationProvider bean. Alternatively, consider using the UserDetailsService in a manually instantiated DaoAuthenticationProvider. If the current configuration is intentional, to turn off this warning, increase the logging level of 'org.springframework.security.config.annotation.authentication.configuration.InitializeUserDetailsBeanManagerConfigurer' to ERROR
2026-05-03T21:53:24.976+05:30  WARN 24624 --- [SpringSecurity] [  restartedMain] thorizationManagerRequestMatcherRegistry : One of the patterns in [/register, /error, login] is missing a leading slash. This is discouraged; please include the leading slash in all your request matcher patterns. In future versions of Spring Security, leaving out the leading slash will result in an exception.
2026-05-03T21:53:24.977+05:30  WARN 24624 --- [SpringSecurity] [  restartedMain] ConfigServletWebServerApplicationContext : Exception encountered during context initialization - cancelling refresh attempt: org.springframework.beans.factory.UnsatisfiedDependencyException: Error creating bean with name 'org.springframework.security.config.annotation.web.configuration.WebSecurityConfiguration': Unsatisfied dependency expressed through method 'setFilterChains' parameter 0: Error creating bean with name 'securityFilterChain' defined in class path resource [com/vedant/SpringSecurity/config/SecurityConfig.class]: Failed to instantiate [org.springframework.security.web.SecurityFilterChain]: Factory method 'securityFilterChain' threw exception with message: pattern must start with a /
2026-05-03T21:53:24.977+05:30  INFO 24624 --- [SpringSecurity] [  restartedMain] j.LocalContainerEntityManagerFactoryBean : Closing JPA EntityManagerFactory for persistence unit 'default'
2026-05-03T21:53:24.978+05:30  INFO 24624 --- [SpringSecurity] [  restartedMain] com.zaxxer.hikari.HikariDataSource       : HikariPool-23 - Shutdown initiated...
2026-05-03T21:53:24.992+05:30  INFO 24624 --- [SpringSecurity] [  restartedMain] com.zaxxer.hikari.HikariDataSource       : HikariPool-23 - Shutdown completed.
2026-05-03T21:53:24.992+05:30  INFO 24624 --- [SpringSecurity] [  restartedMain] o.apache.catalina.core.StandardService   : Stopping service [Tomcat]
2026-05-03T21:53:24.996+05:30  INFO 24624 --- [SpringSecurity] [  restartedMain] .s.b.a.l.ConditionEvaluationReportLogger : 

Error starting ApplicationContext. To display the condition evaluation report re-run your application with 'debug' enabled.
2026-05-03T21:53:24.999+05:30 ERROR 24624 --- [SpringSecurity] [  restartedMain] o.s.boot.SpringApplication               : Application run failed

org.springframework.beans.factory.UnsatisfiedDependencyException: Error creating bean with name 'org.springframework.security.config.annotation.web.configuration.WebSecurityConfiguration': Unsatisfied dependency expressed through method 'setFilterChains' parameter 0: Error creating bean with name 'securityFilterChain' defined in class path resource [com/vedant/SpringSecurity/config/SecurityConfig.class]: Failed to instantiate [org.springframework.security.web.SecurityFilterChain]: Factory method 'securityFilterChain' threw exception with message: pattern must start with a /
	at org.springframework.beans.factory.annotation.AutowiredAnnotationBeanPostProcessor$AutowiredMethodElement.resolveMethodArguments(AutowiredAnnotationBeanPostProcessor.java:872) ~[spring-beans-7.0.7.jar:7.0.7]
	at org.springframework.beans.factory.annotation.AutowiredAnnotationBeanPostProcessor$AutowiredMethodElement.inject(AutowiredAnnotationBeanPostProcessor.java:827) ~[spring-beans-7.0.7.jar:7.0.7]
	at org.springframework.beans.factory.annotation.InjectionMetadata.inject(InjectionMetadata.java:146) ~[spring-beans-7.0.7.jar:7.0.7]
	at org.springframework.beans.factory.annotation.AutowiredAnnotationBeanPostProcessor.postProcessProperties(AutowiredAnnotationBeanPostProcessor.java:493) ~[spring-beans-7.0.7.jar:7.0.7]
	at org.springframework.beans.factory.support.AbstractAutowireCapableBeanFactory.populateBean(AbstractAutowireCapableBeanFactory.java:1446) ~[spring-beans-7.0.7.jar:7.0.7]
	at org.springframework.beans.factory.support.AbstractAutowireCapableBeanFactory.doCreateBean(AbstractAutowireCapableBeanFactory.java:602) ~[spring-beans-7.0.7.jar:7.0.7]
	at org.springframework.beans.factory.support.AbstractAutowireCapableBeanFactory.createBean(AbstractAutowireCapableBeanFactory.java:525) ~[spring-beans-7.0.7.jar:7.0.7]
	at org.springframework.beans.factory.support.AbstractBeanFactory.lambda$doGetBean$0(AbstractBeanFactory.java:333) ~[spring-beans-7.0.7.jar:7.0.7]
	at org.springframework.beans.factory.support.DefaultSingletonBeanRegistry.getSingleton(DefaultSingletonBeanRegistry.java:371) ~[spring-beans-7.0.7.jar:7.0.7]
	at org.springframework.beans.factory.support.AbstractBeanFactory.doGetBean(AbstractBeanFactory.java:331) ~[spring-beans-7.0.7.jar:7.0.7]
	at org.springframework.beans.factory.support.AbstractBeanFactory.getBean(AbstractBeanFactory.java:196) ~[spring-beans-7.0.7.jar:7.0.7]
	at org.springframework.beans.factory.support.DefaultListableBeanFactory.instantiateSingleton(DefaultListableBeanFactory.java:1218) ~[spring-beans-7.0.7.jar:7.0.7]
	at org.springframework.beans.factory.support.DefaultListableBeanFactory.preInstantiateSingleton(DefaultListableBeanFactory.java:1184) ~[spring-beans-7.0.7.jar:7.0.7]
	at org.springframework.beans.factory.support.DefaultListableBeanFactory.preInstantiateSingletons(DefaultListableBeanFactory.java:1121) ~[spring-beans-7.0.7.jar:7.0.7]
	at org.springframework.context.support.AbstractApplicationContext.finishBeanFactoryInitialization(AbstractApplicationContext.java:994) ~[spring-context-7.0.7.jar:7.0.7]
	at org.springframework.context.support.AbstractApplicationContext.refresh(AbstractApplicationContext.java:621) ~[spring-context-7.0.7.jar:7.0.7]
	at org.springframework.boot.web.server.servlet.context.ServletWebServerApplicationContext.refresh(ServletWebServerApplicationContext.java:143) ~[spring-boot-web-server-4.0.6.jar:4.0.6]
	at org.springframework.boot.SpringApplication.refresh(SpringApplication.java:756) ~[spring-boot-4.0.6.jar:4.0.6]
	at org.springframework.boot.SpringApplication.refreshContext(SpringApplication.java:445) ~[spring-boot-4.0.6.jar:4.0.6]
	at org.springframework.boot.SpringApplication.run(SpringApplication.java:321) ~[spring-boot-4.0.6.jar:4.0.6]
	at org.springframework.boot.SpringApplication.run(SpringApplication.java:1365) ~[spring-boot-4.0.6.jar:4.0.6]
	at org.springframework.boot.SpringApplication.run(SpringApplication.java:1354) ~[spring-boot-4.0.6.jar:4.0.6]
	at com.vedant.SpringSecurity.SpringSecurityApplication.main(SpringSecurityApplication.java:10) ~[classes/:na]
	at java.base/jdk.internal.reflect.DirectMethodHandleAccessor.invoke(DirectMethodHandleAccessor.java:104) ~[na:na]
	at java.base/java.lang.reflect.Method.invoke(Method.java:565) ~[na:na]
	at org.springframework.boot.devtools.restart.RestartLauncher.run(RestartLauncher.java:52) ~[spring-boot-devtools-4.0.6.jar:4.0.6]
Caused by: org.springframework.beans.factory.BeanCreationException: Error creating bean with name 'securityFilterChain' defined in class path resource [com/vedant/SpringSecurity/config/SecurityConfig.class]: Failed to instantiate [org.springframework.security.web.SecurityFilterChain]: Factory method 'securityFilterChain' threw exception with message: pattern must start with a /
	at org.springframework.beans.factory.support.ConstructorResolver.instantiate(ConstructorResolver.java:657) ~[spring-beans-7.0.7.jar:7.0.7]
	at org.springframework.beans.factory.support.ConstructorResolver.instantiateUsingFactoryMethod(ConstructorResolver.java:645) ~[spring-beans-7.0.7.jar:7.0.7]
	at org.springframework.beans.factory.support.AbstractAutowireCapableBeanFactory.instantiateUsingFactoryMethod(AbstractAutowireCapableBeanFactory.java:1362) ~[spring-beans-7.0.7.jar:7.0.7]
	at org.springframework.beans.factory.support.AbstractAutowireCapableBeanFactory.createBeanInstance(AbstractAutowireCapableBeanFactory.java:1194) ~[spring-beans-7.0.7.jar:7.0.7]
	at org.springframework.beans.factory.support.AbstractAutowireCapableBeanFactory.doCreateBean(AbstractAutowireCapableBeanFactory.java:565) ~[spring-beans-7.0.7.jar:7.0.7]
	at org.springframework.beans.factory.support.AbstractAutowireCapableBeanFactory.createBean(AbstractAutowireCapableBeanFactory.java:525) ~[spring-beans-7.0.7.jar:7.0.7]
	at org.springframework.beans.factory.support.AbstractBeanFactory.lambda$doGetBean$0(AbstractBeanFactory.java:333) ~[spring-beans-7.0.7.jar:7.0.7]
	at org.springframework.beans.factory.support.DefaultSingletonBeanRegistry.getSingleton(DefaultSingletonBeanRegistry.java:371) ~[spring-beans-7.0.7.jar:7.0.7]
	at org.springframework.beans.factory.support.AbstractBeanFactory.doGetBean(AbstractBeanFactory.java:331) ~[spring-beans-7.0.7.jar:7.0.7]
	at org.springframework.beans.factory.support.AbstractBeanFactory.getBean(AbstractBeanFactory.java:201) ~[spring-beans-7.0.7.jar:7.0.7]
	at org.springframework.beans.factory.config.DependencyDescriptor.resolveCandidate(DependencyDescriptor.java:229) ~[spring-beans-7.0.7.jar:7.0.7]
	at org.springframework.beans.factory.support.DefaultListableBeanFactory.addCandidateEntry(DefaultListableBeanFactory.java:2008) ~[spring-beans-7.0.7.jar:7.0.7]
	at org.springframework.beans.factory.support.DefaultListableBeanFactory.findAutowireCandidates(DefaultListableBeanFactory.java:1971) ~[spring-beans-7.0.7.jar:7.0.7]
	at org.springframework.beans.factory.support.DefaultListableBeanFactory.resolveMultipleBeanCollection(DefaultListableBeanFactory.java:1863) ~[spring-beans-7.0.7.jar:7.0.7]
	at org.springframework.beans.factory.support.DefaultListableBeanFactory.resolveMultipleBeans(DefaultListableBeanFactory.java:1833) ~[spring-beans-7.0.7.jar:7.0.7]
	at org.springframework.beans.factory.support.DefaultListableBeanFactory.doResolveDependency(DefaultListableBeanFactory.java:1711) ~[spring-beans-7.0.7.jar:7.0.7]
	at org.springframework.beans.factory.support.DefaultListableBeanFactory.resolveDependency(DefaultListableBeanFactory.java:1651) ~[spring-beans-7.0.7.jar:7.0.7]
	at org.springframework.beans.factory.annotation.AutowiredAnnotationBeanPostProcessor$AutowiredMethodElement.resolveMethodArguments(AutowiredAnnotationBeanPostProcessor.java:864) ~[spring-beans-7.0.7.jar:7.0.7]
	... 25 common frames omitted
Caused by: org.springframework.beans.BeanInstantiationException: Failed to instantiate [org.springframework.security.web.SecurityFilterChain]: Factory method 'securityFilterChain' threw exception with message: pattern must start with a /
	at org.springframework.beans.factory.support.SimpleInstantiationStrategy.lambda$instantiate$0(SimpleInstantiationStrategy.java:183) ~[spring-beans-7.0.7.jar:7.0.7]
	at org.springframework.beans.factory.support.SimpleInstantiationStrategy.instantiateWithFactoryMethod(SimpleInstantiationStrategy.java:72) ~[spring-beans-7.0.7.jar:7.0.7]
	at org.springframework.beans.factory.support.SimpleInstantiationStrategy.instantiate(SimpleInstantiationStrategy.java:152) ~[spring-beans-7.0.7.jar:7.0.7]
	at org.springframework.beans.factory.support.ConstructorResolver.instantiate(ConstructorResolver.java:653) ~[spring-beans-7.0.7.jar:7.0.7]
	... 42 common frames omitted
Caused by: java.lang.IllegalArgumentException: pattern must start with a /
	at org.springframework.util.Assert.isTrue(Assert.java:117) ~[spring-core-7.0.7.jar:7.0.7]
	at org.springframework.security.web.servlet.util.matcher.PathPatternRequestMatcher$Builder.matcher(PathPatternRequestMatcher.java:320) ~[spring-security-web-7.0.5.jar:7.0.5]
	at org.springframework.security.config.annotation.web.AbstractRequestMatcherRegistry.requestMatchers(AbstractRequestMatcherRegistry.java:150) ~[spring-security-config-7.0.5.jar:7.0.5]
	at org.springframework.security.config.annotation.web.AbstractRequestMatcherRegistry.requestMatchers(AbstractRequestMatcherRegistry.java:195) ~[spring-security-config-7.0.5.jar:7.0.5]
	at com.vedant.SpringSecurity.config.SecurityConfig.lambda$securityFilterChain$2(SecurityConfig.java:33) ~[classes/:na]
	at org.springframework.security.config.annotation.web.builders.HttpSecurity.authorizeHttpRequests(HttpSecurity.java:715) ~[spring-security-config-7.0.5.jar:7.0.5]
	at com.vedant.SpringSecurity.config.SecurityConfig.securityFilterChain(SecurityConfig.java:32) ~[classes/:na]
	at com.vedant.SpringSecurity.config.SecurityConfig$$SpringCGLIB$$0.CGLIB$securityFilterChain$1(<generated>) ~[classes/:na]
	at com.vedant.SpringSecurity.config.SecurityConfig$$SpringCGLIB$$FastClass$$1.invoke(<generated>) ~[classes/:na]
	at org.springframework.cglib.proxy.MethodProxy.invokeSuper(MethodProxy.java:258) ~[spring-core-7.0.7.jar:7.0.7]
	at org.springframework.context.annotation.ConfigurationClassEnhancer$BeanMethodInterceptor.intercept(ConfigurationClassEnhancer.java:398) ~[spring-context-7.0.7.jar:7.0.7]
	at com.vedant.SpringSecurity.config.SecurityConfig$$SpringCGLIB$$0.securityFilterChain(<generated>) ~[classes/:na]
	at java.base/jdk.internal.reflect.DirectMethodHandleAccessor.invoke(DirectMethodHandleAccessor.java:104) ~[na:na]
	at java.base/java.lang.reflect.Method.invoke(Method.java:565) ~[na:na]
	at org.springframework.beans.factory.support.SimpleInstantiationStrategy.lambda$instantiate$0(SimpleInstantiationStrategy.java:155) ~[spring-beans-7.0.7.jar:7.0.7]
	... 45 common frames omitted


  .   ____          _            __ _ _
 /\\ / ___'_ __ _ _(_)_ __  __ _ \ \ \ \
( ( )\___ | '_ | '_| | '_ \/ _` | \ \ \ \
 \\/  ___)| |_)| | | | | || (_| |  ) ) ) )
  '  |____| .__|_| |_|_| |_\__, | / / / /
 =========|_|==============|___/=/_/_/_/

 :: Spring Boot ::                (v4.0.6)

2026-05-03T21:53:42.740+05:30  INFO 24624 --- [SpringSecurity] [  restartedMain] c.v.S.SpringSecurityApplication          : Starting SpringSecurityApplication using Java 25.0.2 with PID 24624 (D:\Git Hub Project\FCT-JAVA\Advance Java\SpringBoot\Spring Boot Security\SpringSecurity\target\classes started by Arnav Gade in D:\Git Hub Project\FCT-JAVA\Advance Java\SpringBoot\Spring Boot Security\SpringSecurity)
2026-05-03T21:53:42.740+05:30  INFO 24624 --- [SpringSecurity] [  restartedMain] c.v.S.SpringSecurityApplication          : No active profile set, falling back to 1 default profile: "default"
2026-05-03T21:53:43.642+05:30  INFO 24624 --- [SpringSecurity] [  restartedMain] .s.d.r.c.RepositoryConfigurationDelegate : Bootstrapping Spring Data JPA repositories in DEFAULT mode.
2026-05-03T21:53:43.689+05:30  INFO 24624 --- [SpringSecurity] [  restartedMain] .s.d.r.c.RepositoryConfigurationDelegate : Finished Spring Data repository scanning in 40 ms. Found 1 JPA repository interface.
2026-05-03T21:53:43.988+05:30  INFO 24624 --- [SpringSecurity] [  restartedMain] o.s.boot.tomcat.TomcatWebServer          : Tomcat initialized with port 8083 (http)
2026-05-03T21:53:43.990+05:30  INFO 24624 --- [SpringSecurity] [  restartedMain] o.apache.catalina.core.StandardService   : Starting service [Tomcat]
2026-05-03T21:53:43.991+05:30  INFO 24624 --- [SpringSecurity] [  restartedMain] o.apache.catalina.core.StandardEngine    : Starting Servlet engine: [Apache Tomcat/11.0.21]
2026-05-03T21:53:44.177+05:30  INFO 24624 --- [SpringSecurity] [  restartedMain] b.w.c.s.WebApplicationContextInitializer : Root WebApplicationContext: initialization completed in 1432 ms
2026-05-03T21:53:44.306+05:30  INFO 24624 --- [SpringSecurity] [  restartedMain] org.hibernate.orm.jpa                    : HHH008540: Processing PersistenceUnitInfo [name: default]
2026-05-03T21:53:44.392+05:30  INFO 24624 --- [SpringSecurity] [  restartedMain] o.s.o.j.p.SpringPersistenceUnitInfo      : No LoadTimeWeaver setup: ignoring JPA class transformer
2026-05-03T21:53:44.394+05:30  INFO 24624 --- [SpringSecurity] [  restartedMain] com.zaxxer.hikari.HikariDataSource       : HikariPool-24 - Starting...
2026-05-03T21:53:44.419+05:30  INFO 24624 --- [SpringSecurity] [  restartedMain] com.zaxxer.hikari.pool.HikariPool        : HikariPool-24 - Added connection com.mysql.cj.jdbc.ConnectionImpl@209c5fcb
2026-05-03T21:53:44.420+05:30  INFO 24624 --- [SpringSecurity] [  restartedMain] com.zaxxer.hikari.HikariDataSource       : HikariPool-24 - Start completed.
2026-05-03T21:53:44.422+05:30  INFO 24624 --- [SpringSecurity] [  restartedMain] org.hibernate.orm.connections.pooling    : HHH10001005: Database info:
	Database JDBC URL [jdbc:mysql://localhost:3306/springsecurity]
	Database driver: MySQL Connector/J
	Database dialect: MySQLDialect
	Database version: 8.0.42
	Default catalog/schema: springsecurity/undefined
	Autocommit mode: undefined/unknown
	Isolation level: REPEATABLE_READ [default REPEATABLE_READ]
	JDBC fetch size: none
	Pool: DataSourceConnectionProvider
	Minimum pool size: undefined/unknown
	Maximum pool size: undefined/unknown
2026-05-03T21:53:44.469+05:30  INFO 24624 --- [SpringSecurity] [  restartedMain] org.hibernate.orm.core                   : HHH000489: No JTA platform available (set 'hibernate.transaction.jta.platform' to enable JTA platform integration)
2026-05-03T21:53:44.491+05:30  INFO 24624 --- [SpringSecurity] [  restartedMain] j.LocalContainerEntityManagerFactoryBean : Initialized JPA EntityManagerFactory for persistence unit 'default'
2026-05-03T21:53:44.558+05:30  WARN 24624 --- [SpringSecurity] [  restartedMain] ConfigServletWebServerApplicationContext : Exception encountered during context initialization - cancelling refresh attempt: org.springframework.beans.factory.UnsatisfiedDependencyException: Error creating bean with name 'userController': Unsatisfied dependency expressed through field 'service': Error creating bean with name 'userService' defined in file [D:\Git Hub Project\FCT-JAVA\Advance Java\SpringBoot\Spring Boot Security\SpringSecurity\target\classes\com\vedant\SpringSecurity\service\UserService.class]: Failed to instantiate [com.vedant.SpringSecurity.service.UserService]: Constructor threw exception
2026-05-03T21:53:44.558+05:30  INFO 24624 --- [SpringSecurity] [  restartedMain] j.LocalContainerEntityManagerFactoryBean : Closing JPA EntityManagerFactory for persistence unit 'default'
2026-05-03T21:53:44.558+05:30  INFO 24624 --- [SpringSecurity] [  restartedMain] com.zaxxer.hikari.HikariDataSource       : HikariPool-24 - Shutdown initiated...
2026-05-03T21:53:44.592+05:30  INFO 24624 --- [SpringSecurity] [  restartedMain] com.zaxxer.hikari.HikariDataSource       : HikariPool-24 - Shutdown completed.
2026-05-03T21:53:44.592+05:30  INFO 24624 --- [SpringSecurity] [  restartedMain] o.apache.catalina.core.StandardService   : Stopping service [Tomcat]
2026-05-03T21:53:44.595+05:30  INFO 24624 --- [SpringSecurity] [  restartedMain] .s.b.a.l.ConditionEvaluationReportLogger : 

Error starting ApplicationContext. To display the condition evaluation report re-run your application with 'debug' enabled.
2026-05-03T21:53:44.597+05:30 ERROR 24624 --- [SpringSecurity] [  restartedMain] o.s.boot.SpringApplication               : Application run failed

org.springframework.beans.factory.UnsatisfiedDependencyException: Error creating bean with name 'userController': Unsatisfied dependency expressed through field 'service': Error creating bean with name 'userService' defined in file [D:\Git Hub Project\FCT-JAVA\Advance Java\SpringBoot\Spring Boot Security\SpringSecurity\target\classes\com\vedant\SpringSecurity\service\UserService.class]: Failed to instantiate [com.vedant.SpringSecurity.service.UserService]: Constructor threw exception
	at org.springframework.beans.factory.annotation.AutowiredAnnotationBeanPostProcessor$AutowiredFieldElement.resolveFieldValue(AutowiredAnnotationBeanPostProcessor.java:767) ~[spring-beans-7.0.7.jar:7.0.7]
	at org.springframework.beans.factory.annotation.AutowiredAnnotationBeanPostProcessor$AutowiredFieldElement.inject(AutowiredAnnotationBeanPostProcessor.java:748) ~[spring-beans-7.0.7.jar:7.0.7]
	at org.springframework.beans.factory.annotation.InjectionMetadata.inject(InjectionMetadata.java:146) ~[spring-beans-7.0.7.jar:7.0.7]
	at org.springframework.beans.factory.annotation.AutowiredAnnotationBeanPostProcessor.postProcessProperties(AutowiredAnnotationBeanPostProcessor.java:493) ~[spring-beans-7.0.7.jar:7.0.7]
	at org.springframework.beans.factory.support.AbstractAutowireCapableBeanFactory.populateBean(AbstractAutowireCapableBeanFactory.java:1446) ~[spring-beans-7.0.7.jar:7.0.7]
	at org.springframework.beans.factory.support.AbstractAutowireCapableBeanFactory.doCreateBean(AbstractAutowireCapableBeanFactory.java:602) ~[spring-beans-7.0.7.jar:7.0.7]
	at org.springframework.beans.factory.support.AbstractAutowireCapableBeanFactory.createBean(AbstractAutowireCapableBeanFactory.java:525) ~[spring-beans-7.0.7.jar:7.0.7]
	at org.springframework.beans.factory.support.AbstractBeanFactory.lambda$doGetBean$0(AbstractBeanFactory.java:333) ~[spring-beans-7.0.7.jar:7.0.7]
	at org.springframework.beans.factory.support.DefaultSingletonBeanRegistry.getSingleton(DefaultSingletonBeanRegistry.java:371) ~[spring-beans-7.0.7.jar:7.0.7]
	at org.springframework.beans.factory.support.AbstractBeanFactory.doGetBean(AbstractBeanFactory.java:331) ~[spring-beans-7.0.7.jar:7.0.7]
	at org.springframework.beans.factory.support.AbstractBeanFactory.getBean(AbstractBeanFactory.java:196) ~[spring-beans-7.0.7.jar:7.0.7]
	at org.springframework.beans.factory.support.DefaultListableBeanFactory.instantiateSingleton(DefaultListableBeanFactory.java:1218) ~[spring-beans-7.0.7.jar:7.0.7]
	at org.springframework.beans.factory.support.DefaultListableBeanFactory.preInstantiateSingleton(DefaultListableBeanFactory.java:1184) ~[spring-beans-7.0.7.jar:7.0.7]
	at org.springframework.beans.factory.support.DefaultListableBeanFactory.preInstantiateSingletons(DefaultListableBeanFactory.java:1121) ~[spring-beans-7.0.7.jar:7.0.7]
	at org.springframework.context.support.AbstractApplicationContext.finishBeanFactoryInitialization(AbstractApplicationContext.java:994) ~[spring-context-7.0.7.jar:7.0.7]
	at org.springframework.context.support.AbstractApplicationContext.refresh(AbstractApplicationContext.java:621) ~[spring-context-7.0.7.jar:7.0.7]
	at org.springframework.boot.web.server.servlet.context.ServletWebServerApplicationContext.refresh(ServletWebServerApplicationContext.java:143) ~[spring-boot-web-server-4.0.6.jar:4.0.6]
	at org.springframework.boot.SpringApplication.refresh(SpringApplication.java:756) ~[spring-boot-4.0.6.jar:4.0.6]
	at org.springframework.boot.SpringApplication.refreshContext(SpringApplication.java:445) ~[spring-boot-4.0.6.jar:4.0.6]
	at org.springframework.boot.SpringApplication.run(SpringApplication.java:321) ~[spring-boot-4.0.6.jar:4.0.6]
	at org.springframework.boot.SpringApplication.run(SpringApplication.java:1365) ~[spring-boot-4.0.6.jar:4.0.6]
	at org.springframework.boot.SpringApplication.run(SpringApplication.java:1354) ~[spring-boot-4.0.6.jar:4.0.6]
	at com.vedant.SpringSecurity.SpringSecurityApplication.main(SpringSecurityApplication.java:10) ~[classes/:na]
	at java.base/jdk.internal.reflect.DirectMethodHandleAccessor.invoke(DirectMethodHandleAccessor.java:104) ~[na:na]
	at java.base/java.lang.reflect.Method.invoke(Method.java:565) ~[na:na]
	at org.springframework.boot.devtools.restart.RestartLauncher.run(RestartLauncher.java:52) ~[spring-boot-devtools-4.0.6.jar:4.0.6]
Caused by: org.springframework.beans.factory.BeanCreationException: Error creating bean with name 'userService' defined in file [D:\Git Hub Project\FCT-JAVA\Advance Java\SpringBoot\Spring Boot Security\SpringSecurity\target\classes\com\vedant\SpringSecurity\service\UserService.class]: Failed to instantiate [com.vedant.SpringSecurity.service.UserService]: Constructor threw exception
	at org.springframework.beans.factory.support.AbstractAutowireCapableBeanFactory.instantiateBean(AbstractAutowireCapableBeanFactory.java:1344) ~[spring-beans-7.0.7.jar:7.0.7]
	at org.springframework.beans.factory.support.AbstractAutowireCapableBeanFactory.createBeanInstance(AbstractAutowireCapableBeanFactory.java:1231) ~[spring-beans-7.0.7.jar:7.0.7]
	at org.springframework.beans.factory.support.AbstractAutowireCapableBeanFactory.doCreateBean(AbstractAutowireCapableBeanFactory.java:565) ~[spring-beans-7.0.7.jar:7.0.7]
	at org.springframework.beans.factory.support.AbstractAutowireCapableBeanFactory.createBean(AbstractAutowireCapableBeanFactory.java:525) ~[spring-beans-7.0.7.jar:7.0.7]
	at org.springframework.beans.factory.support.AbstractBeanFactory.lambda$doGetBean$0(AbstractBeanFactory.java:333) ~[spring-beans-7.0.7.jar:7.0.7]
	at org.springframework.beans.factory.support.DefaultSingletonBeanRegistry.getSingleton(DefaultSingletonBeanRegistry.java:371) ~[spring-beans-7.0.7.jar:7.0.7]
	at org.springframework.beans.factory.support.AbstractBeanFactory.doGetBean(AbstractBeanFactory.java:331) ~[spring-beans-7.0.7.jar:7.0.7]
	at org.springframework.beans.factory.support.AbstractBeanFactory.getBean(AbstractBeanFactory.java:201) ~[spring-beans-7.0.7.jar:7.0.7]
	at org.springframework.beans.factory.config.DependencyDescriptor.resolveCandidate(DependencyDescriptor.java:229) ~[spring-beans-7.0.7.jar:7.0.7]
	at org.springframework.beans.factory.support.DefaultListableBeanFactory.doResolveDependency(DefaultListableBeanFactory.java:1762) ~[spring-beans-7.0.7.jar:7.0.7]
	at org.springframework.beans.factory.support.DefaultListableBeanFactory.resolveDependency(DefaultListableBeanFactory.java:1651) ~[spring-beans-7.0.7.jar:7.0.7]
	at org.springframework.beans.factory.annotation.AutowiredAnnotationBeanPostProcessor$AutowiredFieldElement.resolveFieldValue(AutowiredAnnotationBeanPostProcessor.java:764) ~[spring-beans-7.0.7.jar:7.0.7]
	... 25 common frames omitted
Caused by: org.springframework.beans.BeanInstantiationException: Failed to instantiate [com.vedant.SpringSecurity.service.UserService]: Constructor threw exception
	at org.springframework.beans.BeanUtils.instantiateClass(BeanUtils.java:220) ~[spring-beans-7.0.7.jar:7.0.7]
	at org.springframework.beans.factory.support.SimpleInstantiationStrategy.instantiate(SimpleInstantiationStrategy.java:106) ~[spring-beans-7.0.7.jar:7.0.7]
	at org.springframework.beans.factory.support.AbstractAutowireCapableBeanFactory.instantiateBean(AbstractAutowireCapableBeanFactory.java:1338) ~[spring-beans-7.0.7.jar:7.0.7]
	... 36 common frames omitted
Caused by: java.lang.Error: Unresolved compilation problem: 
	Syntax error on token "private", . expected

	at com.vedant.SpringSecurity.service.UserService.<init>(UserService.java:18) ~[classes/:na]
	at java.base/jdk.internal.reflect.DirectConstructorHandleAccessor.newInstance(DirectConstructorHandleAccessor.java:62) ~[na:na]
	at java.base/java.lang.reflect.Constructor.newInstanceWithCaller(Constructor.java:499) ~[na:na]
	at java.base/java.lang.reflect.Constructor.newInstance(Constructor.java:483) ~[na:na]
	at org.springframework.beans.BeanUtils.instantiateClass(BeanUtils.java:194) ~[spring-beans-7.0.7.jar:7.0.7]
	... 38 common frames omitted


  .   ____          _            __ _ _
 /\\ / ___'_ __ _ _(_)_ __  __ _ \ \ \ \
( ( )\___ | '_ | '_| | '_ \/ _` | \ \ \ \
 \\/  ___)| |_)| | | | | || (_| |  ) ) ) )
  '  |____| .__|_| |_|_| |_\__, | / / / /
 =========|_|==============|___/=/_/_/_/

 :: Spring Boot ::                (v4.0.6)

2026-05-03T21:54:31.765+05:30  INFO 24624 --- [SpringSecurity] [  restartedMain] c.v.S.SpringSecurityApplication          : Starting SpringSecurityApplication using Java 25.0.2 with PID 24624 (D:\Git Hub Project\FCT-JAVA\Advance Java\SpringBoot\Spring Boot Security\SpringSecurity\target\classes started by Arnav Gade in D:\Git Hub Project\FCT-JAVA\Advance Java\SpringBoot\Spring Boot Security\SpringSecurity)
2026-05-03T21:54:31.765+05:30  INFO 24624 --- [SpringSecurity] [  restartedMain] c.v.S.SpringSecurityApplication          : No active profile set, falling back to 1 default profile: "default"
2026-05-03T21:54:32.062+05:30  INFO 24624 --- [SpringSecurity] [  restartedMain] .s.d.r.c.RepositoryConfigurationDelegate : Bootstrapping Spring Data JPA repositories in DEFAULT mode.
2026-05-03T21:54:32.078+05:30  INFO 24624 --- [SpringSecurity] [  restartedMain] .s.d.r.c.RepositoryConfigurationDelegate : Finished Spring Data repository scanning in 13 ms. Found 1 JPA repository interface.
2026-05-03T21:54:32.242+05:30  INFO 24624 --- [SpringSecurity] [  restartedMain] o.s.boot.tomcat.TomcatWebServer          : Tomcat initialized with port 8083 (http)
2026-05-03T21:54:32.243+05:30  INFO 24624 --- [SpringSecurity] [  restartedMain] o.apache.catalina.core.StandardService   : Starting service [Tomcat]
2026-05-03T21:54:32.243+05:30  INFO 24624 --- [SpringSecurity] [  restartedMain] o.apache.catalina.core.StandardEngine    : Starting Servlet engine: [Apache Tomcat/11.0.21]
2026-05-03T21:54:32.315+05:30  INFO 24624 --- [SpringSecurity] [  restartedMain] b.w.c.s.WebApplicationContextInitializer : Root WebApplicationContext: initialization completed in 542 ms
2026-05-03T21:54:32.726+05:30  INFO 24624 --- [SpringSecurity] [  restartedMain] org.hibernate.orm.jpa                    : HHH008540: Processing PersistenceUnitInfo [name: default]
2026-05-03T21:54:32.767+05:30  INFO 24624 --- [SpringSecurity] [  restartedMain] o.s.o.j.p.SpringPersistenceUnitInfo      : No LoadTimeWeaver setup: ignoring JPA class transformer
2026-05-03T21:54:32.769+05:30  INFO 24624 --- [SpringSecurity] [  restartedMain] com.zaxxer.hikari.HikariDataSource       : HikariPool-25 - Starting...
2026-05-03T21:54:32.800+05:30  INFO 24624 --- [SpringSecurity] [  restartedMain] com.zaxxer.hikari.pool.HikariPool        : HikariPool-25 - Added connection com.mysql.cj.jdbc.ConnectionImpl@1286ea1b
2026-05-03T21:54:32.800+05:30  INFO 24624 --- [SpringSecurity] [  restartedMain] com.zaxxer.hikari.HikariDataSource       : HikariPool-25 - Start completed.
2026-05-03T21:54:32.803+05:30  INFO 24624 --- [SpringSecurity] [  restartedMain] org.hibernate.orm.connections.pooling    : HHH10001005: Database info:
	Database JDBC URL [jdbc:mysql://localhost:3306/springsecurity]
	Database driver: MySQL Connector/J
	Database dialect: MySQLDialect
	Database version: 8.0.42
	Default catalog/schema: springsecurity/undefined
	Autocommit mode: undefined/unknown
	Isolation level: REPEATABLE_READ [default REPEATABLE_READ]
	JDBC fetch size: none
	Pool: DataSourceConnectionProvider
	Minimum pool size: undefined/unknown
	Maximum pool size: undefined/unknown
2026-05-03T21:54:32.847+05:30  INFO 24624 --- [SpringSecurity] [  restartedMain] org.hibernate.orm.core                   : HHH000489: No JTA platform available (set 'hibernate.transaction.jta.platform' to enable JTA platform integration)
2026-05-03T21:54:32.870+05:30  INFO 24624 --- [SpringSecurity] [  restartedMain] j.LocalContainerEntityManagerFactoryBean : Initialized JPA EntityManagerFactory for persistence unit 'default'
2026-05-03T21:54:32.933+05:30  WARN 24624 --- [SpringSecurity] [  restartedMain] ConfigServletWebServerApplicationContext : Exception encountered during context initialization - cancelling refresh attempt: org.springframework.beans.factory.UnsatisfiedDependencyException: Error creating bean with name 'userController': Unsatisfied dependency expressed through field 'service': Error creating bean with name 'userService': Unsatisfied dependency expressed through field 'authManager': No qualifying bean of type 'org.springframework.security.authentication.AuthenticationManager' available: expected at least 1 bean which qualifies as autowire candidate. Dependency annotations: {@org.springframework.beans.factory.annotation.Autowired(required=true)}
2026-05-03T21:54:32.933+05:30  INFO 24624 --- [SpringSecurity] [  restartedMain] j.LocalContainerEntityManagerFactoryBean : Closing JPA EntityManagerFactory for persistence unit 'default'
2026-05-03T21:54:32.933+05:30  INFO 24624 --- [SpringSecurity] [  restartedMain] com.zaxxer.hikari.HikariDataSource       : HikariPool-25 - Shutdown initiated...
2026-05-03T21:54:32.951+05:30  INFO 24624 --- [SpringSecurity] [  restartedMain] com.zaxxer.hikari.HikariDataSource       : HikariPool-25 - Shutdown completed.
2026-05-03T21:54:32.953+05:30  INFO 24624 --- [SpringSecurity] [  restartedMain] o.apache.catalina.core.StandardService   : Stopping service [Tomcat]
2026-05-03T21:54:32.955+05:30  INFO 24624 --- [SpringSecurity] [  restartedMain] .s.b.a.l.ConditionEvaluationReportLogger : 

Error starting ApplicationContext. To display the condition evaluation report re-run your application with 'debug' enabled.
2026-05-03T21:54:32.964+05:30 ERROR 24624 --- [SpringSecurity] [  restartedMain] o.s.boot.SpringApplication               : Application run failed

org.springframework.beans.factory.UnsatisfiedDependencyException: Error creating bean with name 'userController': Unsatisfied dependency expressed through field 'service': Error creating bean with name 'userService': Unsatisfied dependency expressed through field 'authManager': No qualifying bean of type 'org.springframework.security.authentication.AuthenticationManager' available: expected at least 1 bean which qualifies as autowire candidate. Dependency annotations: {@org.springframework.beans.factory.annotation.Autowired(required=true)}
	at org.springframework.beans.factory.annotation.AutowiredAnnotationBeanPostProcessor$AutowiredFieldElement.resolveFieldValue(AutowiredAnnotationBeanPostProcessor.java:767) ~[spring-beans-7.0.7.jar:7.0.7]
	at org.springframework.beans.factory.annotation.AutowiredAnnotationBeanPostProcessor$AutowiredFieldElement.inject(AutowiredAnnotationBeanPostProcessor.java:748) ~[spring-beans-7.0.7.jar:7.0.7]
	at org.springframework.beans.factory.annotation.InjectionMetadata.inject(InjectionMetadata.java:146) ~[spring-beans-7.0.7.jar:7.0.7]
	at org.springframework.beans.factory.annotation.AutowiredAnnotationBeanPostProcessor.postProcessProperties(AutowiredAnnotationBeanPostProcessor.java:493) ~[spring-beans-7.0.7.jar:7.0.7]
	at org.springframework.beans.factory.support.AbstractAutowireCapableBeanFactory.populateBean(AbstractAutowireCapableBeanFactory.java:1446) ~[spring-beans-7.0.7.jar:7.0.7]
	at org.springframework.beans.factory.support.AbstractAutowireCapableBeanFactory.doCreateBean(AbstractAutowireCapableBeanFactory.java:602) ~[spring-beans-7.0.7.jar:7.0.7]
	at org.springframework.beans.factory.support.AbstractAutowireCapableBeanFactory.createBean(AbstractAutowireCapableBeanFactory.java:525) ~[spring-beans-7.0.7.jar:7.0.7]
	at org.springframework.beans.factory.support.AbstractBeanFactory.lambda$doGetBean$0(AbstractBeanFactory.java:333) ~[spring-beans-7.0.7.jar:7.0.7]
	at org.springframework.beans.factory.support.DefaultSingletonBeanRegistry.getSingleton(DefaultSingletonBeanRegistry.java:371) ~[spring-beans-7.0.7.jar:7.0.7]
	at org.springframework.beans.factory.support.AbstractBeanFactory.doGetBean(AbstractBeanFactory.java:331) ~[spring-beans-7.0.7.jar:7.0.7]
	at org.springframework.beans.factory.support.AbstractBeanFactory.getBean(AbstractBeanFactory.java:196) ~[spring-beans-7.0.7.jar:7.0.7]
	at org.springframework.beans.factory.support.DefaultListableBeanFactory.instantiateSingleton(DefaultListableBeanFactory.java:1218) ~[spring-beans-7.0.7.jar:7.0.7]
	at org.springframework.beans.factory.support.DefaultListableBeanFactory.preInstantiateSingleton(DefaultListableBeanFactory.java:1184) ~[spring-beans-7.0.7.jar:7.0.7]
	at org.springframework.beans.factory.support.DefaultListableBeanFactory.preInstantiateSingletons(DefaultListableBeanFactory.java:1121) ~[spring-beans-7.0.7.jar:7.0.7]
	at org.springframework.context.support.AbstractApplicationContext.finishBeanFactoryInitialization(AbstractApplicationContext.java:994) ~[spring-context-7.0.7.jar:7.0.7]
	at org.springframework.context.support.AbstractApplicationContext.refresh(AbstractApplicationContext.java:621) ~[spring-context-7.0.7.jar:7.0.7]
	at org.springframework.boot.web.server.servlet.context.ServletWebServerApplicationContext.refresh(ServletWebServerApplicationContext.java:143) ~[spring-boot-web-server-4.0.6.jar:4.0.6]
	at org.springframework.boot.SpringApplication.refresh(SpringApplication.java:756) ~[spring-boot-4.0.6.jar:4.0.6]
	at org.springframework.boot.SpringApplication.refreshContext(SpringApplication.java:445) ~[spring-boot-4.0.6.jar:4.0.6]
	at org.springframework.boot.SpringApplication.run(SpringApplication.java:321) ~[spring-boot-4.0.6.jar:4.0.6]
	at org.springframework.boot.SpringApplication.run(SpringApplication.java:1365) ~[spring-boot-4.0.6.jar:4.0.6]
	at org.springframework.boot.SpringApplication.run(SpringApplication.java:1354) ~[spring-boot-4.0.6.jar:4.0.6]
	at com.vedant.SpringSecurity.SpringSecurityApplication.main(SpringSecurityApplication.java:10) ~[classes/:na]
	at java.base/jdk.internal.reflect.DirectMethodHandleAccessor.invoke(DirectMethodHandleAccessor.java:104) ~[na:na]
	at java.base/java.lang.reflect.Method.invoke(Method.java:565) ~[na:na]
	at org.springframework.boot.devtools.restart.RestartLauncher.run(RestartLauncher.java:52) ~[spring-boot-devtools-4.0.6.jar:4.0.6]
Caused by: org.springframework.beans.factory.UnsatisfiedDependencyException: Error creating bean with name 'userService': Unsatisfied dependency expressed through field 'authManager': No qualifying bean of type 'org.springframework.security.authentication.AuthenticationManager' available: expected at least 1 bean which qualifies as autowire candidate. Dependency annotations: {@org.springframework.beans.factory.annotation.Autowired(required=true)}
	at org.springframework.beans.factory.annotation.AutowiredAnnotationBeanPostProcessor$AutowiredFieldElement.resolveFieldValue(AutowiredAnnotationBeanPostProcessor.java:767) ~[spring-beans-7.0.7.jar:7.0.7]
	at org.springframework.beans.factory.annotation.AutowiredAnnotationBeanPostProcessor$AutowiredFieldElement.inject(AutowiredAnnotationBeanPostProcessor.java:748) ~[spring-beans-7.0.7.jar:7.0.7]
	at org.springframework.beans.factory.annotation.InjectionMetadata.inject(InjectionMetadata.java:146) ~[spring-beans-7.0.7.jar:7.0.7]
	at org.springframework.beans.factory.annotation.AutowiredAnnotationBeanPostProcessor.postProcessProperties(AutowiredAnnotationBeanPostProcessor.java:493) ~[spring-beans-7.0.7.jar:7.0.7]
	at org.springframework.beans.factory.support.AbstractAutowireCapableBeanFactory.populateBean(AbstractAutowireCapableBeanFactory.java:1446) ~[spring-beans-7.0.7.jar:7.0.7]
	at org.springframework.beans.factory.support.AbstractAutowireCapableBeanFactory.doCreateBean(AbstractAutowireCapableBeanFactory.java:602) ~[spring-beans-7.0.7.jar:7.0.7]
	at org.springframework.beans.factory.support.AbstractAutowireCapableBeanFactory.createBean(AbstractAutowireCapableBeanFactory.java:525) ~[spring-beans-7.0.7.jar:7.0.7]
	at org.springframework.beans.factory.support.AbstractBeanFactory.lambda$doGetBean$0(AbstractBeanFactory.java:333) ~[spring-beans-7.0.7.jar:7.0.7]
	at org.springframework.beans.factory.support.DefaultSingletonBeanRegistry.getSingleton(DefaultSingletonBeanRegistry.java:371) ~[spring-beans-7.0.7.jar:7.0.7]
	at org.springframework.beans.factory.support.AbstractBeanFactory.doGetBean(AbstractBeanFactory.java:331) ~[spring-beans-7.0.7.jar:7.0.7]
	at org.springframework.beans.factory.support.AbstractBeanFactory.getBean(AbstractBeanFactory.java:201) ~[spring-beans-7.0.7.jar:7.0.7]
	at org.springframework.beans.factory.config.DependencyDescriptor.resolveCandidate(DependencyDescriptor.java:229) ~[spring-beans-7.0.7.jar:7.0.7]
	at org.springframework.beans.factory.support.DefaultListableBeanFactory.doResolveDependency(DefaultListableBeanFactory.java:1762) ~[spring-beans-7.0.7.jar:7.0.7]
	at org.springframework.beans.factory.support.DefaultListableBeanFactory.resolveDependency(DefaultListableBeanFactory.java:1651) ~[spring-beans-7.0.7.jar:7.0.7]
	at org.springframework.beans.factory.annotation.AutowiredAnnotationBeanPostProcessor$AutowiredFieldElement.resolveFieldValue(AutowiredAnnotationBeanPostProcessor.java:764) ~[spring-beans-7.0.7.jar:7.0.7]
	... 25 common frames omitted
Caused by: org.springframework.beans.factory.NoSuchBeanDefinitionException: No qualifying bean of type 'org.springframework.security.authentication.AuthenticationManager' available: expected at least 1 bean which qualifies as autowire candidate. Dependency annotations: {@org.springframework.beans.factory.annotation.Autowired(required=true)}
	at org.springframework.beans.factory.support.DefaultListableBeanFactory.raiseNoMatchingBeanFound(DefaultListableBeanFactory.java:2297) ~[spring-beans-7.0.7.jar:7.0.7]
	at org.springframework.beans.factory.support.DefaultListableBeanFactory.resolveInstance(DefaultListableBeanFactory.java:1776) ~[spring-beans-7.0.7.jar:7.0.7]
	at org.springframework.beans.factory.support.DefaultListableBeanFactory.doResolveDependency(DefaultListableBeanFactory.java:1764) ~[spring-beans-7.0.7.jar:7.0.7]
	at org.springframework.beans.factory.support.DefaultListableBeanFactory.resolveDependency(DefaultListableBeanFactory.java:1651) ~[spring-beans-7.0.7.jar:7.0.7]
	at org.springframework.beans.factory.annotation.AutowiredAnnotationBeanPostProcessor$AutowiredFieldElement.resolveFieldValue(AutowiredAnnotationBeanPostProcessor.java:764) ~[spring-beans-7.0.7.jar:7.0.7]
	... 39 common frames omitted


  .   ____          _            __ _ _
 /\\ / ___'_ __ _ _(_)_ __  __ _ \ \ \ \
( ( )\___ | '_ | '_| | '_ \/ _` | \ \ \ \
 \\/  ___)| |_)| | | | | || (_| |  ) ) ) )
  '  |____| .__|_| |_|_| |_\__, | / / / /
 =========|_|==============|___/=/_/_/_/

 :: Spring Boot ::                (v4.0.6)

2026-05-03T21:55:26.622+05:30  INFO 24624 --- [SpringSecurity] [  restartedMain] c.v.S.SpringSecurityApplication          : Starting SpringSecurityApplication using Java 25.0.2 with PID 24624 (D:\Git Hub Project\FCT-JAVA\Advance Java\SpringBoot\Spring Boot Security\SpringSecurity\target\classes started by Arnav Gade in D:\Git Hub Project\FCT-JAVA\Advance Java\SpringBoot\Spring Boot Security\SpringSecurity)
2026-05-03T21:55:26.623+05:30  INFO 24624 --- [SpringSecurity] [  restartedMain] c.v.S.SpringSecurityApplication          : No active profile set, falling back to 1 default profile: "default"
2026-05-03T21:55:27.067+05:30  INFO 24624 --- [SpringSecurity] [  restartedMain] .s.d.r.c.RepositoryConfigurationDelegate : Bootstrapping Spring Data JPA repositories in DEFAULT mode.
2026-05-03T21:55:27.112+05:30  INFO 24624 --- [SpringSecurity] [  restartedMain] .s.d.r.c.RepositoryConfigurationDelegate : Finished Spring Data repository scanning in 42 ms. Found 1 JPA repository interface.
2026-05-03T21:55:27.284+05:30  INFO 24624 --- [SpringSecurity] [  restartedMain] o.s.boot.tomcat.TomcatWebServer          : Tomcat initialized with port 8083 (http)
2026-05-03T21:55:27.287+05:30  INFO 24624 --- [SpringSecurity] [  restartedMain] o.apache.catalina.core.StandardService   : Starting service [Tomcat]
2026-05-03T21:55:27.287+05:30  INFO 24624 --- [SpringSecurity] [  restartedMain] o.apache.catalina.core.StandardEngine    : Starting Servlet engine: [Apache Tomcat/11.0.21]
2026-05-03T21:55:27.338+05:30  INFO 24624 --- [SpringSecurity] [  restartedMain] b.w.c.s.WebApplicationContextInitializer : Root WebApplicationContext: initialization completed in 700 ms
2026-05-03T21:55:27.423+05:30  INFO 24624 --- [SpringSecurity] [  restartedMain] org.hibernate.orm.jpa                    : HHH008540: Processing PersistenceUnitInfo [name: default]
2026-05-03T21:55:27.502+05:30  INFO 24624 --- [SpringSecurity] [  restartedMain] o.s.o.j.p.SpringPersistenceUnitInfo      : No LoadTimeWeaver setup: ignoring JPA class transformer
2026-05-03T21:55:27.504+05:30  INFO 24624 --- [SpringSecurity] [  restartedMain] com.zaxxer.hikari.HikariDataSource       : HikariPool-26 - Starting...
2026-05-03T21:55:27.562+05:30  INFO 24624 --- [SpringSecurity] [  restartedMain] com.zaxxer.hikari.pool.HikariPool        : HikariPool-26 - Added connection com.mysql.cj.jdbc.ConnectionImpl@1adff9ea
2026-05-03T21:55:27.562+05:30  INFO 24624 --- [SpringSecurity] [  restartedMain] com.zaxxer.hikari.HikariDataSource       : HikariPool-26 - Start completed.
2026-05-03T21:55:27.568+05:30  INFO 24624 --- [SpringSecurity] [  restartedMain] org.hibernate.orm.connections.pooling    : HHH10001005: Database info:
	Database JDBC URL [jdbc:mysql://localhost:3306/springsecurity]
	Database driver: MySQL Connector/J
	Database dialect: MySQLDialect
	Database version: 8.0.42
	Default catalog/schema: springsecurity/undefined
	Autocommit mode: undefined/unknown
	Isolation level: REPEATABLE_READ [default REPEATABLE_READ]
	JDBC fetch size: none
	Pool: DataSourceConnectionProvider
	Minimum pool size: undefined/unknown
	Maximum pool size: undefined/unknown
2026-05-03T21:55:27.613+05:30  INFO 24624 --- [SpringSecurity] [  restartedMain] org.hibernate.orm.core                   : HHH000489: No JTA platform available (set 'hibernate.transaction.jta.platform' to enable JTA platform integration)
2026-05-03T21:55:27.632+05:30  INFO 24624 --- [SpringSecurity] [  restartedMain] j.LocalContainerEntityManagerFactoryBean : Initialized JPA EntityManagerFactory for persistence unit 'default'
2026-05-03T21:55:27.749+05:30  WARN 24624 --- [SpringSecurity] [  restartedMain] ConfigServletWebServerApplicationContext : Exception encountered during context initialization - cancelling refresh attempt: org.springframework.beans.factory.UnsatisfiedDependencyException: Error creating bean with name 'userController': Unsatisfied dependency expressed through field 'service': Error creating bean with name 'userService': Unsatisfied dependency expressed through field 'authManager': No qualifying bean of type 'org.springframework.security.authentication.AuthenticationManager' available: expected at least 1 bean which qualifies as autowire candidate. Dependency annotations: {@org.springframework.beans.factory.annotation.Autowired(required=true)}
2026-05-03T21:55:27.749+05:30  INFO 24624 --- [SpringSecurity] [  restartedMain] j.LocalContainerEntityManagerFactoryBean : Closing JPA EntityManagerFactory for persistence unit 'default'
2026-05-03T21:55:27.751+05:30  INFO 24624 --- [SpringSecurity] [  restartedMain] com.zaxxer.hikari.HikariDataSource       : HikariPool-26 - Shutdown initiated...
2026-05-03T21:55:27.792+05:30  INFO 24624 --- [SpringSecurity] [  restartedMain] com.zaxxer.hikari.HikariDataSource       : HikariPool-26 - Shutdown completed.
2026-05-03T21:55:27.793+05:30  INFO 24624 --- [SpringSecurity] [  restartedMain] o.apache.catalina.core.StandardService   : Stopping service [Tomcat]
2026-05-03T21:55:27.850+05:30  INFO 24624 --- [SpringSecurity] [  restartedMain] .s.b.a.l.ConditionEvaluationReportLogger : 

Error starting ApplicationContext. To display the condition evaluation report re-run your application with 'debug' enabled.
2026-05-03T21:55:27.910+05:30 ERROR 24624 --- [SpringSecurity] [  restartedMain] o.s.boot.SpringApplication               : Application run failed

org.springframework.beans.factory.UnsatisfiedDependencyException: Error creating bean with name 'userController': Unsatisfied dependency expressed through field 'service': Error creating bean with name 'userService': Unsatisfied dependency expressed through field 'authManager': No qualifying bean of type 'org.springframework.security.authentication.AuthenticationManager' available: expected at least 1 bean which qualifies as autowire candidate. Dependency annotations: {@org.springframework.beans.factory.annotation.Autowired(required=true)}
	at org.springframework.beans.factory.annotation.AutowiredAnnotationBeanPostProcessor$AutowiredFieldElement.resolveFieldValue(AutowiredAnnotationBeanPostProcessor.java:767) ~[spring-beans-7.0.7.jar:7.0.7]
	at org.springframework.beans.factory.annotation.AutowiredAnnotationBeanPostProcessor$AutowiredFieldElement.inject(AutowiredAnnotationBeanPostProcessor.java:748) ~[spring-beans-7.0.7.jar:7.0.7]
	at org.springframework.beans.factory.annotation.InjectionMetadata.inject(InjectionMetadata.java:146) ~[spring-beans-7.0.7.jar:7.0.7]
	at org.springframework.beans.factory.annotation.AutowiredAnnotationBeanPostProcessor.postProcessProperties(AutowiredAnnotationBeanPostProcessor.java:493) ~[spring-beans-7.0.7.jar:7.0.7]
	at org.springframework.beans.factory.support.AbstractAutowireCapableBeanFactory.populateBean(AbstractAutowireCapableBeanFactory.java:1446) ~[spring-beans-7.0.7.jar:7.0.7]
	at org.springframework.beans.factory.support.AbstractAutowireCapableBeanFactory.doCreateBean(AbstractAutowireCapableBeanFactory.java:602) ~[spring-beans-7.0.7.jar:7.0.7]
	at org.springframework.beans.factory.support.AbstractAutowireCapableBeanFactory.createBean(AbstractAutowireCapableBeanFactory.java:525) ~[spring-beans-7.0.7.jar:7.0.7]
	at org.springframework.beans.factory.support.AbstractBeanFactory.lambda$doGetBean$0(AbstractBeanFactory.java:333) ~[spring-beans-7.0.7.jar:7.0.7]
	at org.springframework.beans.factory.support.DefaultSingletonBeanRegistry.getSingleton(DefaultSingletonBeanRegistry.java:371) ~[spring-beans-7.0.7.jar:7.0.7]
	at org.springframework.beans.factory.support.AbstractBeanFactory.doGetBean(AbstractBeanFactory.java:331) ~[spring-beans-7.0.7.jar:7.0.7]
	at org.springframework.beans.factory.support.AbstractBeanFactory.getBean(AbstractBeanFactory.java:196) ~[spring-beans-7.0.7.jar:7.0.7]
	at org.springframework.beans.factory.support.DefaultListableBeanFactory.instantiateSingleton(DefaultListableBeanFactory.java:1218) ~[spring-beans-7.0.7.jar:7.0.7]
	at org.springframework.beans.factory.support.DefaultListableBeanFactory.preInstantiateSingleton(DefaultListableBeanFactory.java:1184) ~[spring-beans-7.0.7.jar:7.0.7]
	at org.springframework.beans.factory.support.DefaultListableBeanFactory.preInstantiateSingletons(DefaultListableBeanFactory.java:1121) ~[spring-beans-7.0.7.jar:7.0.7]
	at org.springframework.context.support.AbstractApplicationContext.finishBeanFactoryInitialization(AbstractApplicationContext.java:994) ~[spring-context-7.0.7.jar:7.0.7]
	at org.springframework.context.support.AbstractApplicationContext.refresh(AbstractApplicationContext.java:621) ~[spring-context-7.0.7.jar:7.0.7]
	at org.springframework.boot.web.server.servlet.context.ServletWebServerApplicationContext.refresh(ServletWebServerApplicationContext.java:143) ~[spring-boot-web-server-4.0.6.jar:4.0.6]
	at org.springframework.boot.SpringApplication.refresh(SpringApplication.java:756) ~[spring-boot-4.0.6.jar:4.0.6]
	at org.springframework.boot.SpringApplication.refreshContext(SpringApplication.java:445) ~[spring-boot-4.0.6.jar:4.0.6]
	at org.springframework.boot.SpringApplication.run(SpringApplication.java:321) ~[spring-boot-4.0.6.jar:4.0.6]
	at org.springframework.boot.SpringApplication.run(SpringApplication.java:1365) ~[spring-boot-4.0.6.jar:4.0.6]
	at org.springframework.boot.SpringApplication.run(SpringApplication.java:1354) ~[spring-boot-4.0.6.jar:4.0.6]
	at com.vedant.SpringSecurity.SpringSecurityApplication.main(SpringSecurityApplication.java:10) ~[classes/:na]
	at java.base/jdk.internal.reflect.DirectMethodHandleAccessor.invoke(DirectMethodHandleAccessor.java:104) ~[na:na]
	at java.base/java.lang.reflect.Method.invoke(Method.java:565) ~[na:na]
	at org.springframework.boot.devtools.restart.RestartLauncher.run(RestartLauncher.java:52) ~[spring-boot-devtools-4.0.6.jar:4.0.6]
Caused by: org.springframework.beans.factory.UnsatisfiedDependencyException: Error creating bean with name 'userService': Unsatisfied dependency expressed through field 'authManager': No qualifying bean of type 'org.springframework.security.authentication.AuthenticationManager' available: expected at least 1 bean which qualifies as autowire candidate. Dependency annotations: {@org.springframework.beans.factory.annotation.Autowired(required=true)}
	at org.springframework.beans.factory.annotation.AutowiredAnnotationBeanPostProcessor$AutowiredFieldElement.resolveFieldValue(AutowiredAnnotationBeanPostProcessor.java:767) ~[spring-beans-7.0.7.jar:7.0.7]
	at org.springframework.beans.factory.annotation.AutowiredAnnotationBeanPostProcessor$AutowiredFieldElement.inject(AutowiredAnnotationBeanPostProcessor.java:748) ~[spring-beans-7.0.7.jar:7.0.7]
	at org.springframework.beans.factory.annotation.InjectionMetadata.inject(InjectionMetadata.java:146) ~[spring-beans-7.0.7.jar:7.0.7]
	at org.springframework.beans.factory.annotation.AutowiredAnnotationBeanPostProcessor.postProcessProperties(AutowiredAnnotationBeanPostProcessor.java:493) ~[spring-beans-7.0.7.jar:7.0.7]
	at org.springframework.beans.factory.support.AbstractAutowireCapableBeanFactory.populateBean(AbstractAutowireCapableBeanFactory.java:1446) ~[spring-beans-7.0.7.jar:7.0.7]
	at org.springframework.beans.factory.support.AbstractAutowireCapableBeanFactory.doCreateBean(AbstractAutowireCapableBeanFactory.java:602) ~[spring-beans-7.0.7.jar:7.0.7]
	at org.springframework.beans.factory.support.AbstractAutowireCapableBeanFactory.createBean(AbstractAutowireCapableBeanFactory.java:525) ~[spring-beans-7.0.7.jar:7.0.7]
	at org.springframework.beans.factory.support.AbstractBeanFactory.lambda$doGetBean$0(AbstractBeanFactory.java:333) ~[spring-beans-7.0.7.jar:7.0.7]
	at org.springframework.beans.factory.support.DefaultSingletonBeanRegistry.getSingleton(DefaultSingletonBeanRegistry.java:371) ~[spring-beans-7.0.7.jar:7.0.7]
	at org.springframework.beans.factory.support.AbstractBeanFactory.doGetBean(AbstractBeanFactory.java:331) ~[spring-beans-7.0.7.jar:7.0.7]
	at org.springframework.beans.factory.support.AbstractBeanFactory.getBean(AbstractBeanFactory.java:201) ~[spring-beans-7.0.7.jar:7.0.7]
	at org.springframework.beans.factory.config.DependencyDescriptor.resolveCandidate(DependencyDescriptor.java:229) ~[spring-beans-7.0.7.jar:7.0.7]
	at org.springframework.beans.factory.support.DefaultListableBeanFactory.doResolveDependency(DefaultListableBeanFactory.java:1762) ~[spring-beans-7.0.7.jar:7.0.7]
	at org.springframework.beans.factory.support.DefaultListableBeanFactory.resolveDependency(DefaultListableBeanFactory.java:1651) ~[spring-beans-7.0.7.jar:7.0.7]
	at org.springframework.beans.factory.annotation.AutowiredAnnotationBeanPostProcessor$AutowiredFieldElement.resolveFieldValue(AutowiredAnnotationBeanPostProcessor.java:764) ~[spring-beans-7.0.7.jar:7.0.7]
	... 25 common frames omitted
Caused by: org.springframework.beans.factory.NoSuchBeanDefinitionException: No qualifying bean of type 'org.springframework.security.authentication.AuthenticationManager' available: expected at least 1 bean which qualifies as autowire candidate. Dependency annotations: {@org.springframework.beans.factory.annotation.Autowired(required=true)}
	at org.springframework.beans.factory.support.DefaultListableBeanFactory.raiseNoMatchingBeanFound(DefaultListableBeanFactory.java:2297) ~[spring-beans-7.0.7.jar:7.0.7]
	at org.springframework.beans.factory.support.DefaultListableBeanFactory.resolveInstance(DefaultListableBeanFactory.java:1776) ~[spring-beans-7.0.7.jar:7.0.7]
	at org.springframework.beans.factory.support.DefaultListableBeanFactory.doResolveDependency(DefaultListableBeanFactory.java:1764) ~[spring-beans-7.0.7.jar:7.0.7]
	at org.springframework.beans.factory.support.DefaultListableBeanFactory.resolveDependency(DefaultListableBeanFactory.java:1651) ~[spring-beans-7.0.7.jar:7.0.7]
	at org.springframework.beans.factory.annotation.AutowiredAnnotationBeanPostProcessor$AutowiredFieldElement.resolveFieldValue(AutowiredAnnotationBeanPostProcessor.java:764) ~[spring-beans-7.0.7.jar:7.0.7]
	... 39 common frames omitted


  .   ____          _            __ _ _
 /\\ / ___'_ __ _ _(_)_ __  __ _ \ \ \ \
( ( )\___ | '_ | '_| | '_ \/ _` | \ \ \ \
 \\/  ___)| |_)| | | | | || (_| |  ) ) ) )
  '  |____| .__|_| |_|_| |_\__, | / / / /
 =========|_|==============|___/=/_/_/_/

 :: Spring Boot ::                (v4.0.6)

2026-05-03T21:56:04.207+05:30  INFO 24624 --- [SpringSecurity] [  restartedMain] c.v.S.SpringSecurityApplication          : Starting SpringSecurityApplication using Java 25.0.2 with PID 24624 (D:\Git Hub Project\FCT-JAVA\Advance Java\SpringBoot\Spring Boot Security\SpringSecurity\target\classes started by Arnav Gade in D:\Git Hub Project\FCT-JAVA\Advance Java\SpringBoot\Spring Boot Security\SpringSecurity)
2026-05-03T21:56:04.207+05:30  INFO 24624 --- [SpringSecurity] [  restartedMain] c.v.S.SpringSecurityApplication          : No active profile set, falling back to 1 default profile: "default"
2026-05-03T21:56:04.488+05:30  INFO 24624 --- [SpringSecurity] [  restartedMain] .s.d.r.c.RepositoryConfigurationDelegate : Bootstrapping Spring Data JPA repositories in DEFAULT mode.
2026-05-03T21:56:04.500+05:30  INFO 24624 --- [SpringSecurity] [  restartedMain] .s.d.r.c.RepositoryConfigurationDelegate : Finished Spring Data repository scanning in 11 ms. Found 1 JPA repository interface.
2026-05-03T21:56:04.617+05:30  INFO 24624 --- [SpringSecurity] [  restartedMain] o.s.boot.tomcat.TomcatWebServer          : Tomcat initialized with port 8083 (http)
2026-05-03T21:56:04.618+05:30  INFO 24624 --- [SpringSecurity] [  restartedMain] o.apache.catalina.core.StandardService   : Starting service [Tomcat]
2026-05-03T21:56:04.618+05:30  INFO 24624 --- [SpringSecurity] [  restartedMain] o.apache.catalina.core.StandardEngine    : Starting Servlet engine: [Apache Tomcat/11.0.21]
2026-05-03T21:56:04.655+05:30  INFO 24624 --- [SpringSecurity] [  restartedMain] b.w.c.s.WebApplicationContextInitializer : Root WebApplicationContext: initialization completed in 447 ms
2026-05-03T21:56:04.748+05:30  INFO 24624 --- [SpringSecurity] [  restartedMain] org.hibernate.orm.jpa                    : HHH008540: Processing PersistenceUnitInfo [name: default]
2026-05-03T21:56:04.847+05:30  INFO 24624 --- [SpringSecurity] [  restartedMain] o.s.o.j.p.SpringPersistenceUnitInfo      : No LoadTimeWeaver setup: ignoring JPA class transformer
2026-05-03T21:56:04.851+05:30  INFO 24624 --- [SpringSecurity] [  restartedMain] com.zaxxer.hikari.HikariDataSource       : HikariPool-27 - Starting...
2026-05-03T21:56:04.918+05:30  INFO 24624 --- [SpringSecurity] [  restartedMain] com.zaxxer.hikari.pool.HikariPool        : HikariPool-27 - Added connection com.mysql.cj.jdbc.ConnectionImpl@465678b5
2026-05-03T21:56:04.919+05:30  INFO 24624 --- [SpringSecurity] [  restartedMain] com.zaxxer.hikari.HikariDataSource       : HikariPool-27 - Start completed.
2026-05-03T21:56:04.923+05:30  INFO 24624 --- [SpringSecurity] [  restartedMain] org.hibernate.orm.connections.pooling    : HHH10001005: Database info:
	Database JDBC URL [jdbc:mysql://localhost:3306/springsecurity]
	Database driver: MySQL Connector/J
	Database dialect: MySQLDialect
	Database version: 8.0.42
	Default catalog/schema: springsecurity/undefined
	Autocommit mode: undefined/unknown
	Isolation level: REPEATABLE_READ [default REPEATABLE_READ]
	JDBC fetch size: none
	Pool: DataSourceConnectionProvider
	Minimum pool size: undefined/unknown
	Maximum pool size: undefined/unknown
2026-05-03T21:56:05.035+05:30  INFO 24624 --- [SpringSecurity] [  restartedMain] org.hibernate.orm.core                   : HHH000489: No JTA platform available (set 'hibernate.transaction.jta.platform' to enable JTA platform integration)
2026-05-03T21:56:05.073+05:30  INFO 24624 --- [SpringSecurity] [  restartedMain] j.LocalContainerEntityManagerFactoryBean : Initialized JPA EntityManagerFactory for persistence unit 'default'
2026-05-03T21:56:05.244+05:30 TRACE 24624 --- [SpringSecurity] [  restartedMain] eGlobalAuthenticationAutowiredConfigurer : Eagerly initializing {securityConfig=com.vedant.SpringSecurity.config.SecurityConfig$$SpringCGLIB$$0@14fa0fbe}
2026-05-03T21:56:05.250+05:30  INFO 24624 --- [SpringSecurity] [  restartedMain] eAuthenticationProviderManagerConfigurer : Global AuthenticationManager configured with AuthenticationProvider bean with name authenticationProvider
2026-05-03T21:56:05.250+05:30  WARN 24624 --- [SpringSecurity] [  restartedMain] r$InitializeUserDetailsManagerConfigurer : Global AuthenticationManager configured with an AuthenticationProvider bean. UserDetailsService beans will not be used by Spring Security for automatically configuring username/password login. Consider removing the AuthenticationProvider bean. Alternatively, consider using the UserDetailsService in a manually instantiated DaoAuthenticationProvider. If the current configuration is intentional, to turn off this warning, increase the logging level of 'org.springframework.security.config.annotation.authentication.configuration.InitializeUserDetailsBeanManagerConfigurer' to ERROR
2026-05-03T21:56:05.306+05:30  WARN 24624 --- [SpringSecurity] [  restartedMain] JpaBaseConfiguration$JpaWebConfiguration : spring.jpa.open-in-view is enabled by default. Therefore, database queries may be performed during view rendering. Explicitly configure spring.jpa.open-in-view to disable this warning
2026-05-03T21:56:05.476+05:30  WARN 24624 --- [SpringSecurity] [  restartedMain] thorizationManagerRequestMatcherRegistry : One of the patterns in [/register, /error, login] is missing a leading slash. This is discouraged; please include the leading slash in all your request matcher patterns. In future versions of Spring Security, leaving out the leading slash will result in an exception.
2026-05-03T21:56:05.478+05:30  WARN 24624 --- [SpringSecurity] [  restartedMain] ConfigServletWebServerApplicationContext : Exception encountered during context initialization - cancelling refresh attempt: org.springframework.beans.factory.UnsatisfiedDependencyException: Error creating bean with name 'org.springframework.security.config.annotation.web.configuration.WebSecurityConfiguration': Unsatisfied dependency expressed through method 'setFilterChains' parameter 0: Error creating bean with name 'securityFilterChain' defined in class path resource [com/vedant/SpringSecurity/config/SecurityConfig.class]: Failed to instantiate [org.springframework.security.web.SecurityFilterChain]: Factory method 'securityFilterChain' threw exception with message: pattern must start with a /
2026-05-03T21:56:05.478+05:30  INFO 24624 --- [SpringSecurity] [  restartedMain] j.LocalContainerEntityManagerFactoryBean : Closing JPA EntityManagerFactory for persistence unit 'default'
2026-05-03T21:56:05.478+05:30  INFO 24624 --- [SpringSecurity] [  restartedMain] com.zaxxer.hikari.HikariDataSource       : HikariPool-27 - Shutdown initiated...
2026-05-03T21:56:05.515+05:30  INFO 24624 --- [SpringSecurity] [  restartedMain] com.zaxxer.hikari.HikariDataSource       : HikariPool-27 - Shutdown completed.
2026-05-03T21:56:05.516+05:30  INFO 24624 --- [SpringSecurity] [  restartedMain] o.apache.catalina.core.StandardService   : Stopping service [Tomcat]
2026-05-03T21:56:05.520+05:30  INFO 24624 --- [SpringSecurity] [  restartedMain] .s.b.a.l.ConditionEvaluationReportLogger : 

Error starting ApplicationContext. To display the condition evaluation report re-run your application with 'debug' enabled.
2026-05-03T21:56:05.522+05:30 ERROR 24624 --- [SpringSecurity] [  restartedMain] o.s.boot.SpringApplication               : Application run failed

org.springframework.beans.factory.UnsatisfiedDependencyException: Error creating bean with name 'org.springframework.security.config.annotation.web.configuration.WebSecurityConfiguration': Unsatisfied dependency expressed through method 'setFilterChains' parameter 0: Error creating bean with name 'securityFilterChain' defined in class path resource [com/vedant/SpringSecurity/config/SecurityConfig.class]: Failed to instantiate [org.springframework.security.web.SecurityFilterChain]: Factory method 'securityFilterChain' threw exception with message: pattern must start with a /
	at org.springframework.beans.factory.annotation.AutowiredAnnotationBeanPostProcessor$AutowiredMethodElement.resolveMethodArguments(AutowiredAnnotationBeanPostProcessor.java:872) ~[spring-beans-7.0.7.jar:7.0.7]
	at org.springframework.beans.factory.annotation.AutowiredAnnotationBeanPostProcessor$AutowiredMethodElement.inject(AutowiredAnnotationBeanPostProcessor.java:827) ~[spring-beans-7.0.7.jar:7.0.7]
	at org.springframework.beans.factory.annotation.InjectionMetadata.inject(InjectionMetadata.java:146) ~[spring-beans-7.0.7.jar:7.0.7]
	at org.springframework.beans.factory.annotation.AutowiredAnnotationBeanPostProcessor.postProcessProperties(AutowiredAnnotationBeanPostProcessor.java:493) ~[spring-beans-7.0.7.jar:7.0.7]
	at org.springframework.beans.factory.support.AbstractAutowireCapableBeanFactory.populateBean(AbstractAutowireCapableBeanFactory.java:1446) ~[spring-beans-7.0.7.jar:7.0.7]
	at org.springframework.beans.factory.support.AbstractAutowireCapableBeanFactory.doCreateBean(AbstractAutowireCapableBeanFactory.java:602) ~[spring-beans-7.0.7.jar:7.0.7]
	at org.springframework.beans.factory.support.AbstractAutowireCapableBeanFactory.createBean(AbstractAutowireCapableBeanFactory.java:525) ~[spring-beans-7.0.7.jar:7.0.7]
	at org.springframework.beans.factory.support.AbstractBeanFactory.lambda$doGetBean$0(AbstractBeanFactory.java:333) ~[spring-beans-7.0.7.jar:7.0.7]
	at org.springframework.beans.factory.support.DefaultSingletonBeanRegistry.getSingleton(DefaultSingletonBeanRegistry.java:371) ~[spring-beans-7.0.7.jar:7.0.7]
	at org.springframework.beans.factory.support.AbstractBeanFactory.doGetBean(AbstractBeanFactory.java:331) ~[spring-beans-7.0.7.jar:7.0.7]
	at org.springframework.beans.factory.support.AbstractBeanFactory.getBean(AbstractBeanFactory.java:196) ~[spring-beans-7.0.7.jar:7.0.7]
	at org.springframework.beans.factory.support.DefaultListableBeanFactory.instantiateSingleton(DefaultListableBeanFactory.java:1218) ~[spring-beans-7.0.7.jar:7.0.7]
	at org.springframework.beans.factory.support.DefaultListableBeanFactory.preInstantiateSingleton(DefaultListableBeanFactory.java:1184) ~[spring-beans-7.0.7.jar:7.0.7]
	at org.springframework.beans.factory.support.DefaultListableBeanFactory.preInstantiateSingletons(DefaultListableBeanFactory.java:1121) ~[spring-beans-7.0.7.jar:7.0.7]
	at org.springframework.context.support.AbstractApplicationContext.finishBeanFactoryInitialization(AbstractApplicationContext.java:994) ~[spring-context-7.0.7.jar:7.0.7]
	at org.springframework.context.support.AbstractApplicationContext.refresh(AbstractApplicationContext.java:621) ~[spring-context-7.0.7.jar:7.0.7]
	at org.springframework.boot.web.server.servlet.context.ServletWebServerApplicationContext.refresh(ServletWebServerApplicationContext.java:143) ~[spring-boot-web-server-4.0.6.jar:4.0.6]
	at org.springframework.boot.SpringApplication.refresh(SpringApplication.java:756) ~[spring-boot-4.0.6.jar:4.0.6]
	at org.springframework.boot.SpringApplication.refreshContext(SpringApplication.java:445) ~[spring-boot-4.0.6.jar:4.0.6]
	at org.springframework.boot.SpringApplication.run(SpringApplication.java:321) ~[spring-boot-4.0.6.jar:4.0.6]
	at org.springframework.boot.SpringApplication.run(SpringApplication.java:1365) ~[spring-boot-4.0.6.jar:4.0.6]
	at org.springframework.boot.SpringApplication.run(SpringApplication.java:1354) ~[spring-boot-4.0.6.jar:4.0.6]
	at com.vedant.SpringSecurity.SpringSecurityApplication.main(SpringSecurityApplication.java:10) ~[classes/:na]
	at java.base/jdk.internal.reflect.DirectMethodHandleAccessor.invoke(DirectMethodHandleAccessor.java:104) ~[na:na]
	at java.base/java.lang.reflect.Method.invoke(Method.java:565) ~[na:na]
	at org.springframework.boot.devtools.restart.RestartLauncher.run(RestartLauncher.java:52) ~[spring-boot-devtools-4.0.6.jar:4.0.6]
Caused by: org.springframework.beans.factory.BeanCreationException: Error creating bean with name 'securityFilterChain' defined in class path resource [com/vedant/SpringSecurity/config/SecurityConfig.class]: Failed to instantiate [org.springframework.security.web.SecurityFilterChain]: Factory method 'securityFilterChain' threw exception with message: pattern must start with a /
	at org.springframework.beans.factory.support.ConstructorResolver.instantiate(ConstructorResolver.java:657) ~[spring-beans-7.0.7.jar:7.0.7]
	at org.springframework.beans.factory.support.ConstructorResolver.instantiateUsingFactoryMethod(ConstructorResolver.java:645) ~[spring-beans-7.0.7.jar:7.0.7]
	at org.springframework.beans.factory.support.AbstractAutowireCapableBeanFactory.instantiateUsingFactoryMethod(AbstractAutowireCapableBeanFactory.java:1362) ~[spring-beans-7.0.7.jar:7.0.7]
	at org.springframework.beans.factory.support.AbstractAutowireCapableBeanFactory.createBeanInstance(AbstractAutowireCapableBeanFactory.java:1194) ~[spring-beans-7.0.7.jar:7.0.7]
	at org.springframework.beans.factory.support.AbstractAutowireCapableBeanFactory.doCreateBean(AbstractAutowireCapableBeanFactory.java:565) ~[spring-beans-7.0.7.jar:7.0.7]
	at org.springframework.beans.factory.support.AbstractAutowireCapableBeanFactory.createBean(AbstractAutowireCapableBeanFactory.java:525) ~[spring-beans-7.0.7.jar:7.0.7]
	at org.springframework.beans.factory.support.AbstractBeanFactory.lambda$doGetBean$0(AbstractBeanFactory.java:333) ~[spring-beans-7.0.7.jar:7.0.7]
	at org.springframework.beans.factory.support.DefaultSingletonBeanRegistry.getSingleton(DefaultSingletonBeanRegistry.java:371) ~[spring-beans-7.0.7.jar:7.0.7]
	at org.springframework.beans.factory.support.AbstractBeanFactory.doGetBean(AbstractBeanFactory.java:331) ~[spring-beans-7.0.7.jar:7.0.7]
	at org.springframework.beans.factory.support.AbstractBeanFactory.getBean(AbstractBeanFactory.java:201) ~[spring-beans-7.0.7.jar:7.0.7]
	at org.springframework.beans.factory.config.DependencyDescriptor.resolveCandidate(DependencyDescriptor.java:229) ~[spring-beans-7.0.7.jar:7.0.7]
	at org.springframework.beans.factory.support.DefaultListableBeanFactory.addCandidateEntry(DefaultListableBeanFactory.java:2008) ~[spring-beans-7.0.7.jar:7.0.7]
	at org.springframework.beans.factory.support.DefaultListableBeanFactory.findAutowireCandidates(DefaultListableBeanFactory.java:1971) ~[spring-beans-7.0.7.jar:7.0.7]
	at org.springframework.beans.factory.support.DefaultListableBeanFactory.resolveMultipleBeanCollection(DefaultListableBeanFactory.java:1863) ~[spring-beans-7.0.7.jar:7.0.7]
	at org.springframework.beans.factory.support.DefaultListableBeanFactory.resolveMultipleBeans(DefaultListableBeanFactory.java:1833) ~[spring-beans-7.0.7.jar:7.0.7]
	at org.springframework.beans.factory.support.DefaultListableBeanFactory.doResolveDependency(DefaultListableBeanFactory.java:1711) ~[spring-beans-7.0.7.jar:7.0.7]
	at org.springframework.beans.factory.support.DefaultListableBeanFactory.resolveDependency(DefaultListableBeanFactory.java:1651) ~[spring-beans-7.0.7.jar:7.0.7]
	at org.springframework.beans.factory.annotation.AutowiredAnnotationBeanPostProcessor$AutowiredMethodElement.resolveMethodArguments(AutowiredAnnotationBeanPostProcessor.java:864) ~[spring-beans-7.0.7.jar:7.0.7]
	... 25 common frames omitted
Caused by: org.springframework.beans.BeanInstantiationException: Failed to instantiate [org.springframework.security.web.SecurityFilterChain]: Factory method 'securityFilterChain' threw exception with message: pattern must start with a /
	at org.springframework.beans.factory.support.SimpleInstantiationStrategy.lambda$instantiate$0(SimpleInstantiationStrategy.java:183) ~[spring-beans-7.0.7.jar:7.0.7]
	at org.springframework.beans.factory.support.SimpleInstantiationStrategy.instantiateWithFactoryMethod(SimpleInstantiationStrategy.java:72) ~[spring-beans-7.0.7.jar:7.0.7]
	at org.springframework.beans.factory.support.SimpleInstantiationStrategy.instantiate(SimpleInstantiationStrategy.java:152) ~[spring-beans-7.0.7.jar:7.0.7]
	at org.springframework.beans.factory.support.ConstructorResolver.instantiate(ConstructorResolver.java:653) ~[spring-beans-7.0.7.jar:7.0.7]
	... 42 common frames omitted
Caused by: java.lang.IllegalArgumentException: pattern must start with a /
	at org.springframework.util.Assert.isTrue(Assert.java:117) ~[spring-core-7.0.7.jar:7.0.7]
	at org.springframework.security.web.servlet.util.matcher.PathPatternRequestMatcher$Builder.matcher(PathPatternRequestMatcher.java:320) ~[spring-security-web-7.0.5.jar:7.0.5]
	at org.springframework.security.config.annotation.web.AbstractRequestMatcherRegistry.requestMatchers(AbstractRequestMatcherRegistry.java:150) ~[spring-security-config-7.0.5.jar:7.0.5]
	at org.springframework.security.config.annotation.web.AbstractRequestMatcherRegistry.requestMatchers(AbstractRequestMatcherRegistry.java:195) ~[spring-security-config-7.0.5.jar:7.0.5]
	at com.vedant.SpringSecurity.config.SecurityConfig.lambda$2(SecurityConfig.java:33) ~[classes/:na]
	at org.springframework.security.config.annotation.web.builders.HttpSecurity.authorizeHttpRequests(HttpSecurity.java:715) ~[spring-security-config-7.0.5.jar:7.0.5]
	at com.vedant.SpringSecurity.config.SecurityConfig.securityFilterChain(SecurityConfig.java:32) ~[classes/:na]
	at com.vedant.SpringSecurity.config.SecurityConfig$$SpringCGLIB$$0.CGLIB$securityFilterChain$1(<generated>) ~[classes/:na]
	at com.vedant.SpringSecurity.config.SecurityConfig$$SpringCGLIB$$FastClass$$1.invoke(<generated>) ~[classes/:na]
	at org.springframework.cglib.proxy.MethodProxy.invokeSuper(MethodProxy.java:258) ~[spring-core-7.0.7.jar:7.0.7]
	at org.springframework.context.annotation.ConfigurationClassEnhancer$BeanMethodInterceptor.intercept(ConfigurationClassEnhancer.java:398) ~[spring-context-7.0.7.jar:7.0.7]
	at com.vedant.SpringSecurity.config.SecurityConfig$$SpringCGLIB$$0.securityFilterChain(<generated>) ~[classes/:na]
	at java.base/jdk.internal.reflect.DirectMethodHandleAccessor.invoke(DirectMethodHandleAccessor.java:104) ~[na:na]
	at java.base/java.lang.reflect.Method.invoke(Method.java:565) ~[na:na]
	at org.springframework.beans.factory.support.SimpleInstantiationStrategy.lambda$instantiate$0(SimpleInstantiationStrategy.java:155) ~[spring-beans-7.0.7.jar:7.0.7]
	... 45 common frames omitted


  .   ____          _            __ _ _
 /\\ / ___'_ __ _ _(_)_ __  __ _ \ \ \ \
( ( )\___ | '_ | '_| | '_ \/ _` | \ \ \ \
 \\/  ___)| |_)| | | | | || (_| |  ) ) ) )
  '  |____| .__|_| |_|_| |_\__, | / / / /
 =========|_|==============|___/=/_/_/_/

 :: Spring Boot ::                (v4.0.6)

2026-05-03T21:56:37.414+05:30  INFO 24624 --- [SpringSecurity] [  restartedMain] c.v.S.SpringSecurityApplication          : Starting SpringSecurityApplication using Java 25.0.2 with PID 24624 (D:\Git Hub Project\FCT-JAVA\Advance Java\SpringBoot\Spring Boot Security\SpringSecurity\target\classes started by Arnav Gade in D:\Git Hub Project\FCT-JAVA\Advance Java\SpringBoot\Spring Boot Security\SpringSecurity)
2026-05-03T21:56:37.415+05:30  INFO 24624 --- [SpringSecurity] [  restartedMain] c.v.S.SpringSecurityApplication          : No active profile set, falling back to 1 default profile: "default"
2026-05-03T21:56:37.805+05:30  INFO 24624 --- [SpringSecurity] [  restartedMain] .s.d.r.c.RepositoryConfigurationDelegate : Bootstrapping Spring Data JPA repositories in DEFAULT mode.
2026-05-03T21:56:37.825+05:30  INFO 24624 --- [SpringSecurity] [  restartedMain] .s.d.r.c.RepositoryConfigurationDelegate : Finished Spring Data repository scanning in 16 ms. Found 1 JPA repository interface.
2026-05-03T21:56:38.030+05:30  INFO 24624 --- [SpringSecurity] [  restartedMain] o.s.boot.tomcat.TomcatWebServer          : Tomcat initialized with port 8083 (http)
2026-05-03T21:56:38.031+05:30  INFO 24624 --- [SpringSecurity] [  restartedMain] o.apache.catalina.core.StandardService   : Starting service [Tomcat]
2026-05-03T21:56:38.031+05:30  INFO 24624 --- [SpringSecurity] [  restartedMain] o.apache.catalina.core.StandardEngine    : Starting Servlet engine: [Apache Tomcat/11.0.21]
2026-05-03T21:56:38.104+05:30  INFO 24624 --- [SpringSecurity] [  restartedMain] b.w.c.s.WebApplicationContextInitializer : Root WebApplicationContext: initialization completed in 687 ms
2026-05-03T21:56:38.168+05:30  INFO 24624 --- [SpringSecurity] [  restartedMain] org.hibernate.orm.jpa                    : HHH008540: Processing PersistenceUnitInfo [name: default]
2026-05-03T21:56:38.304+05:30  INFO 24624 --- [SpringSecurity] [  restartedMain] o.s.o.j.p.SpringPersistenceUnitInfo      : No LoadTimeWeaver setup: ignoring JPA class transformer
2026-05-03T21:56:38.305+05:30  INFO 24624 --- [SpringSecurity] [  restartedMain] com.zaxxer.hikari.HikariDataSource       : HikariPool-28 - Starting...
2026-05-03T21:56:38.343+05:30  INFO 24624 --- [SpringSecurity] [  restartedMain] com.zaxxer.hikari.pool.HikariPool        : HikariPool-28 - Added connection com.mysql.cj.jdbc.ConnectionImpl@107b29ad
2026-05-03T21:56:38.344+05:30  INFO 24624 --- [SpringSecurity] [  restartedMain] com.zaxxer.hikari.HikariDataSource       : HikariPool-28 - Start completed.
2026-05-03T21:56:38.346+05:30  INFO 24624 --- [SpringSecurity] [  restartedMain] org.hibernate.orm.connections.pooling    : HHH10001005: Database info:
	Database JDBC URL [jdbc:mysql://localhost:3306/springsecurity]
	Database driver: MySQL Connector/J
	Database dialect: MySQLDialect
	Database version: 8.0.42
	Default catalog/schema: springsecurity/undefined
	Autocommit mode: undefined/unknown
	Isolation level: REPEATABLE_READ [default REPEATABLE_READ]
	JDBC fetch size: none
	Pool: DataSourceConnectionProvider
	Minimum pool size: undefined/unknown
	Maximum pool size: undefined/unknown
2026-05-03T21:56:38.375+05:30  INFO 24624 --- [SpringSecurity] [  restartedMain] org.hibernate.orm.core                   : HHH000489: No JTA platform available (set 'hibernate.transaction.jta.platform' to enable JTA platform integration)
2026-05-03T21:56:38.385+05:30  INFO 24624 --- [SpringSecurity] [  restartedMain] j.LocalContainerEntityManagerFactoryBean : Initialized JPA EntityManagerFactory for persistence unit 'default'
2026-05-03T21:56:38.437+05:30 TRACE 24624 --- [SpringSecurity] [  restartedMain] eGlobalAuthenticationAutowiredConfigurer : Eagerly initializing {securityConfig=com.vedant.SpringSecurity.config.SecurityConfig$$SpringCGLIB$$0@4450ecf1}
2026-05-03T21:56:38.439+05:30  INFO 24624 --- [SpringSecurity] [  restartedMain] eAuthenticationProviderManagerConfigurer : Global AuthenticationManager configured with AuthenticationProvider bean with name authenticationProvider
2026-05-03T21:56:38.440+05:30  WARN 24624 --- [SpringSecurity] [  restartedMain] r$InitializeUserDetailsManagerConfigurer : Global AuthenticationManager configured with an AuthenticationProvider bean. UserDetailsService beans will not be used by Spring Security for automatically configuring username/password login. Consider removing the AuthenticationProvider bean. Alternatively, consider using the UserDetailsService in a manually instantiated DaoAuthenticationProvider. If the current configuration is intentional, to turn off this warning, increase the logging level of 'org.springframework.security.config.annotation.authentication.configuration.InitializeUserDetailsBeanManagerConfigurer' to ERROR
2026-05-03T21:56:38.447+05:30  WARN 24624 --- [SpringSecurity] [  restartedMain] JpaBaseConfiguration$JpaWebConfiguration : spring.jpa.open-in-view is enabled by default. Therefore, database queries may be performed during view rendering. Explicitly configure spring.jpa.open-in-view to disable this warning
2026-05-03T21:56:38.497+05:30  WARN 24624 --- [SpringSecurity] [  restartedMain] thorizationManagerRequestMatcherRegistry : One of the patterns in [/register, /error, login] is missing a leading slash. This is discouraged; please include the leading slash in all your request matcher patterns. In future versions of Spring Security, leaving out the leading slash will result in an exception.
2026-05-03T21:56:38.497+05:30  WARN 24624 --- [SpringSecurity] [  restartedMain] ConfigServletWebServerApplicationContext : Exception encountered during context initialization - cancelling refresh attempt: org.springframework.beans.factory.UnsatisfiedDependencyException: Error creating bean with name 'org.springframework.security.config.annotation.web.configuration.WebSecurityConfiguration': Unsatisfied dependency expressed through method 'setFilterChains' parameter 0: Error creating bean with name 'securityFilterChain' defined in class path resource [com/vedant/SpringSecurity/config/SecurityConfig.class]: Failed to instantiate [org.springframework.security.web.SecurityFilterChain]: Factory method 'securityFilterChain' threw exception with message: pattern must start with a /
2026-05-03T21:56:38.497+05:30  INFO 24624 --- [SpringSecurity] [  restartedMain] j.LocalContainerEntityManagerFactoryBean : Closing JPA EntityManagerFactory for persistence unit 'default'
2026-05-03T21:56:38.498+05:30  INFO 24624 --- [SpringSecurity] [  restartedMain] com.zaxxer.hikari.HikariDataSource       : HikariPool-28 - Shutdown initiated...
2026-05-03T21:56:38.501+05:30  INFO 24624 --- [SpringSecurity] [  restartedMain] com.zaxxer.hikari.HikariDataSource       : HikariPool-28 - Shutdown completed.
2026-05-03T21:56:38.502+05:30  INFO 24624 --- [SpringSecurity] [  restartedMain] o.apache.catalina.core.StandardService   : Stopping service [Tomcat]
2026-05-03T21:56:38.504+05:30  INFO 24624 --- [SpringSecurity] [  restartedMain] .s.b.a.l.ConditionEvaluationReportLogger : 

Error starting ApplicationContext. To display the condition evaluation report re-run your application with 'debug' enabled.
2026-05-03T21:56:38.505+05:30 ERROR 24624 --- [SpringSecurity] [  restartedMain] o.s.boot.SpringApplication               : Application run failed

org.springframework.beans.factory.UnsatisfiedDependencyException: Error creating bean with name 'org.springframework.security.config.annotation.web.configuration.WebSecurityConfiguration': Unsatisfied dependency expressed through method 'setFilterChains' parameter 0: Error creating bean with name 'securityFilterChain' defined in class path resource [com/vedant/SpringSecurity/config/SecurityConfig.class]: Failed to instantiate [org.springframework.security.web.SecurityFilterChain]: Factory method 'securityFilterChain' threw exception with message: pattern must start with a /
	at org.springframework.beans.factory.annotation.AutowiredAnnotationBeanPostProcessor$AutowiredMethodElement.resolveMethodArguments(AutowiredAnnotationBeanPostProcessor.java:872) ~[spring-beans-7.0.7.jar:7.0.7]
	at org.springframework.beans.factory.annotation.AutowiredAnnotationBeanPostProcessor$AutowiredMethodElement.inject(AutowiredAnnotationBeanPostProcessor.java:827) ~[spring-beans-7.0.7.jar:7.0.7]
	at org.springframework.beans.factory.annotation.InjectionMetadata.inject(InjectionMetadata.java:146) ~[spring-beans-7.0.7.jar:7.0.7]
	at org.springframework.beans.factory.annotation.AutowiredAnnotationBeanPostProcessor.postProcessProperties(AutowiredAnnotationBeanPostProcessor.java:493) ~[spring-beans-7.0.7.jar:7.0.7]
	at org.springframework.beans.factory.support.AbstractAutowireCapableBeanFactory.populateBean(AbstractAutowireCapableBeanFactory.java:1446) ~[spring-beans-7.0.7.jar:7.0.7]
	at org.springframework.beans.factory.support.AbstractAutowireCapableBeanFactory.doCreateBean(AbstractAutowireCapableBeanFactory.java:602) ~[spring-beans-7.0.7.jar:7.0.7]
	at org.springframework.beans.factory.support.AbstractAutowireCapableBeanFactory.createBean(AbstractAutowireCapableBeanFactory.java:525) ~[spring-beans-7.0.7.jar:7.0.7]
	at org.springframework.beans.factory.support.AbstractBeanFactory.lambda$doGetBean$0(AbstractBeanFactory.java:333) ~[spring-beans-7.0.7.jar:7.0.7]
	at org.springframework.beans.factory.support.DefaultSingletonBeanRegistry.getSingleton(DefaultSingletonBeanRegistry.java:371) ~[spring-beans-7.0.7.jar:7.0.7]
	at org.springframework.beans.factory.support.AbstractBeanFactory.doGetBean(AbstractBeanFactory.java:331) ~[spring-beans-7.0.7.jar:7.0.7]
	at org.springframework.beans.factory.support.AbstractBeanFactory.getBean(AbstractBeanFactory.java:196) ~[spring-beans-7.0.7.jar:7.0.7]
	at org.springframework.beans.factory.support.DefaultListableBeanFactory.instantiateSingleton(DefaultListableBeanFactory.java:1218) ~[spring-beans-7.0.7.jar:7.0.7]
	at org.springframework.beans.factory.support.DefaultListableBeanFactory.preInstantiateSingleton(DefaultListableBeanFactory.java:1184) ~[spring-beans-7.0.7.jar:7.0.7]
	at org.springframework.beans.factory.support.DefaultListableBeanFactory.preInstantiateSingletons(DefaultListableBeanFactory.java:1121) ~[spring-beans-7.0.7.jar:7.0.7]
	at org.springframework.context.support.AbstractApplicationContext.finishBeanFactoryInitialization(AbstractApplicationContext.java:994) ~[spring-context-7.0.7.jar:7.0.7]
	at org.springframework.context.support.AbstractApplicationContext.refresh(AbstractApplicationContext.java:621) ~[spring-context-7.0.7.jar:7.0.7]
	at org.springframework.boot.web.server.servlet.context.ServletWebServerApplicationContext.refresh(ServletWebServerApplicationContext.java:143) ~[spring-boot-web-server-4.0.6.jar:4.0.6]
	at org.springframework.boot.SpringApplication.refresh(SpringApplication.java:756) ~[spring-boot-4.0.6.jar:4.0.6]
	at org.springframework.boot.SpringApplication.refreshContext(SpringApplication.java:445) ~[spring-boot-4.0.6.jar:4.0.6]
	at org.springframework.boot.SpringApplication.run(SpringApplication.java:321) ~[spring-boot-4.0.6.jar:4.0.6]
	at org.springframework.boot.SpringApplication.run(SpringApplication.java:1365) ~[spring-boot-4.0.6.jar:4.0.6]
	at org.springframework.boot.SpringApplication.run(SpringApplication.java:1354) ~[spring-boot-4.0.6.jar:4.0.6]
	at com.vedant.SpringSecurity.SpringSecurityApplication.main(SpringSecurityApplication.java:10) ~[classes/:na]
	at java.base/jdk.internal.reflect.DirectMethodHandleAccessor.invoke(DirectMethodHandleAccessor.java:104) ~[na:na]
	at java.base/java.lang.reflect.Method.invoke(Method.java:565) ~[na:na]
	at org.springframework.boot.devtools.restart.RestartLauncher.run(RestartLauncher.java:52) ~[spring-boot-devtools-4.0.6.jar:4.0.6]
Caused by: org.springframework.beans.factory.BeanCreationException: Error creating bean with name 'securityFilterChain' defined in class path resource [com/vedant/SpringSecurity/config/SecurityConfig.class]: Failed to instantiate [org.springframework.security.web.SecurityFilterChain]: Factory method 'securityFilterChain' threw exception with message: pattern must start with a /
	at org.springframework.beans.factory.support.ConstructorResolver.instantiate(ConstructorResolver.java:657) ~[spring-beans-7.0.7.jar:7.0.7]
	at org.springframework.beans.factory.support.ConstructorResolver.instantiateUsingFactoryMethod(ConstructorResolver.java:645) ~[spring-beans-7.0.7.jar:7.0.7]
	at org.springframework.beans.factory.support.AbstractAutowireCapableBeanFactory.instantiateUsingFactoryMethod(AbstractAutowireCapableBeanFactory.java:1362) ~[spring-beans-7.0.7.jar:7.0.7]
	at org.springframework.beans.factory.support.AbstractAutowireCapableBeanFactory.createBeanInstance(AbstractAutowireCapableBeanFactory.java:1194) ~[spring-beans-7.0.7.jar:7.0.7]
	at org.springframework.beans.factory.support.AbstractAutowireCapableBeanFactory.doCreateBean(AbstractAutowireCapableBeanFactory.java:565) ~[spring-beans-7.0.7.jar:7.0.7]
	at org.springframework.beans.factory.support.AbstractAutowireCapableBeanFactory.createBean(AbstractAutowireCapableBeanFactory.java:525) ~[spring-beans-7.0.7.jar:7.0.7]
	at org.springframework.beans.factory.support.AbstractBeanFactory.lambda$doGetBean$0(AbstractBeanFactory.java:333) ~[spring-beans-7.0.7.jar:7.0.7]
	at org.springframework.beans.factory.support.DefaultSingletonBeanRegistry.getSingleton(DefaultSingletonBeanRegistry.java:371) ~[spring-beans-7.0.7.jar:7.0.7]
	at org.springframework.beans.factory.support.AbstractBeanFactory.doGetBean(AbstractBeanFactory.java:331) ~[spring-beans-7.0.7.jar:7.0.7]
	at org.springframework.beans.factory.support.AbstractBeanFactory.getBean(AbstractBeanFactory.java:201) ~[spring-beans-7.0.7.jar:7.0.7]
	at org.springframework.beans.factory.config.DependencyDescriptor.resolveCandidate(DependencyDescriptor.java:229) ~[spring-beans-7.0.7.jar:7.0.7]
	at org.springframework.beans.factory.support.DefaultListableBeanFactory.addCandidateEntry(DefaultListableBeanFactory.java:2008) ~[spring-beans-7.0.7.jar:7.0.7]
	at org.springframework.beans.factory.support.DefaultListableBeanFactory.findAutowireCandidates(DefaultListableBeanFactory.java:1971) ~[spring-beans-7.0.7.jar:7.0.7]
	at org.springframework.beans.factory.support.DefaultListableBeanFactory.resolveMultipleBeanCollection(DefaultListableBeanFactory.java:1863) ~[spring-beans-7.0.7.jar:7.0.7]
	at org.springframework.beans.factory.support.DefaultListableBeanFactory.resolveMultipleBeans(DefaultListableBeanFactory.java:1833) ~[spring-beans-7.0.7.jar:7.0.7]
	at org.springframework.beans.factory.support.DefaultListableBeanFactory.doResolveDependency(DefaultListableBeanFactory.java:1711) ~[spring-beans-7.0.7.jar:7.0.7]
	at org.springframework.beans.factory.support.DefaultListableBeanFactory.resolveDependency(DefaultListableBeanFactory.java:1651) ~[spring-beans-7.0.7.jar:7.0.7]
	at org.springframework.beans.factory.annotation.AutowiredAnnotationBeanPostProcessor$AutowiredMethodElement.resolveMethodArguments(AutowiredAnnotationBeanPostProcessor.java:864) ~[spring-beans-7.0.7.jar:7.0.7]
	... 25 common frames omitted
Caused by: org.springframework.beans.BeanInstantiationException: Failed to instantiate [org.springframework.security.web.SecurityFilterChain]: Factory method 'securityFilterChain' threw exception with message: pattern must start with a /
	at org.springframework.beans.factory.support.SimpleInstantiationStrategy.lambda$instantiate$0(SimpleInstantiationStrategy.java:183) ~[spring-beans-7.0.7.jar:7.0.7]
	at org.springframework.beans.factory.support.SimpleInstantiationStrategy.instantiateWithFactoryMethod(SimpleInstantiationStrategy.java:72) ~[spring-beans-7.0.7.jar:7.0.7]
	at org.springframework.beans.factory.support.SimpleInstantiationStrategy.instantiate(SimpleInstantiationStrategy.java:152) ~[spring-beans-7.0.7.jar:7.0.7]
	at org.springframework.beans.factory.support.ConstructorResolver.instantiate(ConstructorResolver.java:653) ~[spring-beans-7.0.7.jar:7.0.7]
	... 42 common frames omitted
Caused by: java.lang.IllegalArgumentException: pattern must start with a /
	at org.springframework.util.Assert.isTrue(Assert.java:117) ~[spring-core-7.0.7.jar:7.0.7]
	at org.springframework.security.web.servlet.util.matcher.PathPatternRequestMatcher$Builder.matcher(PathPatternRequestMatcher.java:320) ~[spring-security-web-7.0.5.jar:7.0.5]
	at org.springframework.security.config.annotation.web.AbstractRequestMatcherRegistry.requestMatchers(AbstractRequestMatcherRegistry.java:150) ~[spring-security-config-7.0.5.jar:7.0.5]
	at org.springframework.security.config.annotation.web.AbstractRequestMatcherRegistry.requestMatchers(AbstractRequestMatcherRegistry.java:195) ~[spring-security-config-7.0.5.jar:7.0.5]
	at com.vedant.SpringSecurity.config.SecurityConfig.lambda$2(SecurityConfig.java:33) ~[classes/:na]
	at org.springframework.security.config.annotation.web.builders.HttpSecurity.authorizeHttpRequests(HttpSecurity.java:715) ~[spring-security-config-7.0.5.jar:7.0.5]
	at com.vedant.SpringSecurity.config.SecurityConfig.securityFilterChain(SecurityConfig.java:32) ~[classes/:na]
	at com.vedant.SpringSecurity.config.SecurityConfig$$SpringCGLIB$$0.CGLIB$securityFilterChain$1(<generated>) ~[classes/:na]
	at com.vedant.SpringSecurity.config.SecurityConfig$$SpringCGLIB$$FastClass$$1.invoke(<generated>) ~[classes/:na]
	at org.springframework.cglib.proxy.MethodProxy.invokeSuper(MethodProxy.java:258) ~[spring-core-7.0.7.jar:7.0.7]
	at org.springframework.context.annotation.ConfigurationClassEnhancer$BeanMethodInterceptor.intercept(ConfigurationClassEnhancer.java:398) ~[spring-context-7.0.7.jar:7.0.7]
	at com.vedant.SpringSecurity.config.SecurityConfig$$SpringCGLIB$$0.securityFilterChain(<generated>) ~[classes/:na]
	at java.base/jdk.internal.reflect.DirectMethodHandleAccessor.invoke(DirectMethodHandleAccessor.java:104) ~[na:na]
	at java.base/java.lang.reflect.Method.invoke(Method.java:565) ~[na:na]
	at org.springframework.beans.factory.support.SimpleInstantiationStrategy.lambda$instantiate$0(SimpleInstantiationStrategy.java:155) ~[spring-beans-7.0.7.jar:7.0.7]
	... 45 common frames omitted


  .   ____          _            __ _ _
 /\\ / ___'_ __ _ _(_)_ __  __ _ \ \ \ \
( ( )\___ | '_ | '_| | '_ \/ _` | \ \ \ \
 \\/  ___)| |_)| | | | | || (_| |  ) ) ) )
  '  |____| .__|_| |_|_| |_\__, | / / / /
 =========|_|==============|___/=/_/_/_/

 :: Spring Boot ::                (v4.0.6)

2026-05-03T21:57:17.520+05:30  INFO 24624 --- [SpringSecurity] [  restartedMain] c.v.S.SpringSecurityApplication          : Starting SpringSecurityApplication using Java 25.0.2 with PID 24624 (D:\Git Hub Project\FCT-JAVA\Advance Java\SpringBoot\Spring Boot Security\SpringSecurity\target\classes started by Arnav Gade in D:\Git Hub Project\FCT-JAVA\Advance Java\SpringBoot\Spring Boot Security\SpringSecurity)
2026-05-03T21:57:17.521+05:30  INFO 24624 --- [SpringSecurity] [  restartedMain] c.v.S.SpringSecurityApplication          : No active profile set, falling back to 1 default profile: "default"
2026-05-03T21:57:18.054+05:30  INFO 24624 --- [SpringSecurity] [  restartedMain] .s.d.r.c.RepositoryConfigurationDelegate : Bootstrapping Spring Data JPA repositories in DEFAULT mode.
2026-05-03T21:57:18.073+05:30  INFO 24624 --- [SpringSecurity] [  restartedMain] .s.d.r.c.RepositoryConfigurationDelegate : Finished Spring Data repository scanning in 16 ms. Found 1 JPA repository interface.
2026-05-03T21:57:18.238+05:30  INFO 24624 --- [SpringSecurity] [  restartedMain] o.s.boot.tomcat.TomcatWebServer          : Tomcat initialized with port 8083 (http)
2026-05-03T21:57:18.238+05:30  INFO 24624 --- [SpringSecurity] [  restartedMain] o.apache.catalina.core.StandardService   : Starting service [Tomcat]
2026-05-03T21:57:18.239+05:30  INFO 24624 --- [SpringSecurity] [  restartedMain] o.apache.catalina.core.StandardEngine    : Starting Servlet engine: [Apache Tomcat/11.0.21]
2026-05-03T21:57:18.267+05:30  INFO 24624 --- [SpringSecurity] [  restartedMain] b.w.c.s.WebApplicationContextInitializer : Root WebApplicationContext: initialization completed in 744 ms
2026-05-03T21:57:18.334+05:30  INFO 24624 --- [SpringSecurity] [  restartedMain] org.hibernate.orm.jpa                    : HHH008540: Processing PersistenceUnitInfo [name: default]
2026-05-03T21:57:18.408+05:30  INFO 24624 --- [SpringSecurity] [  restartedMain] o.s.o.j.p.SpringPersistenceUnitInfo      : No LoadTimeWeaver setup: ignoring JPA class transformer
2026-05-03T21:57:18.411+05:30  INFO 24624 --- [SpringSecurity] [  restartedMain] com.zaxxer.hikari.HikariDataSource       : HikariPool-29 - Starting...
2026-05-03T21:57:18.435+05:30  INFO 24624 --- [SpringSecurity] [  restartedMain] com.zaxxer.hikari.pool.HikariPool        : HikariPool-29 - Added connection com.mysql.cj.jdbc.ConnectionImpl@32b8c207
2026-05-03T21:57:18.435+05:30  INFO 24624 --- [SpringSecurity] [  restartedMain] com.zaxxer.hikari.HikariDataSource       : HikariPool-29 - Start completed.
2026-05-03T21:57:18.438+05:30  INFO 24624 --- [SpringSecurity] [  restartedMain] org.hibernate.orm.connections.pooling    : HHH10001005: Database info:
	Database JDBC URL [jdbc:mysql://localhost:3306/springsecurity]
	Database driver: MySQL Connector/J
	Database dialect: MySQLDialect
	Database version: 8.0.42
	Default catalog/schema: springsecurity/undefined
	Autocommit mode: undefined/unknown
	Isolation level: REPEATABLE_READ [default REPEATABLE_READ]
	JDBC fetch size: none
	Pool: DataSourceConnectionProvider
	Minimum pool size: undefined/unknown
	Maximum pool size: undefined/unknown
2026-05-03T21:57:18.508+05:30  INFO 24624 --- [SpringSecurity] [  restartedMain] org.hibernate.orm.core                   : HHH000489: No JTA platform available (set 'hibernate.transaction.jta.platform' to enable JTA platform integration)
2026-05-03T21:57:18.528+05:30  INFO 24624 --- [SpringSecurity] [  restartedMain] j.LocalContainerEntityManagerFactoryBean : Initialized JPA EntityManagerFactory for persistence unit 'default'
2026-05-03T21:57:18.656+05:30 TRACE 24624 --- [SpringSecurity] [  restartedMain] eGlobalAuthenticationAutowiredConfigurer : Eagerly initializing {securityConfig=com.vedant.SpringSecurity.config.SecurityConfig$$SpringCGLIB$$0@680b9567}
2026-05-03T21:57:18.657+05:30  INFO 24624 --- [SpringSecurity] [  restartedMain] eAuthenticationProviderManagerConfigurer : Global AuthenticationManager configured with AuthenticationProvider bean with name authenticationProvider
2026-05-03T21:57:18.657+05:30  WARN 24624 --- [SpringSecurity] [  restartedMain] r$InitializeUserDetailsManagerConfigurer : Global AuthenticationManager configured with an AuthenticationProvider bean. UserDetailsService beans will not be used by Spring Security for automatically configuring username/password login. Consider removing the AuthenticationProvider bean. Alternatively, consider using the UserDetailsService in a manually instantiated DaoAuthenticationProvider. If the current configuration is intentional, to turn off this warning, increase the logging level of 'org.springframework.security.config.annotation.authentication.configuration.InitializeUserDetailsBeanManagerConfigurer' to ERROR
2026-05-03T21:57:18.677+05:30  WARN 24624 --- [SpringSecurity] [  restartedMain] JpaBaseConfiguration$JpaWebConfiguration : spring.jpa.open-in-view is enabled by default. Therefore, database queries may be performed during view rendering. Explicitly configure spring.jpa.open-in-view to disable this warning
2026-05-03T21:57:18.762+05:30  WARN 24624 --- [SpringSecurity] [  restartedMain] thorizationManagerRequestMatcherRegistry : One of the patterns in [/register, /error, login] is missing a leading slash. This is discouraged; please include the leading slash in all your request matcher patterns. In future versions of Spring Security, leaving out the leading slash will result in an exception.
2026-05-03T21:57:18.763+05:30  WARN 24624 --- [SpringSecurity] [  restartedMain] ConfigServletWebServerApplicationContext : Exception encountered during context initialization - cancelling refresh attempt: org.springframework.beans.factory.UnsatisfiedDependencyException: Error creating bean with name 'org.springframework.security.config.annotation.web.configuration.WebSecurityConfiguration': Unsatisfied dependency expressed through method 'setFilterChains' parameter 0: Error creating bean with name 'securityFilterChain' defined in class path resource [com/vedant/SpringSecurity/config/SecurityConfig.class]: Failed to instantiate [org.springframework.security.web.SecurityFilterChain]: Factory method 'securityFilterChain' threw exception with message: pattern must start with a /
2026-05-03T21:57:18.763+05:30  INFO 24624 --- [SpringSecurity] [  restartedMain] j.LocalContainerEntityManagerFactoryBean : Closing JPA EntityManagerFactory for persistence unit 'default'
2026-05-03T21:57:18.764+05:30  INFO 24624 --- [SpringSecurity] [  restartedMain] com.zaxxer.hikari.HikariDataSource       : HikariPool-29 - Shutdown initiated...
2026-05-03T21:57:18.799+05:30  INFO 24624 --- [SpringSecurity] [  restartedMain] com.zaxxer.hikari.HikariDataSource       : HikariPool-29 - Shutdown completed.
2026-05-03T21:57:18.800+05:30  INFO 24624 --- [SpringSecurity] [  restartedMain] o.apache.catalina.core.StandardService   : Stopping service [Tomcat]
2026-05-03T21:57:18.803+05:30  INFO 24624 --- [SpringSecurity] [  restartedMain] .s.b.a.l.ConditionEvaluationReportLogger : 

Error starting ApplicationContext. To display the condition evaluation report re-run your application with 'debug' enabled.
2026-05-03T21:57:18.805+05:30 ERROR 24624 --- [SpringSecurity] [  restartedMain] o.s.boot.SpringApplication               : Application run failed

org.springframework.beans.factory.UnsatisfiedDependencyException: Error creating bean with name 'org.springframework.security.config.annotation.web.configuration.WebSecurityConfiguration': Unsatisfied dependency expressed through method 'setFilterChains' parameter 0: Error creating bean with name 'securityFilterChain' defined in class path resource [com/vedant/SpringSecurity/config/SecurityConfig.class]: Failed to instantiate [org.springframework.security.web.SecurityFilterChain]: Factory method 'securityFilterChain' threw exception with message: pattern must start with a /
	at org.springframework.beans.factory.annotation.AutowiredAnnotationBeanPostProcessor$AutowiredMethodElement.resolveMethodArguments(AutowiredAnnotationBeanPostProcessor.java:872) ~[spring-beans-7.0.7.jar:7.0.7]
	at org.springframework.beans.factory.annotation.AutowiredAnnotationBeanPostProcessor$AutowiredMethodElement.inject(AutowiredAnnotationBeanPostProcessor.java:827) ~[spring-beans-7.0.7.jar:7.0.7]
	at org.springframework.beans.factory.annotation.InjectionMetadata.inject(InjectionMetadata.java:146) ~[spring-beans-7.0.7.jar:7.0.7]
	at org.springframework.beans.factory.annotation.AutowiredAnnotationBeanPostProcessor.postProcessProperties(AutowiredAnnotationBeanPostProcessor.java:493) ~[spring-beans-7.0.7.jar:7.0.7]
	at org.springframework.beans.factory.support.AbstractAutowireCapableBeanFactory.populateBean(AbstractAutowireCapableBeanFactory.java:1446) ~[spring-beans-7.0.7.jar:7.0.7]
	at org.springframework.beans.factory.support.AbstractAutowireCapableBeanFactory.doCreateBean(AbstractAutowireCapableBeanFactory.java:602) ~[spring-beans-7.0.7.jar:7.0.7]
	at org.springframework.beans.factory.support.AbstractAutowireCapableBeanFactory.createBean(AbstractAutowireCapableBeanFactory.java:525) ~[spring-beans-7.0.7.jar:7.0.7]
	at org.springframework.beans.factory.support.AbstractBeanFactory.lambda$doGetBean$0(AbstractBeanFactory.java:333) ~[spring-beans-7.0.7.jar:7.0.7]
	at org.springframework.beans.factory.support.DefaultSingletonBeanRegistry.getSingleton(DefaultSingletonBeanRegistry.java:371) ~[spring-beans-7.0.7.jar:7.0.7]
	at org.springframework.beans.factory.support.AbstractBeanFactory.doGetBean(AbstractBeanFactory.java:331) ~[spring-beans-7.0.7.jar:7.0.7]
	at org.springframework.beans.factory.support.AbstractBeanFactory.getBean(AbstractBeanFactory.java:196) ~[spring-beans-7.0.7.jar:7.0.7]
	at org.springframework.beans.factory.support.DefaultListableBeanFactory.instantiateSingleton(DefaultListableBeanFactory.java:1218) ~[spring-beans-7.0.7.jar:7.0.7]
	at org.springframework.beans.factory.support.DefaultListableBeanFactory.preInstantiateSingleton(DefaultListableBeanFactory.java:1184) ~[spring-beans-7.0.7.jar:7.0.7]
	at org.springframework.beans.factory.support.DefaultListableBeanFactory.preInstantiateSingletons(DefaultListableBeanFactory.java:1121) ~[spring-beans-7.0.7.jar:7.0.7]
	at org.springframework.context.support.AbstractApplicationContext.finishBeanFactoryInitialization(AbstractApplicationContext.java:994) ~[spring-context-7.0.7.jar:7.0.7]
	at org.springframework.context.support.AbstractApplicationContext.refresh(AbstractApplicationContext.java:621) ~[spring-context-7.0.7.jar:7.0.7]
	at org.springframework.boot.web.server.servlet.context.ServletWebServerApplicationContext.refresh(ServletWebServerApplicationContext.java:143) ~[spring-boot-web-server-4.0.6.jar:4.0.6]
	at org.springframework.boot.SpringApplication.refresh(SpringApplication.java:756) ~[spring-boot-4.0.6.jar:4.0.6]
	at org.springframework.boot.SpringApplication.refreshContext(SpringApplication.java:445) ~[spring-boot-4.0.6.jar:4.0.6]
	at org.springframework.boot.SpringApplication.run(SpringApplication.java:321) ~[spring-boot-4.0.6.jar:4.0.6]
	at org.springframework.boot.SpringApplication.run(SpringApplication.java:1365) ~[spring-boot-4.0.6.jar:4.0.6]
	at org.springframework.boot.SpringApplication.run(SpringApplication.java:1354) ~[spring-boot-4.0.6.jar:4.0.6]
	at com.vedant.SpringSecurity.SpringSecurityApplication.main(SpringSecurityApplication.java:10) ~[classes/:na]
	at java.base/jdk.internal.reflect.DirectMethodHandleAccessor.invoke(DirectMethodHandleAccessor.java:104) ~[na:na]
	at java.base/java.lang.reflect.Method.invoke(Method.java:565) ~[na:na]
	at org.springframework.boot.devtools.restart.RestartLauncher.run(RestartLauncher.java:52) ~[spring-boot-devtools-4.0.6.jar:4.0.6]
Caused by: org.springframework.beans.factory.BeanCreationException: Error creating bean with name 'securityFilterChain' defined in class path resource [com/vedant/SpringSecurity/config/SecurityConfig.class]: Failed to instantiate [org.springframework.security.web.SecurityFilterChain]: Factory method 'securityFilterChain' threw exception with message: pattern must start with a /
	at org.springframework.beans.factory.support.ConstructorResolver.instantiate(ConstructorResolver.java:657) ~[spring-beans-7.0.7.jar:7.0.7]
	at org.springframework.beans.factory.support.ConstructorResolver.instantiateUsingFactoryMethod(ConstructorResolver.java:645) ~[spring-beans-7.0.7.jar:7.0.7]
	at org.springframework.beans.factory.support.AbstractAutowireCapableBeanFactory.instantiateUsingFactoryMethod(AbstractAutowireCapableBeanFactory.java:1362) ~[spring-beans-7.0.7.jar:7.0.7]
	at org.springframework.beans.factory.support.AbstractAutowireCapableBeanFactory.createBeanInstance(AbstractAutowireCapableBeanFactory.java:1194) ~[spring-beans-7.0.7.jar:7.0.7]
	at org.springframework.beans.factory.support.AbstractAutowireCapableBeanFactory.doCreateBean(AbstractAutowireCapableBeanFactory.java:565) ~[spring-beans-7.0.7.jar:7.0.7]
	at org.springframework.beans.factory.support.AbstractAutowireCapableBeanFactory.createBean(AbstractAutowireCapableBeanFactory.java:525) ~[spring-beans-7.0.7.jar:7.0.7]
	at org.springframework.beans.factory.support.AbstractBeanFactory.lambda$doGetBean$0(AbstractBeanFactory.java:333) ~[spring-beans-7.0.7.jar:7.0.7]
	at org.springframework.beans.factory.support.DefaultSingletonBeanRegistry.getSingleton(DefaultSingletonBeanRegistry.java:371) ~[spring-beans-7.0.7.jar:7.0.7]
	at org.springframework.beans.factory.support.AbstractBeanFactory.doGetBean(AbstractBeanFactory.java:331) ~[spring-beans-7.0.7.jar:7.0.7]
	at org.springframework.beans.factory.support.AbstractBeanFactory.getBean(AbstractBeanFactory.java:201) ~[spring-beans-7.0.7.jar:7.0.7]
	at org.springframework.beans.factory.config.DependencyDescriptor.resolveCandidate(DependencyDescriptor.java:229) ~[spring-beans-7.0.7.jar:7.0.7]
	at org.springframework.beans.factory.support.DefaultListableBeanFactory.addCandidateEntry(DefaultListableBeanFactory.java:2008) ~[spring-beans-7.0.7.jar:7.0.7]
	at org.springframework.beans.factory.support.DefaultListableBeanFactory.findAutowireCandidates(DefaultListableBeanFactory.java:1971) ~[spring-beans-7.0.7.jar:7.0.7]
	at org.springframework.beans.factory.support.DefaultListableBeanFactory.resolveMultipleBeanCollection(DefaultListableBeanFactory.java:1863) ~[spring-beans-7.0.7.jar:7.0.7]
	at org.springframework.beans.factory.support.DefaultListableBeanFactory.resolveMultipleBeans(DefaultListableBeanFactory.java:1833) ~[spring-beans-7.0.7.jar:7.0.7]
	at org.springframework.beans.factory.support.DefaultListableBeanFactory.doResolveDependency(DefaultListableBeanFactory.java:1711) ~[spring-beans-7.0.7.jar:7.0.7]
	at org.springframework.beans.factory.support.DefaultListableBeanFactory.resolveDependency(DefaultListableBeanFactory.java:1651) ~[spring-beans-7.0.7.jar:7.0.7]
	at org.springframework.beans.factory.annotation.AutowiredAnnotationBeanPostProcessor$AutowiredMethodElement.resolveMethodArguments(AutowiredAnnotationBeanPostProcessor.java:864) ~[spring-beans-7.0.7.jar:7.0.7]
	... 25 common frames omitted
Caused by: org.springframework.beans.BeanInstantiationException: Failed to instantiate [org.springframework.security.web.SecurityFilterChain]: Factory method 'securityFilterChain' threw exception with message: pattern must start with a /
	at org.springframework.beans.factory.support.SimpleInstantiationStrategy.lambda$instantiate$0(SimpleInstantiationStrategy.java:183) ~[spring-beans-7.0.7.jar:7.0.7]
	at org.springframework.beans.factory.support.SimpleInstantiationStrategy.instantiateWithFactoryMethod(SimpleInstantiationStrategy.java:72) ~[spring-beans-7.0.7.jar:7.0.7]
	at org.springframework.beans.factory.support.SimpleInstantiationStrategy.instantiate(SimpleInstantiationStrategy.java:152) ~[spring-beans-7.0.7.jar:7.0.7]
	at org.springframework.beans.factory.support.ConstructorResolver.instantiate(ConstructorResolver.java:653) ~[spring-beans-7.0.7.jar:7.0.7]
	... 42 common frames omitted
Caused by: java.lang.IllegalArgumentException: pattern must start with a /
	at org.springframework.util.Assert.isTrue(Assert.java:117) ~[spring-core-7.0.7.jar:7.0.7]
	at org.springframework.security.web.servlet.util.matcher.PathPatternRequestMatcher$Builder.matcher(PathPatternRequestMatcher.java:320) ~[spring-security-web-7.0.5.jar:7.0.5]
	at org.springframework.security.config.annotation.web.AbstractRequestMatcherRegistry.requestMatchers(AbstractRequestMatcherRegistry.java:150) ~[spring-security-config-7.0.5.jar:7.0.5]
	at org.springframework.security.config.annotation.web.AbstractRequestMatcherRegistry.requestMatchers(AbstractRequestMatcherRegistry.java:195) ~[spring-security-config-7.0.5.jar:7.0.5]
	at com.vedant.SpringSecurity.config.SecurityConfig.lambda$2(SecurityConfig.java:33) ~[classes/:na]
	at org.springframework.security.config.annotation.web.builders.HttpSecurity.authorizeHttpRequests(HttpSecurity.java:715) ~[spring-security-config-7.0.5.jar:7.0.5]
	at com.vedant.SpringSecurity.config.SecurityConfig.securityFilterChain(SecurityConfig.java:32) ~[classes/:na]
	at com.vedant.SpringSecurity.config.SecurityConfig$$SpringCGLIB$$0.CGLIB$securityFilterChain$1(<generated>) ~[classes/:na]
	at com.vedant.SpringSecurity.config.SecurityConfig$$SpringCGLIB$$FastClass$$1.invoke(<generated>) ~[classes/:na]
	at org.springframework.cglib.proxy.MethodProxy.invokeSuper(MethodProxy.java:258) ~[spring-core-7.0.7.jar:7.0.7]
	at org.springframework.context.annotation.ConfigurationClassEnhancer$BeanMethodInterceptor.intercept(ConfigurationClassEnhancer.java:398) ~[spring-context-7.0.7.jar:7.0.7]
	at com.vedant.SpringSecurity.config.SecurityConfig$$SpringCGLIB$$0.securityFilterChain(<generated>) ~[classes/:na]
	at java.base/jdk.internal.reflect.DirectMethodHandleAccessor.invoke(DirectMethodHandleAccessor.java:104) ~[na:na]
	at java.base/java.lang.reflect.Method.invoke(Method.java:565) ~[na:na]
	at org.springframework.beans.factory.support.SimpleInstantiationStrategy.lambda$instantiate$0(SimpleInstantiationStrategy.java:155) ~[spring-beans-7.0.7.jar:7.0.7]
	... 45 common frames omitted


  .   ____          _            __ _ _
 /\\ / ___'_ __ _ _(_)_ __  __ _ \ \ \ \
( ( )\___ | '_ | '_| | '_ \/ _` | \ \ \ \
 \\/  ___)| |_)| | | | | || (_| |  ) ) ) )
  '  |____| .__|_| |_|_| |_\__, | / / / /
 =========|_|==============|___/=/_/_/_/

 :: Spring Boot ::                (v4.0.6)

2026-05-03T21:57:39.547+05:30  INFO 24624 --- [SpringSecurity] [  restartedMain] c.v.S.SpringSecurityApplication          : Starting SpringSecurityApplication using Java 25.0.2 with PID 24624 (D:\Git Hub Project\FCT-JAVA\Advance Java\SpringBoot\Spring Boot Security\SpringSecurity\target\classes started by Arnav Gade in D:\Git Hub Project\FCT-JAVA\Advance Java\SpringBoot\Spring Boot Security\SpringSecurity)
2026-05-03T21:57:39.548+05:30  INFO 24624 --- [SpringSecurity] [  restartedMain] c.v.S.SpringSecurityApplication          : No active profile set, falling back to 1 default profile: "default"
2026-05-03T21:57:40.260+05:30  INFO 24624 --- [SpringSecurity] [  restartedMain] .s.d.r.c.RepositoryConfigurationDelegate : Bootstrapping Spring Data JPA repositories in DEFAULT mode.
2026-05-03T21:57:40.276+05:30  INFO 24624 --- [SpringSecurity] [  restartedMain] .s.d.r.c.RepositoryConfigurationDelegate : Finished Spring Data repository scanning in 13 ms. Found 1 JPA repository interface.
2026-05-03T21:57:40.504+05:30  INFO 24624 --- [SpringSecurity] [  restartedMain] o.s.boot.tomcat.TomcatWebServer          : Tomcat initialized with port 8083 (http)
2026-05-03T21:57:40.506+05:30  INFO 24624 --- [SpringSecurity] [  restartedMain] o.apache.catalina.core.StandardService   : Starting service [Tomcat]
2026-05-03T21:57:40.506+05:30  INFO 24624 --- [SpringSecurity] [  restartedMain] o.apache.catalina.core.StandardEngine    : Starting Servlet engine: [Apache Tomcat/11.0.21]
2026-05-03T21:57:40.586+05:30  INFO 24624 --- [SpringSecurity] [  restartedMain] b.w.c.s.WebApplicationContextInitializer : Root WebApplicationContext: initialization completed in 1036 ms
2026-05-03T21:57:40.655+05:30  INFO 24624 --- [SpringSecurity] [  restartedMain] org.hibernate.orm.jpa                    : HHH008540: Processing PersistenceUnitInfo [name: default]
2026-05-03T21:57:40.704+05:30  INFO 24624 --- [SpringSecurity] [  restartedMain] o.s.o.j.p.SpringPersistenceUnitInfo      : No LoadTimeWeaver setup: ignoring JPA class transformer
2026-05-03T21:57:40.706+05:30  INFO 24624 --- [SpringSecurity] [  restartedMain] com.zaxxer.hikari.HikariDataSource       : HikariPool-30 - Starting...
2026-05-03T21:57:40.755+05:30  INFO 24624 --- [SpringSecurity] [  restartedMain] com.zaxxer.hikari.pool.HikariPool        : HikariPool-30 - Added connection com.mysql.cj.jdbc.ConnectionImpl@24e60db9
2026-05-03T21:57:40.755+05:30  INFO 24624 --- [SpringSecurity] [  restartedMain] com.zaxxer.hikari.HikariDataSource       : HikariPool-30 - Start completed.
2026-05-03T21:57:40.759+05:30  INFO 24624 --- [SpringSecurity] [  restartedMain] org.hibernate.orm.connections.pooling    : HHH10001005: Database info:
	Database JDBC URL [jdbc:mysql://localhost:3306/springsecurity]
	Database driver: MySQL Connector/J
	Database dialect: MySQLDialect
	Database version: 8.0.42
	Default catalog/schema: springsecurity/undefined
	Autocommit mode: undefined/unknown
	Isolation level: REPEATABLE_READ [default REPEATABLE_READ]
	JDBC fetch size: none
	Pool: DataSourceConnectionProvider
	Minimum pool size: undefined/unknown
	Maximum pool size: undefined/unknown
2026-05-03T21:57:40.887+05:30  INFO 24624 --- [SpringSecurity] [  restartedMain] org.hibernate.orm.core                   : HHH000489: No JTA platform available (set 'hibernate.transaction.jta.platform' to enable JTA platform integration)
2026-05-03T21:57:40.907+05:30  INFO 24624 --- [SpringSecurity] [  restartedMain] j.LocalContainerEntityManagerFactoryBean : Initialized JPA EntityManagerFactory for persistence unit 'default'
2026-05-03T21:57:41.007+05:30 TRACE 24624 --- [SpringSecurity] [  restartedMain] eGlobalAuthenticationAutowiredConfigurer : Eagerly initializing {securityConfig=com.vedant.SpringSecurity.config.SecurityConfig$$SpringCGLIB$$0@12478ab1}
2026-05-03T21:57:41.011+05:30  INFO 24624 --- [SpringSecurity] [  restartedMain] eAuthenticationProviderManagerConfigurer : Global AuthenticationManager configured with AuthenticationProvider bean with name authenticationProvider
2026-05-03T21:57:41.012+05:30  WARN 24624 --- [SpringSecurity] [  restartedMain] r$InitializeUserDetailsManagerConfigurer : Global AuthenticationManager configured with an AuthenticationProvider bean. UserDetailsService beans will not be used by Spring Security for automatically configuring username/password login. Consider removing the AuthenticationProvider bean. Alternatively, consider using the UserDetailsService in a manually instantiated DaoAuthenticationProvider. If the current configuration is intentional, to turn off this warning, increase the logging level of 'org.springframework.security.config.annotation.authentication.configuration.InitializeUserDetailsBeanManagerConfigurer' to ERROR
2026-05-03T21:57:41.032+05:30  WARN 24624 --- [SpringSecurity] [  restartedMain] JpaBaseConfiguration$JpaWebConfiguration : spring.jpa.open-in-view is enabled by default. Therefore, database queries may be performed during view rendering. Explicitly configure spring.jpa.open-in-view to disable this warning
2026-05-03T21:57:41.266+05:30  WARN 24624 --- [SpringSecurity] [  restartedMain] thorizationManagerRequestMatcherRegistry : One of the patterns in [/register, /error, login] is missing a leading slash. This is discouraged; please include the leading slash in all your request matcher patterns. In future versions of Spring Security, leaving out the leading slash will result in an exception.
2026-05-03T21:57:41.276+05:30  WARN 24624 --- [SpringSecurity] [  restartedMain] ConfigServletWebServerApplicationContext : Exception encountered during context initialization - cancelling refresh attempt: org.springframework.beans.factory.UnsatisfiedDependencyException: Error creating bean with name 'org.springframework.security.config.annotation.web.configuration.WebSecurityConfiguration': Unsatisfied dependency expressed through method 'setFilterChains' parameter 0: Error creating bean with name 'securityFilterChain' defined in class path resource [com/vedant/SpringSecurity/config/SecurityConfig.class]: Failed to instantiate [org.springframework.security.web.SecurityFilterChain]: Factory method 'securityFilterChain' threw exception with message: pattern must start with a /
2026-05-03T21:57:41.281+05:30  INFO 24624 --- [SpringSecurity] [  restartedMain] j.LocalContainerEntityManagerFactoryBean : Closing JPA EntityManagerFactory for persistence unit 'default'
2026-05-03T21:57:41.282+05:30  INFO 24624 --- [SpringSecurity] [  restartedMain] com.zaxxer.hikari.HikariDataSource       : HikariPool-30 - Shutdown initiated...
2026-05-03T21:57:41.321+05:30  INFO 24624 --- [SpringSecurity] [  restartedMain] com.zaxxer.hikari.HikariDataSource       : HikariPool-30 - Shutdown completed.
2026-05-03T21:57:41.321+05:30  INFO 24624 --- [SpringSecurity] [  restartedMain] o.apache.catalina.core.StandardService   : Stopping service [Tomcat]
2026-05-03T21:57:41.335+05:30  INFO 24624 --- [SpringSecurity] [  restartedMain] .s.b.a.l.ConditionEvaluationReportLogger : 

Error starting ApplicationContext. To display the condition evaluation report re-run your application with 'debug' enabled.
2026-05-03T21:57:41.338+05:30 ERROR 24624 --- [SpringSecurity] [  restartedMain] o.s.boot.SpringApplication               : Application run failed

org.springframework.beans.factory.UnsatisfiedDependencyException: Error creating bean with name 'org.springframework.security.config.annotation.web.configuration.WebSecurityConfiguration': Unsatisfied dependency expressed through method 'setFilterChains' parameter 0: Error creating bean with name 'securityFilterChain' defined in class path resource [com/vedant/SpringSecurity/config/SecurityConfig.class]: Failed to instantiate [org.springframework.security.web.SecurityFilterChain]: Factory method 'securityFilterChain' threw exception with message: pattern must start with a /
	at org.springframework.beans.factory.annotation.AutowiredAnnotationBeanPostProcessor$AutowiredMethodElement.resolveMethodArguments(AutowiredAnnotationBeanPostProcessor.java:872) ~[spring-beans-7.0.7.jar:7.0.7]
	at org.springframework.beans.factory.annotation.AutowiredAnnotationBeanPostProcessor$AutowiredMethodElement.inject(AutowiredAnnotationBeanPostProcessor.java:827) ~[spring-beans-7.0.7.jar:7.0.7]
	at org.springframework.beans.factory.annotation.InjectionMetadata.inject(InjectionMetadata.java:146) ~[spring-beans-7.0.7.jar:7.0.7]
	at org.springframework.beans.factory.annotation.AutowiredAnnotationBeanPostProcessor.postProcessProperties(AutowiredAnnotationBeanPostProcessor.java:493) ~[spring-beans-7.0.7.jar:7.0.7]
	at org.springframework.beans.factory.support.AbstractAutowireCapableBeanFactory.populateBean(AbstractAutowireCapableBeanFactory.java:1446) ~[spring-beans-7.0.7.jar:7.0.7]
	at org.springframework.beans.factory.support.AbstractAutowireCapableBeanFactory.doCreateBean(AbstractAutowireCapableBeanFactory.java:602) ~[spring-beans-7.0.7.jar:7.0.7]
	at org.springframework.beans.factory.support.AbstractAutowireCapableBeanFactory.createBean(AbstractAutowireCapableBeanFactory.java:525) ~[spring-beans-7.0.7.jar:7.0.7]
	at org.springframework.beans.factory.support.AbstractBeanFactory.lambda$doGetBean$0(AbstractBeanFactory.java:333) ~[spring-beans-7.0.7.jar:7.0.7]
	at org.springframework.beans.factory.support.DefaultSingletonBeanRegistry.getSingleton(DefaultSingletonBeanRegistry.java:371) ~[spring-beans-7.0.7.jar:7.0.7]
	at org.springframework.beans.factory.support.AbstractBeanFactory.doGetBean(AbstractBeanFactory.java:331) ~[spring-beans-7.0.7.jar:7.0.7]
	at org.springframework.beans.factory.support.AbstractBeanFactory.getBean(AbstractBeanFactory.java:196) ~[spring-beans-7.0.7.jar:7.0.7]
	at org.springframework.beans.factory.support.DefaultListableBeanFactory.instantiateSingleton(DefaultListableBeanFactory.java:1218) ~[spring-beans-7.0.7.jar:7.0.7]
	at org.springframework.beans.factory.support.DefaultListableBeanFactory.preInstantiateSingleton(DefaultListableBeanFactory.java:1184) ~[spring-beans-7.0.7.jar:7.0.7]
	at org.springframework.beans.factory.support.DefaultListableBeanFactory.preInstantiateSingletons(DefaultListableBeanFactory.java:1121) ~[spring-beans-7.0.7.jar:7.0.7]
	at org.springframework.context.support.AbstractApplicationContext.finishBeanFactoryInitialization(AbstractApplicationContext.java:994) ~[spring-context-7.0.7.jar:7.0.7]
	at org.springframework.context.support.AbstractApplicationContext.refresh(AbstractApplicationContext.java:621) ~[spring-context-7.0.7.jar:7.0.7]
	at org.springframework.boot.web.server.servlet.context.ServletWebServerApplicationContext.refresh(ServletWebServerApplicationContext.java:143) ~[spring-boot-web-server-4.0.6.jar:4.0.6]
	at org.springframework.boot.SpringApplication.refresh(SpringApplication.java:756) ~[spring-boot-4.0.6.jar:4.0.6]
	at org.springframework.boot.SpringApplication.refreshContext(SpringApplication.java:445) ~[spring-boot-4.0.6.jar:4.0.6]
	at org.springframework.boot.SpringApplication.run(SpringApplication.java:321) ~[spring-boot-4.0.6.jar:4.0.6]
	at org.springframework.boot.SpringApplication.run(SpringApplication.java:1365) ~[spring-boot-4.0.6.jar:4.0.6]
	at org.springframework.boot.SpringApplication.run(SpringApplication.java:1354) ~[spring-boot-4.0.6.jar:4.0.6]
	at com.vedant.SpringSecurity.SpringSecurityApplication.main(SpringSecurityApplication.java:10) ~[classes/:na]
	at java.base/jdk.internal.reflect.DirectMethodHandleAccessor.invoke(DirectMethodHandleAccessor.java:104) ~[na:na]
	at java.base/java.lang.reflect.Method.invoke(Method.java:565) ~[na:na]
	at org.springframework.boot.devtools.restart.RestartLauncher.run(RestartLauncher.java:52) ~[spring-boot-devtools-4.0.6.jar:4.0.6]
Caused by: org.springframework.beans.factory.BeanCreationException: Error creating bean with name 'securityFilterChain' defined in class path resource [com/vedant/SpringSecurity/config/SecurityConfig.class]: Failed to instantiate [org.springframework.security.web.SecurityFilterChain]: Factory method 'securityFilterChain' threw exception with message: pattern must start with a /
	at org.springframework.beans.factory.support.ConstructorResolver.instantiate(ConstructorResolver.java:657) ~[spring-beans-7.0.7.jar:7.0.7]
	at org.springframework.beans.factory.support.ConstructorResolver.instantiateUsingFactoryMethod(ConstructorResolver.java:645) ~[spring-beans-7.0.7.jar:7.0.7]
	at org.springframework.beans.factory.support.AbstractAutowireCapableBeanFactory.instantiateUsingFactoryMethod(AbstractAutowireCapableBeanFactory.java:1362) ~[spring-beans-7.0.7.jar:7.0.7]
	at org.springframework.beans.factory.support.AbstractAutowireCapableBeanFactory.createBeanInstance(AbstractAutowireCapableBeanFactory.java:1194) ~[spring-beans-7.0.7.jar:7.0.7]
	at org.springframework.beans.factory.support.AbstractAutowireCapableBeanFactory.doCreateBean(AbstractAutowireCapableBeanFactory.java:565) ~[spring-beans-7.0.7.jar:7.0.7]
	at org.springframework.beans.factory.support.AbstractAutowireCapableBeanFactory.createBean(AbstractAutowireCapableBeanFactory.java:525) ~[spring-beans-7.0.7.jar:7.0.7]
	at org.springframework.beans.factory.support.AbstractBeanFactory.lambda$doGetBean$0(AbstractBeanFactory.java:333) ~[spring-beans-7.0.7.jar:7.0.7]
	at org.springframework.beans.factory.support.DefaultSingletonBeanRegistry.getSingleton(DefaultSingletonBeanRegistry.java:371) ~[spring-beans-7.0.7.jar:7.0.7]
	at org.springframework.beans.factory.support.AbstractBeanFactory.doGetBean(AbstractBeanFactory.java:331) ~[spring-beans-7.0.7.jar:7.0.7]
	at org.springframework.beans.factory.support.AbstractBeanFactory.getBean(AbstractBeanFactory.java:201) ~[spring-beans-7.0.7.jar:7.0.7]
	at org.springframework.beans.factory.config.DependencyDescriptor.resolveCandidate(DependencyDescriptor.java:229) ~[spring-beans-7.0.7.jar:7.0.7]
	at org.springframework.beans.factory.support.DefaultListableBeanFactory.addCandidateEntry(DefaultListableBeanFactory.java:2008) ~[spring-beans-7.0.7.jar:7.0.7]
	at org.springframework.beans.factory.support.DefaultListableBeanFactory.findAutowireCandidates(DefaultListableBeanFactory.java:1971) ~[spring-beans-7.0.7.jar:7.0.7]
	at org.springframework.beans.factory.support.DefaultListableBeanFactory.resolveMultipleBeanCollection(DefaultListableBeanFactory.java:1863) ~[spring-beans-7.0.7.jar:7.0.7]
	at org.springframework.beans.factory.support.DefaultListableBeanFactory.resolveMultipleBeans(DefaultListableBeanFactory.java:1833) ~[spring-beans-7.0.7.jar:7.0.7]
	at org.springframework.beans.factory.support.DefaultListableBeanFactory.doResolveDependency(DefaultListableBeanFactory.java:1711) ~[spring-beans-7.0.7.jar:7.0.7]
	at org.springframework.beans.factory.support.DefaultListableBeanFactory.resolveDependency(DefaultListableBeanFactory.java:1651) ~[spring-beans-7.0.7.jar:7.0.7]
	at org.springframework.beans.factory.annotation.AutowiredAnnotationBeanPostProcessor$AutowiredMethodElement.resolveMethodArguments(AutowiredAnnotationBeanPostProcessor.java:864) ~[spring-beans-7.0.7.jar:7.0.7]
	... 25 common frames omitted
Caused by: org.springframework.beans.BeanInstantiationException: Failed to instantiate [org.springframework.security.web.SecurityFilterChain]: Factory method 'securityFilterChain' threw exception with message: pattern must start with a /
	at org.springframework.beans.factory.support.SimpleInstantiationStrategy.lambda$instantiate$0(SimpleInstantiationStrategy.java:183) ~[spring-beans-7.0.7.jar:7.0.7]
	at org.springframework.beans.factory.support.SimpleInstantiationStrategy.instantiateWithFactoryMethod(SimpleInstantiationStrategy.java:72) ~[spring-beans-7.0.7.jar:7.0.7]
	at org.springframework.beans.factory.support.SimpleInstantiationStrategy.instantiate(SimpleInstantiationStrategy.java:152) ~[spring-beans-7.0.7.jar:7.0.7]
	at org.springframework.beans.factory.support.ConstructorResolver.instantiate(ConstructorResolver.java:653) ~[spring-beans-7.0.7.jar:7.0.7]
	... 42 common frames omitted
Caused by: java.lang.IllegalArgumentException: pattern must start with a /
	at org.springframework.util.Assert.isTrue(Assert.java:117) ~[spring-core-7.0.7.jar:7.0.7]
	at org.springframework.security.web.servlet.util.matcher.PathPatternRequestMatcher$Builder.matcher(PathPatternRequestMatcher.java:320) ~[spring-security-web-7.0.5.jar:7.0.5]
	at org.springframework.security.config.annotation.web.AbstractRequestMatcherRegistry.requestMatchers(AbstractRequestMatcherRegistry.java:150) ~[spring-security-config-7.0.5.jar:7.0.5]
	at org.springframework.security.config.annotation.web.AbstractRequestMatcherRegistry.requestMatchers(AbstractRequestMatcherRegistry.java:195) ~[spring-security-config-7.0.5.jar:7.0.5]
	at com.vedant.SpringSecurity.config.SecurityConfig.lambda$2(SecurityConfig.java:33) ~[classes/:na]
	at org.springframework.security.config.annotation.web.builders.HttpSecurity.authorizeHttpRequests(HttpSecurity.java:715) ~[spring-security-config-7.0.5.jar:7.0.5]
	at com.vedant.SpringSecurity.config.SecurityConfig.securityFilterChain(SecurityConfig.java:32) ~[classes/:na]
	at com.vedant.SpringSecurity.config.SecurityConfig$$SpringCGLIB$$0.CGLIB$securityFilterChain$1(<generated>) ~[classes/:na]
	at com.vedant.SpringSecurity.config.SecurityConfig$$SpringCGLIB$$FastClass$$1.invoke(<generated>) ~[classes/:na]
	at org.springframework.cglib.proxy.MethodProxy.invokeSuper(MethodProxy.java:258) ~[spring-core-7.0.7.jar:7.0.7]
	at org.springframework.context.annotation.ConfigurationClassEnhancer$BeanMethodInterceptor.intercept(ConfigurationClassEnhancer.java:398) ~[spring-context-7.0.7.jar:7.0.7]
	at com.vedant.SpringSecurity.config.SecurityConfig$$SpringCGLIB$$0.securityFilterChain(<generated>) ~[classes/:na]
	at java.base/jdk.internal.reflect.DirectMethodHandleAccessor.invoke(DirectMethodHandleAccessor.java:104) ~[na:na]
	at java.base/java.lang.reflect.Method.invoke(Method.java:565) ~[na:na]
	at org.springframework.beans.factory.support.SimpleInstantiationStrategy.lambda$instantiate$0(SimpleInstantiationStrategy.java:155) ~[spring-beans-7.0.7.jar:7.0.7]
	... 45 common frames omitted


  .   ____          _            __ _ _
 /\\ / ___'_ __ _ _(_)_ __  __ _ \ \ \ \
( ( )\___ | '_ | '_| | '_ \/ _` | \ \ \ \
 \\/  ___)| |_)| | | | | || (_| |  ) ) ) )
  '  |____| .__|_| |_|_| |_\__, | / / / /
 =========|_|==============|___/=/_/_/_/

 :: Spring Boot ::                (v4.0.6)

2026-05-03T21:58:40.247+05:30  INFO 24624 --- [SpringSecurity] [  restartedMain] c.v.S.SpringSecurityApplication          : Starting SpringSecurityApplication using Java 25.0.2 with PID 24624 (D:\Git Hub Project\FCT-JAVA\Advance Java\SpringBoot\Spring Boot Security\SpringSecurity\target\classes started by Arnav Gade in D:\Git Hub Project\FCT-JAVA\Advance Java\SpringBoot\Spring Boot Security\SpringSecurity)
2026-05-03T21:58:40.249+05:30  INFO 24624 --- [SpringSecurity] [  restartedMain] c.v.S.SpringSecurityApplication          : No active profile set, falling back to 1 default profile: "default"
2026-05-03T21:58:40.799+05:30  INFO 24624 --- [SpringSecurity] [  restartedMain] .s.d.r.c.RepositoryConfigurationDelegate : Bootstrapping Spring Data JPA repositories in DEFAULT mode.
2026-05-03T21:58:40.857+05:30  INFO 24624 --- [SpringSecurity] [  restartedMain] .s.d.r.c.RepositoryConfigurationDelegate : Finished Spring Data repository scanning in 46 ms. Found 1 JPA repository interface.
2026-05-03T21:58:41.458+05:30  INFO 24624 --- [SpringSecurity] [  restartedMain] o.s.boot.tomcat.TomcatWebServer          : Tomcat initialized with port 8083 (http)
2026-05-03T21:58:41.466+05:30  INFO 24624 --- [SpringSecurity] [  restartedMain] o.apache.catalina.core.StandardService   : Starting service [Tomcat]
2026-05-03T21:58:41.466+05:30  INFO 24624 --- [SpringSecurity] [  restartedMain] o.apache.catalina.core.StandardEngine    : Starting Servlet engine: [Apache Tomcat/11.0.21]
2026-05-03T21:58:41.513+05:30  INFO 24624 --- [SpringSecurity] [  restartedMain] b.w.c.s.WebApplicationContextInitializer : Root WebApplicationContext: initialization completed in 1240 ms
2026-05-03T21:58:41.611+05:30  INFO 24624 --- [SpringSecurity] [  restartedMain] org.hibernate.orm.jpa                    : HHH008540: Processing PersistenceUnitInfo [name: default]
2026-05-03T21:58:41.685+05:30  INFO 24624 --- [SpringSecurity] [  restartedMain] o.s.o.j.p.SpringPersistenceUnitInfo      : No LoadTimeWeaver setup: ignoring JPA class transformer
2026-05-03T21:58:41.688+05:30  INFO 24624 --- [SpringSecurity] [  restartedMain] com.zaxxer.hikari.HikariDataSource       : HikariPool-31 - Starting...
2026-05-03T21:58:41.874+05:30  INFO 24624 --- [SpringSecurity] [  restartedMain] com.zaxxer.hikari.pool.HikariPool        : HikariPool-31 - Added connection com.mysql.cj.jdbc.ConnectionImpl@4f0276eb
2026-05-03T21:58:41.875+05:30  INFO 24624 --- [SpringSecurity] [  restartedMain] com.zaxxer.hikari.HikariDataSource       : HikariPool-31 - Start completed.
2026-05-03T21:58:41.885+05:30  INFO 24624 --- [SpringSecurity] [  restartedMain] org.hibernate.orm.connections.pooling    : HHH10001005: Database info:
	Database JDBC URL [jdbc:mysql://localhost:3306/springsecurity]
	Database driver: MySQL Connector/J
	Database dialect: MySQLDialect
	Database version: 8.0.42
	Default catalog/schema: springsecurity/undefined
	Autocommit mode: undefined/unknown
	Isolation level: REPEATABLE_READ [default REPEATABLE_READ]
	JDBC fetch size: none
	Pool: DataSourceConnectionProvider
	Minimum pool size: undefined/unknown
	Maximum pool size: undefined/unknown
2026-05-03T21:58:41.954+05:30  INFO 24624 --- [SpringSecurity] [  restartedMain] org.hibernate.orm.core                   : HHH000489: No JTA platform available (set 'hibernate.transaction.jta.platform' to enable JTA platform integration)
2026-05-03T21:58:42.043+05:30  INFO 24624 --- [SpringSecurity] [  restartedMain] j.LocalContainerEntityManagerFactoryBean : Initialized JPA EntityManagerFactory for persistence unit 'default'
2026-05-03T21:58:42.236+05:30  WARN 24624 --- [SpringSecurity] [  restartedMain] JpaBaseConfiguration$JpaWebConfiguration : spring.jpa.open-in-view is enabled by default. Therefore, database queries may be performed during view rendering. Explicitly configure spring.jpa.open-in-view to disable this warning
2026-05-03T21:58:42.523+05:30 TRACE 24624 --- [SpringSecurity] [  restartedMain] eGlobalAuthenticationAutowiredConfigurer : Eagerly initializing {org.springframework.boot.security.autoconfigure.web.servlet.ServletWebSecurityAutoConfiguration$EnableWebSecurityConfiguration=org.springframework.boot.security.autoconfigure.web.servlet.ServletWebSecurityAutoConfiguration$EnableWebSecurityConfiguration@5ecf277c}
2026-05-03T21:58:42.524+05:30  INFO 24624 --- [SpringSecurity] [  restartedMain] r$InitializeUserDetailsManagerConfigurer : Global AuthenticationManager configured with UserDetailsService bean with name myUserDetailsService
2026-05-03T21:58:42.645+05:30 DEBUG 24624 --- [SpringSecurity] [  restartedMain] o.s.s.web.DefaultSecurityFilterChain     : Will secure any request with filters: DisableEncodeUrlFilter, WebAsyncManagerIntegrationFilter, SecurityContextHolderFilter, HeaderWriterFilter, CsrfFilter, LogoutFilter, UsernamePasswordAuthenticationFilter, DefaultResourcesFilter, DefaultLoginPageGeneratingFilter, DefaultLogoutPageGeneratingFilter, BasicAuthenticationFilter, RequestCacheAwareFilter, SecurityContextHolderAwareRequestFilter, AnonymousAuthenticationFilter, ExceptionTranslationFilter, AuthorizationFilter
2026-05-03T21:58:42.715+05:30  INFO 24624 --- [SpringSecurity] [  restartedMain] o.s.boot.tomcat.TomcatWebServer          : Tomcat started on port 8083 (http) with context path '/'
2026-05-03T21:58:42.720+05:30  INFO 24624 --- [SpringSecurity] [  restartedMain] c.v.S.SpringSecurityApplication          : Started SpringSecurityApplication in 2.677 seconds (process running for 13238.659)
2026-05-03T21:58:42.726+05:30  INFO 24624 --- [SpringSecurity] [  restartedMain] .ConditionEvaluationDeltaLoggingListener : Condition evaluation delta:


==========================
CONDITION EVALUATION DELTA
==========================


Positive matches:
-----------------

   ServletWebSecurityAutoConfiguration.EnableWebSecurityConfiguration matched:
      - @ConditionalOnClass found required class 'org.springframework.security.config.annotation.web.configuration.EnableWebSecurity' (OnClassCondition)
      - @ConditionalOnMissingBean (names: springSecurityFilterChain; SearchStrategy: all) did not find any beans (OnBeanCondition)

   ServletWebSecurityAutoConfiguration.SecurityFilterChainConfiguration matched:
      - AllNestedConditions 2 matched 0 did not; NestedCondition on DefaultWebSecurityCondition.Beans @ConditionalOnMissingBean (types: org.springframework.security.web.SecurityFilterChain; SearchStrategy: all) did not find any beans; NestedCondition on DefaultWebSecurityCondition.Classes @ConditionalOnClass found required classes 'org.springframework.security.web.SecurityFilterChain', 'org.springframework.security.config.annotation.web.builders.HttpSecurity' (DefaultWebSecurityCondition)


Negative matches:
-----------------

    None


Exclusions:
-----------

    None


Unconditional classes:
----------------------

    None



2026-05-03T21:58:46.001+05:30  INFO 24624 --- [SpringSecurity] [   File Watcher] rtingClassPathChangeChangedEventListener : Restarting due to 3 class path changes (3 additions, 0 deletions, 0 modifications)
2026-05-03T21:58:46.024+05:30  INFO 24624 --- [SpringSecurity] [      Thread-73] o.s.boot.tomcat.GracefulShutdown         : Commencing graceful shutdown. Waiting for active requests to complete
2026-05-03T21:58:46.594+05:30  INFO 24624 --- [SpringSecurity] [tomcat-shutdown] o.s.boot.tomcat.GracefulShutdown         : Graceful shutdown complete
2026-05-03T21:58:46.597+05:30  INFO 24624 --- [SpringSecurity] [      Thread-73] j.LocalContainerEntityManagerFactoryBean : Closing JPA EntityManagerFactory for persistence unit 'default'
2026-05-03T21:58:46.598+05:30  INFO 24624 --- [SpringSecurity] [      Thread-73] com.zaxxer.hikari.HikariDataSource       : HikariPool-31 - Shutdown initiated...
2026-05-03T21:58:46.611+05:30  INFO 24624 --- [SpringSecurity] [      Thread-73] com.zaxxer.hikari.HikariDataSource       : HikariPool-31 - Shutdown completed.

  .   ____          _            __ _ _
 /\\ / ___'_ __ _ _(_)_ __  __ _ \ \ \ \
( ( )\___ | '_ | '_| | '_ \/ _` | \ \ \ \
 \\/  ___)| |_)| | | | | || (_| |  ) ) ) )
  '  |____| .__|_| |_|_| |_\__, | / / / /
 =========|_|==============|___/=/_/_/_/

 :: Spring Boot ::                (v4.0.6)

2026-05-03T21:58:46.797+05:30  INFO 24624 --- [SpringSecurity] [  restartedMain] c.v.S.SpringSecurityApplication          : Starting SpringSecurityApplication using Java 25.0.2 with PID 24624 (D:\Git Hub Project\FCT-JAVA\Advance Java\SpringBoot\Spring Boot Security\SpringSecurity\target\classes started by Arnav Gade in D:\Git Hub Project\FCT-JAVA\Advance Java\SpringBoot\Spring Boot Security\SpringSecurity)
2026-05-03T21:58:46.798+05:30  INFO 24624 --- [SpringSecurity] [  restartedMain] c.v.S.SpringSecurityApplication          : No active profile set, falling back to 1 default profile: "default"
2026-05-03T21:58:47.152+05:30  INFO 24624 --- [SpringSecurity] [  restartedMain] .s.d.r.c.RepositoryConfigurationDelegate : Bootstrapping Spring Data JPA repositories in DEFAULT mode.
2026-05-03T21:58:47.164+05:30  INFO 24624 --- [SpringSecurity] [  restartedMain] .s.d.r.c.RepositoryConfigurationDelegate : Finished Spring Data repository scanning in 9 ms. Found 1 JPA repository interface.
2026-05-03T21:58:47.323+05:30  INFO 24624 --- [SpringSecurity] [  restartedMain] o.s.boot.tomcat.TomcatWebServer          : Tomcat initialized with port 8083 (http)
2026-05-03T21:58:47.325+05:30  INFO 24624 --- [SpringSecurity] [  restartedMain] o.apache.catalina.core.StandardService   : Starting service [Tomcat]
2026-05-03T21:58:47.325+05:30  INFO 24624 --- [SpringSecurity] [  restartedMain] o.apache.catalina.core.StandardEngine    : Starting Servlet engine: [Apache Tomcat/11.0.21]
2026-05-03T21:58:47.361+05:30  INFO 24624 --- [SpringSecurity] [  restartedMain] b.w.c.s.WebApplicationContextInitializer : Root WebApplicationContext: initialization completed in 555 ms
2026-05-03T21:58:47.421+05:30  INFO 24624 --- [SpringSecurity] [  restartedMain] org.hibernate.orm.jpa                    : HHH008540: Processing PersistenceUnitInfo [name: default]
2026-05-03T21:58:47.467+05:30  INFO 24624 --- [SpringSecurity] [  restartedMain] o.s.o.j.p.SpringPersistenceUnitInfo      : No LoadTimeWeaver setup: ignoring JPA class transformer
2026-05-03T21:58:47.468+05:30  INFO 24624 --- [SpringSecurity] [  restartedMain] com.zaxxer.hikari.HikariDataSource       : HikariPool-32 - Starting...
2026-05-03T21:58:47.491+05:30  INFO 24624 --- [SpringSecurity] [  restartedMain] com.zaxxer.hikari.pool.HikariPool        : HikariPool-32 - Added connection com.mysql.cj.jdbc.ConnectionImpl@68fe0eec
2026-05-03T21:58:47.491+05:30  INFO 24624 --- [SpringSecurity] [  restartedMain] com.zaxxer.hikari.HikariDataSource       : HikariPool-32 - Start completed.
2026-05-03T21:58:47.493+05:30  INFO 24624 --- [SpringSecurity] [  restartedMain] org.hibernate.orm.connections.pooling    : HHH10001005: Database info:
	Database JDBC URL [jdbc:mysql://localhost:3306/springsecurity]
	Database driver: MySQL Connector/J
	Database dialect: MySQLDialect
	Database version: 8.0.42
	Default catalog/schema: springsecurity/undefined
	Autocommit mode: undefined/unknown
	Isolation level: REPEATABLE_READ [default REPEATABLE_READ]
	JDBC fetch size: none
	Pool: DataSourceConnectionProvider
	Minimum pool size: undefined/unknown
	Maximum pool size: undefined/unknown
2026-05-03T21:58:47.533+05:30  INFO 24624 --- [SpringSecurity] [  restartedMain] org.hibernate.orm.core                   : HHH000489: No JTA platform available (set 'hibernate.transaction.jta.platform' to enable JTA platform integration)
2026-05-03T21:58:47.546+05:30  INFO 24624 --- [SpringSecurity] [  restartedMain] j.LocalContainerEntityManagerFactoryBean : Initialized JPA EntityManagerFactory for persistence unit 'default'
2026-05-03T21:58:47.674+05:30 TRACE 24624 --- [SpringSecurity] [  restartedMain] eGlobalAuthenticationAutowiredConfigurer : Eagerly initializing {securityConfig=com.vedant.SpringSecurity.config.SecurityConfig$$SpringCGLIB$$0@1c1b1057}
2026-05-03T21:58:47.677+05:30  INFO 24624 --- [SpringSecurity] [  restartedMain] eAuthenticationProviderManagerConfigurer : Global AuthenticationManager configured with AuthenticationProvider bean with name authenticationProvider
2026-05-03T21:58:47.679+05:30  WARN 24624 --- [SpringSecurity] [  restartedMain] r$InitializeUserDetailsManagerConfigurer : Global AuthenticationManager configured with an AuthenticationProvider bean. UserDetailsService beans will not be used by Spring Security for automatically configuring username/password login. Consider removing the AuthenticationProvider bean. Alternatively, consider using the UserDetailsService in a manually instantiated DaoAuthenticationProvider. If the current configuration is intentional, to turn off this warning, increase the logging level of 'org.springframework.security.config.annotation.authentication.configuration.InitializeUserDetailsBeanManagerConfigurer' to ERROR
2026-05-03T21:58:47.711+05:30  WARN 24624 --- [SpringSecurity] [  restartedMain] JpaBaseConfiguration$JpaWebConfiguration : spring.jpa.open-in-view is enabled by default. Therefore, database queries may be performed during view rendering. Explicitly configure spring.jpa.open-in-view to disable this warning
2026-05-03T21:58:47.906+05:30  WARN 24624 --- [SpringSecurity] [  restartedMain] thorizationManagerRequestMatcherRegistry : One of the patterns in [/register, /error, login] is missing a leading slash. This is discouraged; please include the leading slash in all your request matcher patterns. In future versions of Spring Security, leaving out the leading slash will result in an exception.
2026-05-03T21:58:47.907+05:30  WARN 24624 --- [SpringSecurity] [  restartedMain] ConfigServletWebServerApplicationContext : Exception encountered during context initialization - cancelling refresh attempt: org.springframework.beans.factory.UnsatisfiedDependencyException: Error creating bean with name 'org.springframework.security.config.annotation.web.configuration.WebSecurityConfiguration': Unsatisfied dependency expressed through method 'setFilterChains' parameter 0: Error creating bean with name 'securityFilterChain' defined in class path resource [com/vedant/SpringSecurity/config/SecurityConfig.class]: Failed to instantiate [org.springframework.security.web.SecurityFilterChain]: Factory method 'securityFilterChain' threw exception with message: pattern must start with a /
2026-05-03T21:58:47.908+05:30  INFO 24624 --- [SpringSecurity] [  restartedMain] j.LocalContainerEntityManagerFactoryBean : Closing JPA EntityManagerFactory for persistence unit 'default'
2026-05-03T21:58:47.908+05:30  INFO 24624 --- [SpringSecurity] [  restartedMain] com.zaxxer.hikari.HikariDataSource       : HikariPool-32 - Shutdown initiated...
2026-05-03T21:58:47.951+05:30  INFO 24624 --- [SpringSecurity] [  restartedMain] com.zaxxer.hikari.HikariDataSource       : HikariPool-32 - Shutdown completed.
2026-05-03T21:58:47.952+05:30  INFO 24624 --- [SpringSecurity] [  restartedMain] o.apache.catalina.core.StandardService   : Stopping service [Tomcat]
2026-05-03T21:58:48.000+05:30  INFO 24624 --- [SpringSecurity] [  restartedMain] .s.b.a.l.ConditionEvaluationReportLogger : 

Error starting ApplicationContext. To display the condition evaluation report re-run your application with 'debug' enabled.
2026-05-03T21:58:48.028+05:30 ERROR 24624 --- [SpringSecurity] [  restartedMain] o.s.boot.SpringApplication               : Application run failed

org.springframework.beans.factory.UnsatisfiedDependencyException: Error creating bean with name 'org.springframework.security.config.annotation.web.configuration.WebSecurityConfiguration': Unsatisfied dependency expressed through method 'setFilterChains' parameter 0: Error creating bean with name 'securityFilterChain' defined in class path resource [com/vedant/SpringSecurity/config/SecurityConfig.class]: Failed to instantiate [org.springframework.security.web.SecurityFilterChain]: Factory method 'securityFilterChain' threw exception with message: pattern must start with a /
	at org.springframework.beans.factory.annotation.AutowiredAnnotationBeanPostProcessor$AutowiredMethodElement.resolveMethodArguments(AutowiredAnnotationBeanPostProcessor.java:872) ~[spring-beans-7.0.7.jar:7.0.7]
	at org.springframework.beans.factory.annotation.AutowiredAnnotationBeanPostProcessor$AutowiredMethodElement.inject(AutowiredAnnotationBeanPostProcessor.java:827) ~[spring-beans-7.0.7.jar:7.0.7]
	at org.springframework.beans.factory.annotation.InjectionMetadata.inject(InjectionMetadata.java:146) ~[spring-beans-7.0.7.jar:7.0.7]
	at org.springframework.beans.factory.annotation.AutowiredAnnotationBeanPostProcessor.postProcessProperties(AutowiredAnnotationBeanPostProcessor.java:493) ~[spring-beans-7.0.7.jar:7.0.7]
	at org.springframework.beans.factory.support.AbstractAutowireCapableBeanFactory.populateBean(AbstractAutowireCapableBeanFactory.java:1446) ~[spring-beans-7.0.7.jar:7.0.7]
	at org.springframework.beans.factory.support.AbstractAutowireCapableBeanFactory.doCreateBean(AbstractAutowireCapableBeanFactory.java:602) ~[spring-beans-7.0.7.jar:7.0.7]
	at org.springframework.beans.factory.support.AbstractAutowireCapableBeanFactory.createBean(AbstractAutowireCapableBeanFactory.java:525) ~[spring-beans-7.0.7.jar:7.0.7]
	at org.springframework.beans.factory.support.AbstractBeanFactory.lambda$doGetBean$0(AbstractBeanFactory.java:333) ~[spring-beans-7.0.7.jar:7.0.7]
	at org.springframework.beans.factory.support.DefaultSingletonBeanRegistry.getSingleton(DefaultSingletonBeanRegistry.java:371) ~[spring-beans-7.0.7.jar:7.0.7]
	at org.springframework.beans.factory.support.AbstractBeanFactory.doGetBean(AbstractBeanFactory.java:331) ~[spring-beans-7.0.7.jar:7.0.7]
	at org.springframework.beans.factory.support.AbstractBeanFactory.getBean(AbstractBeanFactory.java:196) ~[spring-beans-7.0.7.jar:7.0.7]
	at org.springframework.beans.factory.support.DefaultListableBeanFactory.instantiateSingleton(DefaultListableBeanFactory.java:1218) ~[spring-beans-7.0.7.jar:7.0.7]
	at org.springframework.beans.factory.support.DefaultListableBeanFactory.preInstantiateSingleton(DefaultListableBeanFactory.java:1184) ~[spring-beans-7.0.7.jar:7.0.7]
	at org.springframework.beans.factory.support.DefaultListableBeanFactory.preInstantiateSingletons(DefaultListableBeanFactory.java:1121) ~[spring-beans-7.0.7.jar:7.0.7]
	at org.springframework.context.support.AbstractApplicationContext.finishBeanFactoryInitialization(AbstractApplicationContext.java:994) ~[spring-context-7.0.7.jar:7.0.7]
	at org.springframework.context.support.AbstractApplicationContext.refresh(AbstractApplicationContext.java:621) ~[spring-context-7.0.7.jar:7.0.7]
	at org.springframework.boot.web.server.servlet.context.ServletWebServerApplicationContext.refresh(ServletWebServerApplicationContext.java:143) ~[spring-boot-web-server-4.0.6.jar:4.0.6]
	at org.springframework.boot.SpringApplication.refresh(SpringApplication.java:756) ~[spring-boot-4.0.6.jar:4.0.6]
	at org.springframework.boot.SpringApplication.refreshContext(SpringApplication.java:445) ~[spring-boot-4.0.6.jar:4.0.6]
	at org.springframework.boot.SpringApplication.run(SpringApplication.java:321) ~[spring-boot-4.0.6.jar:4.0.6]
	at org.springframework.boot.SpringApplication.run(SpringApplication.java:1365) ~[spring-boot-4.0.6.jar:4.0.6]
	at org.springframework.boot.SpringApplication.run(SpringApplication.java:1354) ~[spring-boot-4.0.6.jar:4.0.6]
	at com.vedant.SpringSecurity.SpringSecurityApplication.main(SpringSecurityApplication.java:10) ~[classes/:na]
	at java.base/jdk.internal.reflect.DirectMethodHandleAccessor.invoke(DirectMethodHandleAccessor.java:104) ~[na:na]
	at java.base/java.lang.reflect.Method.invoke(Method.java:565) ~[na:na]
	at org.springframework.boot.devtools.restart.RestartLauncher.run(RestartLauncher.java:52) ~[spring-boot-devtools-4.0.6.jar:4.0.6]
Caused by: org.springframework.beans.factory.BeanCreationException: Error creating bean with name 'securityFilterChain' defined in class path resource [com/vedant/SpringSecurity/config/SecurityConfig.class]: Failed to instantiate [org.springframework.security.web.SecurityFilterChain]: Factory method 'securityFilterChain' threw exception with message: pattern must start with a /
	at org.springframework.beans.factory.support.ConstructorResolver.instantiate(ConstructorResolver.java:657) ~[spring-beans-7.0.7.jar:7.0.7]
	at org.springframework.beans.factory.support.ConstructorResolver.instantiateUsingFactoryMethod(ConstructorResolver.java:645) ~[spring-beans-7.0.7.jar:7.0.7]
	at org.springframework.beans.factory.support.AbstractAutowireCapableBeanFactory.instantiateUsingFactoryMethod(AbstractAutowireCapableBeanFactory.java:1362) ~[spring-beans-7.0.7.jar:7.0.7]
	at org.springframework.beans.factory.support.AbstractAutowireCapableBeanFactory.createBeanInstance(AbstractAutowireCapableBeanFactory.java:1194) ~[spring-beans-7.0.7.jar:7.0.7]
	at org.springframework.beans.factory.support.AbstractAutowireCapableBeanFactory.doCreateBean(AbstractAutowireCapableBeanFactory.java:565) ~[spring-beans-7.0.7.jar:7.0.7]
	at org.springframework.beans.factory.support.AbstractAutowireCapableBeanFactory.createBean(AbstractAutowireCapableBeanFactory.java:525) ~[spring-beans-7.0.7.jar:7.0.7]
	at org.springframework.beans.factory.support.AbstractBeanFactory.lambda$doGetBean$0(AbstractBeanFactory.java:333) ~[spring-beans-7.0.7.jar:7.0.7]
	at org.springframework.beans.factory.support.DefaultSingletonBeanRegistry.getSingleton(DefaultSingletonBeanRegistry.java:371) ~[spring-beans-7.0.7.jar:7.0.7]
	at org.springframework.beans.factory.support.AbstractBeanFactory.doGetBean(AbstractBeanFactory.java:331) ~[spring-beans-7.0.7.jar:7.0.7]
	at org.springframework.beans.factory.support.AbstractBeanFactory.getBean(AbstractBeanFactory.java:201) ~[spring-beans-7.0.7.jar:7.0.7]
	at org.springframework.beans.factory.config.DependencyDescriptor.resolveCandidate(DependencyDescriptor.java:229) ~[spring-beans-7.0.7.jar:7.0.7]
	at org.springframework.beans.factory.support.DefaultListableBeanFactory.addCandidateEntry(DefaultListableBeanFactory.java:2008) ~[spring-beans-7.0.7.jar:7.0.7]
	at org.springframework.beans.factory.support.DefaultListableBeanFactory.findAutowireCandidates(DefaultListableBeanFactory.java:1971) ~[spring-beans-7.0.7.jar:7.0.7]
	at org.springframework.beans.factory.support.DefaultListableBeanFactory.resolveMultipleBeanCollection(DefaultListableBeanFactory.java:1863) ~[spring-beans-7.0.7.jar:7.0.7]
	at org.springframework.beans.factory.support.DefaultListableBeanFactory.resolveMultipleBeans(DefaultListableBeanFactory.java:1833) ~[spring-beans-7.0.7.jar:7.0.7]
	at org.springframework.beans.factory.support.DefaultListableBeanFactory.doResolveDependency(DefaultListableBeanFactory.java:1711) ~[spring-beans-7.0.7.jar:7.0.7]
	at org.springframework.beans.factory.support.DefaultListableBeanFactory.resolveDependency(DefaultListableBeanFactory.java:1651) ~[spring-beans-7.0.7.jar:7.0.7]
	at org.springframework.beans.factory.annotation.AutowiredAnnotationBeanPostProcessor$AutowiredMethodElement.resolveMethodArguments(AutowiredAnnotationBeanPostProcessor.java:864) ~[spring-beans-7.0.7.jar:7.0.7]
	... 25 common frames omitted
Caused by: org.springframework.beans.BeanInstantiationException: Failed to instantiate [org.springframework.security.web.SecurityFilterChain]: Factory method 'securityFilterChain' threw exception with message: pattern must start with a /
	at org.springframework.beans.factory.support.SimpleInstantiationStrategy.lambda$instantiate$0(SimpleInstantiationStrategy.java:183) ~[spring-beans-7.0.7.jar:7.0.7]
	at org.springframework.beans.factory.support.SimpleInstantiationStrategy.instantiateWithFactoryMethod(SimpleInstantiationStrategy.java:72) ~[spring-beans-7.0.7.jar:7.0.7]
	at org.springframework.beans.factory.support.SimpleInstantiationStrategy.instantiate(SimpleInstantiationStrategy.java:152) ~[spring-beans-7.0.7.jar:7.0.7]
	at org.springframework.beans.factory.support.ConstructorResolver.instantiate(ConstructorResolver.java:653) ~[spring-beans-7.0.7.jar:7.0.7]
	... 42 common frames omitted
Caused by: java.lang.IllegalArgumentException: pattern must start with a /
	at org.springframework.util.Assert.isTrue(Assert.java:117) ~[spring-core-7.0.7.jar:7.0.7]
	at org.springframework.security.web.servlet.util.matcher.PathPatternRequestMatcher$Builder.matcher(PathPatternRequestMatcher.java:320) ~[spring-security-web-7.0.5.jar:7.0.5]
	at org.springframework.security.config.annotation.web.AbstractRequestMatcherRegistry.requestMatchers(AbstractRequestMatcherRegistry.java:150) ~[spring-security-config-7.0.5.jar:7.0.5]
	at org.springframework.security.config.annotation.web.AbstractRequestMatcherRegistry.requestMatchers(AbstractRequestMatcherRegistry.java:195) ~[spring-security-config-7.0.5.jar:7.0.5]
	at com.vedant.SpringSecurity.config.SecurityConfig.lambda$securityFilterChain$2(SecurityConfig.java:33) ~[classes/:na]
	at org.springframework.security.config.annotation.web.builders.HttpSecurity.authorizeHttpRequests(HttpSecurity.java:715) ~[spring-security-config-7.0.5.jar:7.0.5]
	at com.vedant.SpringSecurity.config.SecurityConfig.securityFilterChain(SecurityConfig.java:32) ~[classes/:na]
	at com.vedant.SpringSecurity.config.SecurityConfig$$SpringCGLIB$$0.CGLIB$securityFilterChain$1(<generated>) ~[classes/:na]
	at com.vedant.SpringSecurity.config.SecurityConfig$$SpringCGLIB$$FastClass$$1.invoke(<generated>) ~[classes/:na]
	at org.springframework.cglib.proxy.MethodProxy.invokeSuper(MethodProxy.java:258) ~[spring-core-7.0.7.jar:7.0.7]
	at org.springframework.context.annotation.ConfigurationClassEnhancer$BeanMethodInterceptor.intercept(ConfigurationClassEnhancer.java:398) ~[spring-context-7.0.7.jar:7.0.7]
	at com.vedant.SpringSecurity.config.SecurityConfig$$SpringCGLIB$$0.securityFilterChain(<generated>) ~[classes/:na]
	at java.base/jdk.internal.reflect.DirectMethodHandleAccessor.invoke(DirectMethodHandleAccessor.java:104) ~[na:na]
	at java.base/java.lang.reflect.Method.invoke(Method.java:565) ~[na:na]
	at org.springframework.beans.factory.support.SimpleInstantiationStrategy.lambda$instantiate$0(SimpleInstantiationStrategy.java:155) ~[spring-beans-7.0.7.jar:7.0.7]
	... 45 common frames omitted


  .   ____          _            __ _ _
 /\\ / ___'_ __ _ _(_)_ __  __ _ \ \ \ \
( ( )\___ | '_ | '_| | '_ \/ _` | \ \ \ \
 \\/  ___)| |_)| | | | | || (_| |  ) ) ) )
  '  |____| .__|_| |_|_| |_\__, | / / / /
 =========|_|==============|___/=/_/_/_/

 :: Spring Boot ::                (v4.0.6)

2026-05-03T22:00:08.644+05:30  INFO 24624 --- [SpringSecurity] [  restartedMain] c.v.S.SpringSecurityApplication          : Starting SpringSecurityApplication using Java 25.0.2 with PID 24624 (D:\Git Hub Project\FCT-JAVA\Advance Java\SpringBoot\Spring Boot Security\SpringSecurity\target\classes started by Arnav Gade in D:\Git Hub Project\FCT-JAVA\Advance Java\SpringBoot\Spring Boot Security\SpringSecurity)
2026-05-03T22:00:08.646+05:30  INFO 24624 --- [SpringSecurity] [  restartedMain] c.v.S.SpringSecurityApplication          : No active profile set, falling back to 1 default profile: "default"
2026-05-03T22:00:09.001+05:30  INFO 24624 --- [SpringSecurity] [  restartedMain] .s.d.r.c.RepositoryConfigurationDelegate : Bootstrapping Spring Data JPA repositories in DEFAULT mode.
2026-05-03T22:00:09.036+05:30  INFO 24624 --- [SpringSecurity] [  restartedMain] .s.d.r.c.RepositoryConfigurationDelegate : Finished Spring Data repository scanning in 32 ms. Found 1 JPA repository interface.
2026-05-03T22:00:09.311+05:30  INFO 24624 --- [SpringSecurity] [  restartedMain] o.s.boot.tomcat.TomcatWebServer          : Tomcat initialized with port 8083 (http)
2026-05-03T22:00:09.318+05:30  INFO 24624 --- [SpringSecurity] [  restartedMain] o.apache.catalina.core.StandardService   : Starting service [Tomcat]
2026-05-03T22:00:09.318+05:30  INFO 24624 --- [SpringSecurity] [  restartedMain] o.apache.catalina.core.StandardEngine    : Starting Servlet engine: [Apache Tomcat/11.0.21]
2026-05-03T22:00:09.368+05:30  INFO 24624 --- [SpringSecurity] [  restartedMain] b.w.c.s.WebApplicationContextInitializer : Root WebApplicationContext: initialization completed in 708 ms
2026-05-03T22:00:09.441+05:30  INFO 24624 --- [SpringSecurity] [  restartedMain] org.hibernate.orm.jpa                    : HHH008540: Processing PersistenceUnitInfo [name: default]
2026-05-03T22:00:09.590+05:30  INFO 24624 --- [SpringSecurity] [  restartedMain] o.s.o.j.p.SpringPersistenceUnitInfo      : No LoadTimeWeaver setup: ignoring JPA class transformer
2026-05-03T22:00:09.592+05:30  INFO 24624 --- [SpringSecurity] [  restartedMain] com.zaxxer.hikari.HikariDataSource       : HikariPool-33 - Starting...
2026-05-03T22:00:09.707+05:30  INFO 24624 --- [SpringSecurity] [  restartedMain] com.zaxxer.hikari.pool.HikariPool        : HikariPool-33 - Added connection com.mysql.cj.jdbc.ConnectionImpl@1da80276
2026-05-03T22:00:09.707+05:30  INFO 24624 --- [SpringSecurity] [  restartedMain] com.zaxxer.hikari.HikariDataSource       : HikariPool-33 - Start completed.
2026-05-03T22:00:09.718+05:30  INFO 24624 --- [SpringSecurity] [  restartedMain] org.hibernate.orm.connections.pooling    : HHH10001005: Database info:
	Database JDBC URL [jdbc:mysql://localhost:3306/springsecurity]
	Database driver: MySQL Connector/J
	Database dialect: MySQLDialect
	Database version: 8.0.42
	Default catalog/schema: springsecurity/undefined
	Autocommit mode: undefined/unknown
	Isolation level: REPEATABLE_READ [default REPEATABLE_READ]
	JDBC fetch size: none
	Pool: DataSourceConnectionProvider
	Minimum pool size: undefined/unknown
	Maximum pool size: undefined/unknown
2026-05-03T22:00:09.778+05:30  INFO 24624 --- [SpringSecurity] [  restartedMain] org.hibernate.orm.core                   : HHH000489: No JTA platform available (set 'hibernate.transaction.jta.platform' to enable JTA platform integration)
2026-05-03T22:00:09.801+05:30  INFO 24624 --- [SpringSecurity] [  restartedMain] j.LocalContainerEntityManagerFactoryBean : Initialized JPA EntityManagerFactory for persistence unit 'default'
2026-05-03T22:00:09.903+05:30 TRACE 24624 --- [SpringSecurity] [  restartedMain] eGlobalAuthenticationAutowiredConfigurer : Eagerly initializing {securityConfig=com.vedant.SpringSecurity.config.SecurityConfig$$SpringCGLIB$$0@5862f294}
2026-05-03T22:00:09.907+05:30  INFO 24624 --- [SpringSecurity] [  restartedMain] eAuthenticationProviderManagerConfigurer : Global AuthenticationManager configured with AuthenticationProvider bean with name authenticationProvider
2026-05-03T22:00:09.908+05:30  WARN 24624 --- [SpringSecurity] [  restartedMain] r$InitializeUserDetailsManagerConfigurer : Global AuthenticationManager configured with an AuthenticationProvider bean. UserDetailsService beans will not be used by Spring Security for automatically configuring username/password login. Consider removing the AuthenticationProvider bean. Alternatively, consider using the UserDetailsService in a manually instantiated DaoAuthenticationProvider. If the current configuration is intentional, to turn off this warning, increase the logging level of 'org.springframework.security.config.annotation.authentication.configuration.InitializeUserDetailsBeanManagerConfigurer' to ERROR
2026-05-03T22:00:09.922+05:30  WARN 24624 --- [SpringSecurity] [  restartedMain] JpaBaseConfiguration$JpaWebConfiguration : spring.jpa.open-in-view is enabled by default. Therefore, database queries may be performed during view rendering. Explicitly configure spring.jpa.open-in-view to disable this warning
2026-05-03T22:00:10.037+05:30 DEBUG 24624 --- [SpringSecurity] [  restartedMain] o.s.s.web.DefaultSecurityFilterChain     : Will secure any request with filters: DisableEncodeUrlFilter, WebAsyncManagerIntegrationFilter, SecurityContextHolderFilter, HeaderWriterFilter, LogoutFilter, BasicAuthenticationFilter, RequestCacheAwareFilter, SecurityContextHolderAwareRequestFilter, AnonymousAuthenticationFilter, SessionManagementFilter, ExceptionTranslationFilter, AuthorizationFilter
2026-05-03T22:00:10.160+05:30  INFO 24624 --- [SpringSecurity] [  restartedMain] o.s.boot.tomcat.TomcatWebServer          : Tomcat started on port 8083 (http) with context path '/'
2026-05-03T22:00:10.163+05:30  INFO 24624 --- [SpringSecurity] [  restartedMain] c.v.S.SpringSecurityApplication          : Started SpringSecurityApplication in 1.649 seconds (process running for 13326.104)
2026-05-03T22:00:10.171+05:30  INFO 24624 --- [SpringSecurity] [  restartedMain] .ConditionEvaluationDeltaLoggingListener : Condition evaluation delta:


==========================
CONDITION EVALUATION DELTA
==========================


Positive matches:
-----------------

    None


Negative matches:
-----------------

   ServletWebSecurityAutoConfiguration.EnableWebSecurityConfiguration:
      Did not match:
         - @ConditionalOnMissingBean (names: springSecurityFilterChain; SearchStrategy: all) found beans named springSecurityFilterChain (OnBeanCondition)
      Matched:
         - @ConditionalOnClass found required class 'org.springframework.security.config.annotation.web.configuration.EnableWebSecurity' (OnClassCondition)

   ServletWebSecurityAutoConfiguration.SecurityFilterChainConfiguration:
      Did not match:
         - AllNestedConditions 1 matched 1 did not; NestedCondition on DefaultWebSecurityCondition.Beans @ConditionalOnMissingBean (types: org.springframework.security.web.SecurityFilterChain; SearchStrategy: all) found beans of type 'org.springframework.security.web.SecurityFilterChain' securityFilterChain; NestedCondition on DefaultWebSecurityCondition.Classes @ConditionalOnClass found required classes 'org.springframework.security.web.SecurityFilterChain', 'org.springframework.security.config.annotation.web.builders.HttpSecurity' (DefaultWebSecurityCondition)


Exclusions:
-----------

    None


Unconditional classes:
----------------------

    None



2026-05-03T22:00:17.560+05:30  INFO 24624 --- [SpringSecurity] [   File Watcher] rtingClassPathChangeChangedEventListener : Restarting due to 1 class path change (0 additions, 0 deletions, 1 modification)
2026-05-03T22:00:17.563+05:30  INFO 24624 --- [SpringSecurity] [     Thread-110] o.s.boot.tomcat.GracefulShutdown         : Commencing graceful shutdown. Waiting for active requests to complete
2026-05-03T22:00:17.573+05:30  INFO 24624 --- [SpringSecurity] [tomcat-shutdown] o.s.boot.tomcat.GracefulShutdown         : Graceful shutdown complete
2026-05-03T22:00:17.575+05:30  INFO 24624 --- [SpringSecurity] [     Thread-110] j.LocalContainerEntityManagerFactoryBean : Closing JPA EntityManagerFactory for persistence unit 'default'
2026-05-03T22:00:17.576+05:30  INFO 24624 --- [SpringSecurity] [     Thread-110] com.zaxxer.hikari.HikariDataSource       : HikariPool-33 - Shutdown initiated...
2026-05-03T22:00:17.582+05:30  INFO 24624 --- [SpringSecurity] [     Thread-110] com.zaxxer.hikari.HikariDataSource       : HikariPool-33 - Shutdown completed.

  .   ____          _            __ _ _
 /\\ / ___'_ __ _ _(_)_ __  __ _ \ \ \ \
( ( )\___ | '_ | '_| | '_ \/ _` | \ \ \ \
 \\/  ___)| |_)| | | | | || (_| |  ) ) ) )
  '  |____| .__|_| |_|_| |_\__, | / / / /
 =========|_|==============|___/=/_/_/_/

 :: Spring Boot ::                (v4.0.6)

2026-05-03T22:00:17.813+05:30  INFO 24624 --- [SpringSecurity] [  restartedMain] c.v.S.SpringSecurityApplication          : Starting SpringSecurityApplication using Java 25.0.2 with PID 24624 (D:\Git Hub Project\FCT-JAVA\Advance Java\SpringBoot\Spring Boot Security\SpringSecurity\target\classes started by Arnav Gade in D:\Git Hub Project\FCT-JAVA\Advance Java\SpringBoot\Spring Boot Security\SpringSecurity)
2026-05-03T22:00:17.814+05:30  INFO 24624 --- [SpringSecurity] [  restartedMain] c.v.S.SpringSecurityApplication          : No active profile set, falling back to 1 default profile: "default"
2026-05-03T22:00:18.197+05:30  INFO 24624 --- [SpringSecurity] [  restartedMain] .s.d.r.c.RepositoryConfigurationDelegate : Bootstrapping Spring Data JPA repositories in DEFAULT mode.
2026-05-03T22:00:18.207+05:30  INFO 24624 --- [SpringSecurity] [  restartedMain] .s.d.r.c.RepositoryConfigurationDelegate : Finished Spring Data repository scanning in 8 ms. Found 1 JPA repository interface.
2026-05-03T22:00:18.401+05:30  INFO 24624 --- [SpringSecurity] [  restartedMain] o.s.boot.tomcat.TomcatWebServer          : Tomcat initialized with port 8083 (http)
2026-05-03T22:00:18.402+05:30  INFO 24624 --- [SpringSecurity] [  restartedMain] o.apache.catalina.core.StandardService   : Starting service [Tomcat]
2026-05-03T22:00:18.402+05:30  INFO 24624 --- [SpringSecurity] [  restartedMain] o.apache.catalina.core.StandardEngine    : Starting Servlet engine: [Apache Tomcat/11.0.21]
2026-05-03T22:00:18.434+05:30  INFO 24624 --- [SpringSecurity] [  restartedMain] b.w.c.s.WebApplicationContextInitializer : Root WebApplicationContext: initialization completed in 617 ms
2026-05-03T22:00:18.482+05:30  INFO 24624 --- [SpringSecurity] [  restartedMain] org.hibernate.orm.jpa                    : HHH008540: Processing PersistenceUnitInfo [name: default]
2026-05-03T22:00:18.514+05:30  INFO 24624 --- [SpringSecurity] [  restartedMain] o.s.o.j.p.SpringPersistenceUnitInfo      : No LoadTimeWeaver setup: ignoring JPA class transformer
2026-05-03T22:00:18.515+05:30  INFO 24624 --- [SpringSecurity] [  restartedMain] com.zaxxer.hikari.HikariDataSource       : HikariPool-34 - Starting...
2026-05-03T22:00:18.536+05:30  INFO 24624 --- [SpringSecurity] [  restartedMain] com.zaxxer.hikari.pool.HikariPool        : HikariPool-34 - Added connection com.mysql.cj.jdbc.ConnectionImpl@1538d346
2026-05-03T22:00:18.537+05:30  INFO 24624 --- [SpringSecurity] [  restartedMain] com.zaxxer.hikari.HikariDataSource       : HikariPool-34 - Start completed.
2026-05-03T22:00:18.538+05:30  INFO 24624 --- [SpringSecurity] [  restartedMain] org.hibernate.orm.connections.pooling    : HHH10001005: Database info:
	Database JDBC URL [jdbc:mysql://localhost:3306/springsecurity]
	Database driver: MySQL Connector/J
	Database dialect: MySQLDialect
	Database version: 8.0.42
	Default catalog/schema: springsecurity/undefined
	Autocommit mode: undefined/unknown
	Isolation level: REPEATABLE_READ [default REPEATABLE_READ]
	JDBC fetch size: none
	Pool: DataSourceConnectionProvider
	Minimum pool size: undefined/unknown
	Maximum pool size: undefined/unknown
2026-05-03T22:00:18.572+05:30  INFO 24624 --- [SpringSecurity] [  restartedMain] org.hibernate.orm.core                   : HHH000489: No JTA platform available (set 'hibernate.transaction.jta.platform' to enable JTA platform integration)
2026-05-03T22:00:18.757+05:30  INFO 24624 --- [SpringSecurity] [  restartedMain] j.LocalContainerEntityManagerFactoryBean : Initialized JPA EntityManagerFactory for persistence unit 'default'
2026-05-03T22:00:18.823+05:30 TRACE 24624 --- [SpringSecurity] [  restartedMain] eGlobalAuthenticationAutowiredConfigurer : Eagerly initializing {securityConfig=com.vedant.SpringSecurity.config.SecurityConfig$$SpringCGLIB$$0@2e22828}
2026-05-03T22:00:18.827+05:30  INFO 24624 --- [SpringSecurity] [  restartedMain] eAuthenticationProviderManagerConfigurer : Global AuthenticationManager configured with AuthenticationProvider bean with name authenticationProvider
2026-05-03T22:00:18.827+05:30  WARN 24624 --- [SpringSecurity] [  restartedMain] r$InitializeUserDetailsManagerConfigurer : Global AuthenticationManager configured with an AuthenticationProvider bean. UserDetailsService beans will not be used by Spring Security for automatically configuring username/password login. Consider removing the AuthenticationProvider bean. Alternatively, consider using the UserDetailsService in a manually instantiated DaoAuthenticationProvider. If the current configuration is intentional, to turn off this warning, increase the logging level of 'org.springframework.security.config.annotation.authentication.configuration.InitializeUserDetailsBeanManagerConfigurer' to ERROR
2026-05-03T22:00:18.847+05:30  WARN 24624 --- [SpringSecurity] [  restartedMain] JpaBaseConfiguration$JpaWebConfiguration : spring.jpa.open-in-view is enabled by default. Therefore, database queries may be performed during view rendering. Explicitly configure spring.jpa.open-in-view to disable this warning
2026-05-03T22:00:18.981+05:30 DEBUG 24624 --- [SpringSecurity] [  restartedMain] o.s.s.web.DefaultSecurityFilterChain     : Will secure any request with filters: DisableEncodeUrlFilter, WebAsyncManagerIntegrationFilter, SecurityContextHolderFilter, HeaderWriterFilter, LogoutFilter, BasicAuthenticationFilter, RequestCacheAwareFilter, SecurityContextHolderAwareRequestFilter, AnonymousAuthenticationFilter, SessionManagementFilter, ExceptionTranslationFilter, AuthorizationFilter
2026-05-03T22:00:19.091+05:30  INFO 24624 --- [SpringSecurity] [  restartedMain] o.s.boot.tomcat.TomcatWebServer          : Tomcat started on port 8083 (http) with context path '/'
2026-05-03T22:00:19.094+05:30  INFO 24624 --- [SpringSecurity] [  restartedMain] c.v.S.SpringSecurityApplication          : Started SpringSecurityApplication in 1.345 seconds (process running for 13335.033)
2026-05-03T22:00:19.096+05:30  INFO 24624 --- [SpringSecurity] [  restartedMain] .ConditionEvaluationDeltaLoggingListener : Condition evaluation unchanged
2026-05-03T22:00:34.519+05:30  INFO 24624 --- [SpringSecurity] [   File Watcher] rtingClassPathChangeChangedEventListener : Restarting due to 1 class path change (0 additions, 0 deletions, 1 modification)
2026-05-03T22:00:34.521+05:30  INFO 24624 --- [SpringSecurity] [     Thread-117] o.s.boot.tomcat.GracefulShutdown         : Commencing graceful shutdown. Waiting for active requests to complete
2026-05-03T22:00:34.543+05:30  INFO 24624 --- [SpringSecurity] [tomcat-shutdown] o.s.boot.tomcat.GracefulShutdown         : Graceful shutdown complete
2026-05-03T22:00:34.545+05:30  INFO 24624 --- [SpringSecurity] [     Thread-117] j.LocalContainerEntityManagerFactoryBean : Closing JPA EntityManagerFactory for persistence unit 'default'
2026-05-03T22:00:34.547+05:30  INFO 24624 --- [SpringSecurity] [     Thread-117] com.zaxxer.hikari.HikariDataSource       : HikariPool-34 - Shutdown initiated...
2026-05-03T22:00:34.554+05:30  INFO 24624 --- [SpringSecurity] [     Thread-117] com.zaxxer.hikari.HikariDataSource       : HikariPool-34 - Shutdown completed.

  .   ____          _            __ _ _
 /\\ / ___'_ __ _ _(_)_ __  __ _ \ \ \ \
( ( )\___ | '_ | '_| | '_ \/ _` | \ \ \ \
 \\/  ___)| |_)| | | | | || (_| |  ) ) ) )
  '  |____| .__|_| |_|_| |_\__, | / / / /
 =========|_|==============|___/=/_/_/_/

 :: Spring Boot ::                (v4.0.6)

2026-05-03T22:00:34.687+05:30  INFO 24624 --- [SpringSecurity] [  restartedMain] c.v.S.SpringSecurityApplication          : Starting SpringSecurityApplication using Java 25.0.2 with PID 24624 (D:\Git Hub Project\FCT-JAVA\Advance Java\SpringBoot\Spring Boot Security\SpringSecurity\target\classes started by Arnav Gade in D:\Git Hub Project\FCT-JAVA\Advance Java\SpringBoot\Spring Boot Security\SpringSecurity)
2026-05-03T22:00:34.687+05:30  INFO 24624 --- [SpringSecurity] [  restartedMain] c.v.S.SpringSecurityApplication          : No active profile set, falling back to 1 default profile: "default"
2026-05-03T22:00:34.927+05:30  INFO 24624 --- [SpringSecurity] [  restartedMain] .s.d.r.c.RepositoryConfigurationDelegate : Bootstrapping Spring Data JPA repositories in DEFAULT mode.
2026-05-03T22:00:34.942+05:30  INFO 24624 --- [SpringSecurity] [  restartedMain] .s.d.r.c.RepositoryConfigurationDelegate : Finished Spring Data repository scanning in 11 ms. Found 1 JPA repository interface.
2026-05-03T22:00:35.044+05:30  INFO 24624 --- [SpringSecurity] [  restartedMain] o.s.boot.tomcat.TomcatWebServer          : Tomcat initialized with port 8083 (http)
2026-05-03T22:00:35.045+05:30  INFO 24624 --- [SpringSecurity] [  restartedMain] o.apache.catalina.core.StandardService   : Starting service [Tomcat]
2026-05-03T22:00:35.045+05:30  INFO 24624 --- [SpringSecurity] [  restartedMain] o.apache.catalina.core.StandardEngine    : Starting Servlet engine: [Apache Tomcat/11.0.21]
2026-05-03T22:00:35.071+05:30  INFO 24624 --- [SpringSecurity] [  restartedMain] b.w.c.s.WebApplicationContextInitializer : Root WebApplicationContext: initialization completed in 382 ms
2026-05-03T22:00:35.106+05:30  INFO 24624 --- [SpringSecurity] [  restartedMain] org.hibernate.orm.jpa                    : HHH008540: Processing PersistenceUnitInfo [name: default]
2026-05-03T22:00:35.136+05:30  INFO 24624 --- [SpringSecurity] [  restartedMain] o.s.o.j.p.SpringPersistenceUnitInfo      : No LoadTimeWeaver setup: ignoring JPA class transformer
2026-05-03T22:00:35.137+05:30  INFO 24624 --- [SpringSecurity] [  restartedMain] com.zaxxer.hikari.HikariDataSource       : HikariPool-35 - Starting...
2026-05-03T22:00:35.158+05:30  INFO 24624 --- [SpringSecurity] [  restartedMain] com.zaxxer.hikari.pool.HikariPool        : HikariPool-35 - Added connection com.mysql.cj.jdbc.ConnectionImpl@2e4021e9
2026-05-03T22:00:35.158+05:30  INFO 24624 --- [SpringSecurity] [  restartedMain] com.zaxxer.hikari.HikariDataSource       : HikariPool-35 - Start completed.
2026-05-03T22:00:35.160+05:30  INFO 24624 --- [SpringSecurity] [  restartedMain] org.hibernate.orm.connections.pooling    : HHH10001005: Database info:
	Database JDBC URL [jdbc:mysql://localhost:3306/springsecurity]
	Database driver: MySQL Connector/J
	Database dialect: MySQLDialect
	Database version: 8.0.42
	Default catalog/schema: springsecurity/undefined
	Autocommit mode: undefined/unknown
	Isolation level: REPEATABLE_READ [default REPEATABLE_READ]
	JDBC fetch size: none
	Pool: DataSourceConnectionProvider
	Minimum pool size: undefined/unknown
	Maximum pool size: undefined/unknown
2026-05-03T22:00:35.188+05:30  INFO 24624 --- [SpringSecurity] [  restartedMain] org.hibernate.orm.core                   : HHH000489: No JTA platform available (set 'hibernate.transaction.jta.platform' to enable JTA platform integration)
2026-05-03T22:00:35.234+05:30  WARN 24624 --- [SpringSecurity] [  restartedMain] o.h.t.s.i.ExceptionHandlerLoggedImpl     : GenerationTarget encountered exception accepting command : Error executing DDL "create table user (id integer not null auto_increment, password varchar(255), username varchar(255), primary key (id)) engine=InnoDB" via JDBC [Table 'user' already exists]

org.hibernate.tool.schema.spi.CommandAcceptanceException: Error executing DDL "create table user (id integer not null auto_increment, password varchar(255), username varchar(255), primary key (id)) engine=InnoDB" via JDBC [Table 'user' already exists]
	at org.hibernate.tool.schema.internal.exec.GenerationTargetToDatabase.accept(GenerationTargetToDatabase.java:81) ~[hibernate-core-7.2.12.Final.jar:7.2.12.Final]
	at org.hibernate.tool.schema.internal.Helper.applySqlString(Helper.java:218) ~[hibernate-core-7.2.12.Final.jar:7.2.12.Final]
	at org.hibernate.tool.schema.internal.Helper.applySqlStrings(Helper.java:204) ~[hibernate-core-7.2.12.Final.jar:7.2.12.Final]
	at org.hibernate.tool.schema.internal.SchemaCreatorImpl.createTables(SchemaCreatorImpl.java:404) ~[hibernate-core-7.2.12.Final.jar:7.2.12.Final]
	at org.hibernate.tool.schema.internal.SchemaCreatorImpl.createSequencesTablesConstraints(SchemaCreatorImpl.java:320) ~[hibernate-core-7.2.12.Final.jar:7.2.12.Final]
	at org.hibernate.tool.schema.internal.SchemaCreatorImpl.createFromMetadata(SchemaCreatorImpl.java:215) ~[hibernate-core-7.2.12.Final.jar:7.2.12.Final]
	at org.hibernate.tool.schema.internal.SchemaCreatorImpl.performCreation(SchemaCreatorImpl.java:151) ~[hibernate-core-7.2.12.Final.jar:7.2.12.Final]
	at org.hibernate.tool.schema.internal.SchemaCreatorImpl.doCreation(SchemaCreatorImpl.java:121) ~[hibernate-core-7.2.12.Final.jar:7.2.12.Final]
	at org.hibernate.tool.schema.internal.SchemaCreatorImpl.doCreation(SchemaCreatorImpl.java:97) ~[hibernate-core-7.2.12.Final.jar:7.2.12.Final]
	at org.hibernate.tool.schema.spi.SchemaManagementToolCoordinator.performDatabaseAction(SchemaManagementToolCoordinator.java:239) ~[hibernate-core-7.2.12.Final.jar:7.2.12.Final]
	at org.hibernate.tool.schema.spi.SchemaManagementToolCoordinator.lambda$process$1(SchemaManagementToolCoordinator.java:101) ~[hibernate-core-7.2.12.Final.jar:7.2.12.Final]
	at java.base/java.util.HashMap.forEach(HashMap.java:1430) ~[na:na]
	at org.hibernate.tool.schema.spi.SchemaManagementToolCoordinator.process(SchemaManagementToolCoordinator.java:100) ~[hibernate-core-7.2.12.Final.jar:7.2.12.Final]
	at org.hibernate.boot.internal.SessionFactoryObserverForSchemaExport.sessionFactoryCreated(SessionFactoryObserverForSchemaExport.java:35) ~[hibernate-core-7.2.12.Final.jar:7.2.12.Final]
	at org.hibernate.internal.SessionFactoryObserverChain.sessionFactoryCreated(SessionFactoryObserverChain.java:33) ~[hibernate-core-7.2.12.Final.jar:7.2.12.Final]
	at org.hibernate.internal.SessionFactoryImpl.<init>(SessionFactoryImpl.java:323) ~[hibernate-core-7.2.12.Final.jar:7.2.12.Final]
	at org.hibernate.internal.SessionFactoryRegistry.instantiateSessionFactory(SessionFactoryRegistry.java:64) ~[hibernate-core-7.2.12.Final.jar:7.2.12.Final]
	at org.hibernate.boot.internal.SessionFactoryBuilderImpl.build(SessionFactoryBuilderImpl.java:437) ~[hibernate-core-7.2.12.Final.jar:7.2.12.Final]
	at org.hibernate.jpa.boot.internal.EntityManagerFactoryBuilderImpl.build(EntityManagerFactoryBuilderImpl.java:1456) ~[hibernate-core-7.2.12.Final.jar:7.2.12.Final]
	at org.springframework.orm.jpa.vendor.SpringHibernateJpaPersistenceProvider.createContainerEntityManagerFactory(SpringHibernateJpaPersistenceProvider.java:93) ~[spring-orm-7.0.7.jar:7.0.7]
	at org.springframework.orm.jpa.LocalContainerEntityManagerFactoryBean.createNativeEntityManagerFactory(LocalContainerEntityManagerFactoryBean.java:443) ~[spring-orm-7.0.7.jar:7.0.7]
	at org.springframework.orm.jpa.AbstractEntityManagerFactoryBean.buildNativeEntityManagerFactory(AbstractEntityManagerFactoryBean.java:436) ~[spring-orm-7.0.7.jar:7.0.7]
	at org.springframework.orm.jpa.AbstractEntityManagerFactoryBean.afterPropertiesSet(AbstractEntityManagerFactoryBean.java:411) ~[spring-orm-7.0.7.jar:7.0.7]
	at org.springframework.orm.jpa.LocalContainerEntityManagerFactoryBean.afterPropertiesSet(LocalContainerEntityManagerFactoryBean.java:419) ~[spring-orm-7.0.7.jar:7.0.7]
	at org.springframework.beans.factory.support.AbstractAutowireCapableBeanFactory.invokeInitMethods(AbstractAutowireCapableBeanFactory.java:1864) ~[spring-beans-7.0.7.jar:7.0.7]
	at org.springframework.beans.factory.support.AbstractAutowireCapableBeanFactory.initializeBean(AbstractAutowireCapableBeanFactory.java:1813) ~[spring-beans-7.0.7.jar:7.0.7]
	at org.springframework.beans.factory.support.AbstractAutowireCapableBeanFactory.doCreateBean(AbstractAutowireCapableBeanFactory.java:603) ~[spring-beans-7.0.7.jar:7.0.7]
	at org.springframework.beans.factory.support.AbstractAutowireCapableBeanFactory.createBean(AbstractAutowireCapableBeanFactory.java:525) ~[spring-beans-7.0.7.jar:7.0.7]
	at org.springframework.beans.factory.support.AbstractBeanFactory.lambda$doGetBean$0(AbstractBeanFactory.java:333) ~[spring-beans-7.0.7.jar:7.0.7]
	at org.springframework.beans.factory.support.DefaultSingletonBeanRegistry.getSingleton(DefaultSingletonBeanRegistry.java:371) ~[spring-beans-7.0.7.jar:7.0.7]
	at org.springframework.beans.factory.support.AbstractBeanFactory.doGetBean(AbstractBeanFactory.java:331) ~[spring-beans-7.0.7.jar:7.0.7]
	at org.springframework.beans.factory.support.AbstractBeanFactory.getBean(AbstractBeanFactory.java:201) ~[spring-beans-7.0.7.jar:7.0.7]
	at org.springframework.context.support.AbstractApplicationContext.finishBeanFactoryInitialization(AbstractApplicationContext.java:977) ~[spring-context-7.0.7.jar:7.0.7]
	at org.springframework.context.support.AbstractApplicationContext.refresh(AbstractApplicationContext.java:621) ~[spring-context-7.0.7.jar:7.0.7]
	at org.springframework.boot.web.server.servlet.context.ServletWebServerApplicationContext.refresh(ServletWebServerApplicationContext.java:143) ~[spring-boot-web-server-4.0.6.jar:4.0.6]
	at org.springframework.boot.SpringApplication.refresh(SpringApplication.java:756) ~[spring-boot-4.0.6.jar:4.0.6]
	at org.springframework.boot.SpringApplication.refreshContext(SpringApplication.java:445) ~[spring-boot-4.0.6.jar:4.0.6]
	at org.springframework.boot.SpringApplication.run(SpringApplication.java:321) ~[spring-boot-4.0.6.jar:4.0.6]
	at org.springframework.boot.SpringApplication.run(SpringApplication.java:1365) ~[spring-boot-4.0.6.jar:4.0.6]
	at org.springframework.boot.SpringApplication.run(SpringApplication.java:1354) ~[spring-boot-4.0.6.jar:4.0.6]
	at com.vedant.SpringSecurity.SpringSecurityApplication.main(SpringSecurityApplication.java:10) ~[classes/:na]
	at java.base/jdk.internal.reflect.DirectMethodHandleAccessor.invoke(DirectMethodHandleAccessor.java:104) ~[na:na]
	at java.base/java.lang.reflect.Method.invoke(Method.java:565) ~[na:na]
	at org.springframework.boot.devtools.restart.RestartLauncher.run(RestartLauncher.java:52) ~[spring-boot-devtools-4.0.6.jar:4.0.6]
Caused by: java.sql.SQLSyntaxErrorException: Table 'user' already exists
	at com.mysql.cj.jdbc.exceptions.SQLError.createSQLException(SQLError.java:112) ~[mysql-connector-j-9.7.0.jar:9.7.0]
	at com.mysql.cj.jdbc.exceptions.SQLExceptionsMapping.translateException(SQLExceptionsMapping.java:114) ~[mysql-connector-j-9.7.0.jar:9.7.0]
	at com.mysql.cj.jdbc.StatementImpl.executeInternal(StatementImpl.java:839) ~[mysql-connector-j-9.7.0.jar:9.7.0]
	at com.mysql.cj.jdbc.StatementImpl.execute(StatementImpl.java:687) ~[mysql-connector-j-9.7.0.jar:9.7.0]
	at com.zaxxer.hikari.pool.ProxyStatement.execute(ProxyStatement.java:95) ~[HikariCP-7.0.2.jar:na]
	at com.zaxxer.hikari.pool.HikariProxyStatement.execute(HikariProxyStatement.java) ~[HikariCP-7.0.2.jar:na]
	at org.hibernate.tool.schema.internal.exec.GenerationTargetToDatabase.accept(GenerationTargetToDatabase.java:76) ~[hibernate-core-7.2.12.Final.jar:7.2.12.Final]
	... 43 common frames omitted

2026-05-03T22:00:35.237+05:30  INFO 24624 --- [SpringSecurity] [  restartedMain] j.LocalContainerEntityManagerFactoryBean : Initialized JPA EntityManagerFactory for persistence unit 'default'
2026-05-03T22:00:35.312+05:30  INFO 24624 --- [SpringSecurity] [  restartedMain] eAuthenticationProviderManagerConfigurer : Global AuthenticationManager configured with AuthenticationProvider bean with name authenticationProvider
2026-05-03T22:00:35.312+05:30  WARN 24624 --- [SpringSecurity] [  restartedMain] r$InitializeUserDetailsManagerConfigurer : Global AuthenticationManager configured with an AuthenticationProvider bean. UserDetailsService beans will not be used by Spring Security for automatically configuring username/password login. Consider removing the AuthenticationProvider bean. Alternatively, consider using the UserDetailsService in a manually instantiated DaoAuthenticationProvider. If the current configuration is intentional, to turn off this warning, increase the logging level of 'org.springframework.security.config.annotation.authentication.configuration.InitializeUserDetailsBeanManagerConfigurer' to ERROR
2026-05-03T22:00:35.333+05:30  WARN 24624 --- [SpringSecurity] [  restartedMain] JpaBaseConfiguration$JpaWebConfiguration : spring.jpa.open-in-view is enabled by default. Therefore, database queries may be performed during view rendering. Explicitly configure spring.jpa.open-in-view to disable this warning
2026-05-03T22:00:35.618+05:30  INFO 24624 --- [SpringSecurity] [  restartedMain] o.s.boot.tomcat.TomcatWebServer          : Tomcat started on port 8083 (http) with context path '/'
2026-05-03T22:00:35.621+05:30  INFO 24624 --- [SpringSecurity] [  restartedMain] c.v.S.SpringSecurityApplication          : Started SpringSecurityApplication in 0.994 seconds (process running for 13351.562)
2026-05-03T22:00:35.623+05:30  INFO 24624 --- [SpringSecurity] [  restartedMain] .ConditionEvaluationDeltaLoggingListener : Condition evaluation unchanged
2026-05-03T22:02:53.421+05:30  INFO 24624 --- [SpringSecurity] [   File Watcher] rtingClassPathChangeChangedEventListener : Restarting due to 2 class path changes (0 additions, 1 deletion, 1 modification)
2026-05-03T22:02:53.430+05:30  INFO 24624 --- [SpringSecurity] [     Thread-121] o.s.boot.tomcat.GracefulShutdown         : Commencing graceful shutdown. Waiting for active requests to complete
2026-05-03T22:02:53.448+05:30  INFO 24624 --- [SpringSecurity] [tomcat-shutdown] o.s.boot.tomcat.GracefulShutdown         : Graceful shutdown complete
2026-05-03T22:02:53.452+05:30  INFO 24624 --- [SpringSecurity] [     Thread-121] j.LocalContainerEntityManagerFactoryBean : Closing JPA EntityManagerFactory for persistence unit 'default'
2026-05-03T22:02:53.454+05:30  INFO 24624 --- [SpringSecurity] [     Thread-121] com.zaxxer.hikari.HikariDataSource       : HikariPool-35 - Shutdown initiated...
2026-05-03T22:02:53.462+05:30  INFO 24624 --- [SpringSecurity] [     Thread-121] com.zaxxer.hikari.HikariDataSource       : HikariPool-35 - Shutdown completed.

  .   ____          _            __ _ _
 /\\ / ___'_ __ _ _(_)_ __  __ _ \ \ \ \
( ( )\___ | '_ | '_| | '_ \/ _` | \ \ \ \
 \\/  ___)| |_)| | | | | || (_| |  ) ) ) )
  '  |____| .__|_| |_|_| |_\__, | / / / /
 =========|_|==============|___/=/_/_/_/

 :: Spring Boot ::                (v4.0.6)

2026-05-03T22:02:53.658+05:30  INFO 24624 --- [SpringSecurity] [  restartedMain] c.v.S.SpringSecurityApplication          : Starting SpringSecurityApplication using Java 25.0.2 with PID 24624 (D:\Git Hub Project\FCT-JAVA\Advance Java\SpringBoot\Spring Boot Security\SpringSecurity\target\classes started by Arnav Gade in D:\Git Hub Project\FCT-JAVA\Advance Java\SpringBoot\Spring Boot Security\SpringSecurity)
2026-05-03T22:02:53.659+05:30  INFO 24624 --- [SpringSecurity] [  restartedMain] c.v.S.SpringSecurityApplication          : No active profile set, falling back to 1 default profile: "default"
2026-05-03T22:02:54.038+05:30  INFO 24624 --- [SpringSecurity] [  restartedMain] .s.d.r.c.RepositoryConfigurationDelegate : Bootstrapping Spring Data JPA repositories in DEFAULT mode.
2026-05-03T22:02:54.048+05:30  INFO 24624 --- [SpringSecurity] [  restartedMain] .s.d.r.c.RepositoryConfigurationDelegate : Finished Spring Data repository scanning in 7 ms. Found 1 JPA repository interface.
2026-05-03T22:02:54.183+05:30  INFO 24624 --- [SpringSecurity] [  restartedMain] o.s.boot.tomcat.TomcatWebServer          : Tomcat initialized with port 8083 (http)
2026-05-03T22:02:54.186+05:30  INFO 24624 --- [SpringSecurity] [  restartedMain] o.apache.catalina.core.StandardService   : Starting service [Tomcat]
2026-05-03T22:02:54.186+05:30  INFO 24624 --- [SpringSecurity] [  restartedMain] o.apache.catalina.core.StandardEngine    : Starting Servlet engine: [Apache Tomcat/11.0.21]
2026-05-03T22:02:54.220+05:30  INFO 24624 --- [SpringSecurity] [  restartedMain] b.w.c.s.WebApplicationContextInitializer : Root WebApplicationContext: initialization completed in 554 ms
2026-05-03T22:02:54.283+05:30  INFO 24624 --- [SpringSecurity] [  restartedMain] org.hibernate.orm.jpa                    : HHH008540: Processing PersistenceUnitInfo [name: default]
2026-05-03T22:02:54.326+05:30  INFO 24624 --- [SpringSecurity] [  restartedMain] o.s.o.j.p.SpringPersistenceUnitInfo      : No LoadTimeWeaver setup: ignoring JPA class transformer
2026-05-03T22:02:54.328+05:30  INFO 24624 --- [SpringSecurity] [  restartedMain] com.zaxxer.hikari.HikariDataSource       : HikariPool-36 - Starting...
2026-05-03T22:02:54.350+05:30  INFO 24624 --- [SpringSecurity] [  restartedMain] com.zaxxer.hikari.pool.HikariPool        : HikariPool-36 - Added connection com.mysql.cj.jdbc.ConnectionImpl@517e6c5c
2026-05-03T22:02:54.351+05:30  INFO 24624 --- [SpringSecurity] [  restartedMain] com.zaxxer.hikari.HikariDataSource       : HikariPool-36 - Start completed.
2026-05-03T22:02:54.354+05:30  INFO 24624 --- [SpringSecurity] [  restartedMain] org.hibernate.orm.connections.pooling    : HHH10001005: Database info:
	Database JDBC URL [jdbc:mysql://localhost:3306/springsecurity]
	Database driver: MySQL Connector/J
	Database dialect: MySQLDialect
	Database version: 8.0.42
	Default catalog/schema: springsecurity/undefined
	Autocommit mode: undefined/unknown
	Isolation level: REPEATABLE_READ [default REPEATABLE_READ]
	JDBC fetch size: none
	Pool: DataSourceConnectionProvider
	Minimum pool size: undefined/unknown
	Maximum pool size: undefined/unknown
2026-05-03T22:02:54.384+05:30  INFO 24624 --- [SpringSecurity] [  restartedMain] org.hibernate.orm.core                   : HHH000489: No JTA platform available (set 'hibernate.transaction.jta.platform' to enable JTA platform integration)
2026-05-03T22:02:54.445+05:30  INFO 24624 --- [SpringSecurity] [  restartedMain] j.LocalContainerEntityManagerFactoryBean : Initialized JPA EntityManagerFactory for persistence unit 'default'
2026-05-03T22:02:54.583+05:30  INFO 24624 --- [SpringSecurity] [  restartedMain] eAuthenticationProviderManagerConfigurer : Global AuthenticationManager configured with AuthenticationProvider bean with name authenticationProvider
2026-05-03T22:02:54.584+05:30  WARN 24624 --- [SpringSecurity] [  restartedMain] r$InitializeUserDetailsManagerConfigurer : Global AuthenticationManager configured with an AuthenticationProvider bean. UserDetailsService beans will not be used by Spring Security for automatically configuring username/password login. Consider removing the AuthenticationProvider bean. Alternatively, consider using the UserDetailsService in a manually instantiated DaoAuthenticationProvider. If the current configuration is intentional, to turn off this warning, increase the logging level of 'org.springframework.security.config.annotation.authentication.configuration.InitializeUserDetailsBeanManagerConfigurer' to ERROR
2026-05-03T22:02:54.624+05:30  WARN 24624 --- [SpringSecurity] [  restartedMain] JpaBaseConfiguration$JpaWebConfiguration : spring.jpa.open-in-view is enabled by default. Therefore, database queries may be performed during view rendering. Explicitly configure spring.jpa.open-in-view to disable this warning
2026-05-03T22:02:55.061+05:30  INFO 24624 --- [SpringSecurity] [  restartedMain] o.s.boot.tomcat.TomcatWebServer          : Tomcat started on port 8083 (http) with context path '/'
2026-05-03T22:02:55.064+05:30  INFO 24624 --- [SpringSecurity] [  restartedMain] c.v.S.SpringSecurityApplication          : Started SpringSecurityApplication in 1.451 seconds (process running for 13491.003)
2026-05-03T22:02:55.065+05:30  INFO 24624 --- [SpringSecurity] [  restartedMain] .ConditionEvaluationDeltaLoggingListener : Condition evaluation unchanged
2026-05-03T22:11:06.650+05:30  INFO 24624 --- [SpringSecurity] [   File Watcher] rtingClassPathChangeChangedEventListener : Restarting due to 1 class path change (0 additions, 0 deletions, 1 modification)
2026-05-03T22:11:06.655+05:30  INFO 24624 --- [SpringSecurity] [     Thread-125] o.s.boot.tomcat.GracefulShutdown         : Commencing graceful shutdown. Waiting for active requests to complete
2026-05-03T22:11:06.677+05:30  INFO 24624 --- [SpringSecurity] [tomcat-shutdown] o.s.boot.tomcat.GracefulShutdown         : Graceful shutdown complete
2026-05-03T22:11:06.705+05:30  INFO 24624 --- [SpringSecurity] [     Thread-125] j.LocalContainerEntityManagerFactoryBean : Closing JPA EntityManagerFactory for persistence unit 'default'
2026-05-03T22:11:06.712+05:30  INFO 24624 --- [SpringSecurity] [     Thread-125] com.zaxxer.hikari.HikariDataSource       : HikariPool-36 - Shutdown initiated...
2026-05-03T22:11:06.719+05:30  INFO 24624 --- [SpringSecurity] [     Thread-125] com.zaxxer.hikari.HikariDataSource       : HikariPool-36 - Shutdown completed.

  .   ____          _            __ _ _
 /\\ / ___'_ __ _ _(_)_ __  __ _ \ \ \ \
( ( )\___ | '_ | '_| | '_ \/ _` | \ \ \ \
 \\/  ___)| |_)| | | | | || (_| |  ) ) ) )
  '  |____| .__|_| |_|_| |_\__, | / / / /
 =========|_|==============|___/=/_/_/_/

 :: Spring Boot ::                (v4.0.6)

2026-05-03T22:11:07.015+05:30  INFO 24624 --- [SpringSecurity] [  restartedMain] c.v.S.SpringSecurityApplication          : Starting SpringSecurityApplication using Java 25.0.2 with PID 24624 (D:\Git Hub Project\FCT-JAVA\Advance Java\SpringBoot\Spring Boot Security\SpringSecurity\target\classes started by Arnav Gade in D:\Git Hub Project\FCT-JAVA\Advance Java\SpringBoot\Spring Boot Security\SpringSecurity)
2026-05-03T22:11:07.016+05:30  INFO 24624 --- [SpringSecurity] [  restartedMain] c.v.S.SpringSecurityApplication          : No active profile set, falling back to 1 default profile: "default"
2026-05-03T22:11:07.547+05:30  INFO 24624 --- [SpringSecurity] [  restartedMain] .s.d.r.c.RepositoryConfigurationDelegate : Bootstrapping Spring Data JPA repositories in DEFAULT mode.
2026-05-03T22:11:07.627+05:30  INFO 24624 --- [SpringSecurity] [  restartedMain] .s.d.r.c.RepositoryConfigurationDelegate : Finished Spring Data repository scanning in 71 ms. Found 1 JPA repository interface.
2026-05-03T22:11:08.244+05:30  INFO 24624 --- [SpringSecurity] [  restartedMain] o.s.boot.tomcat.TomcatWebServer          : Tomcat initialized with port 8083 (http)
2026-05-03T22:11:08.255+05:30  INFO 24624 --- [SpringSecurity] [  restartedMain] o.apache.catalina.core.StandardService   : Starting service [Tomcat]
2026-05-03T22:11:08.257+05:30  INFO 24624 --- [SpringSecurity] [  restartedMain] o.apache.catalina.core.StandardEngine    : Starting Servlet engine: [Apache Tomcat/11.0.21]
2026-05-03T22:11:08.313+05:30  INFO 24624 --- [SpringSecurity] [  restartedMain] b.w.c.s.WebApplicationContextInitializer : Root WebApplicationContext: initialization completed in 1293 ms
2026-05-03T22:11:08.391+05:30  INFO 24624 --- [SpringSecurity] [  restartedMain] org.hibernate.orm.jpa                    : HHH008540: Processing PersistenceUnitInfo [name: default]
2026-05-03T22:11:08.613+05:30  INFO 24624 --- [SpringSecurity] [  restartedMain] o.s.o.j.p.SpringPersistenceUnitInfo      : No LoadTimeWeaver setup: ignoring JPA class transformer
2026-05-03T22:11:08.617+05:30  INFO 24624 --- [SpringSecurity] [  restartedMain] com.zaxxer.hikari.HikariDataSource       : HikariPool-37 - Starting...
2026-05-03T22:11:08.664+05:30  INFO 24624 --- [SpringSecurity] [  restartedMain] com.zaxxer.hikari.pool.HikariPool        : HikariPool-37 - Added connection com.mysql.cj.jdbc.ConnectionImpl@52c7b1c8
2026-05-03T22:11:08.664+05:30  INFO 24624 --- [SpringSecurity] [  restartedMain] com.zaxxer.hikari.HikariDataSource       : HikariPool-37 - Start completed.
2026-05-03T22:11:08.672+05:30  INFO 24624 --- [SpringSecurity] [  restartedMain] org.hibernate.orm.connections.pooling    : HHH10001005: Database info:
	Database JDBC URL [jdbc:mysql://localhost:3306/springsecurity]
	Database driver: MySQL Connector/J
	Database dialect: MySQLDialect
	Database version: 8.0.42
	Default catalog/schema: springsecurity/undefined
	Autocommit mode: undefined/unknown
	Isolation level: REPEATABLE_READ [default REPEATABLE_READ]
	JDBC fetch size: none
	Pool: DataSourceConnectionProvider
	Minimum pool size: undefined/unknown
	Maximum pool size: undefined/unknown
2026-05-03T22:11:08.736+05:30  INFO 24624 --- [SpringSecurity] [  restartedMain] org.hibernate.orm.core                   : HHH000489: No JTA platform available (set 'hibernate.transaction.jta.platform' to enable JTA platform integration)
2026-05-03T22:11:08.797+05:30  INFO 24624 --- [SpringSecurity] [  restartedMain] j.LocalContainerEntityManagerFactoryBean : Initialized JPA EntityManagerFactory for persistence unit 'default'
2026-05-03T22:11:09.102+05:30  INFO 24624 --- [SpringSecurity] [  restartedMain] eAuthenticationProviderManagerConfigurer : Global AuthenticationManager configured with AuthenticationProvider bean with name authenticationProvider
2026-05-03T22:11:09.103+05:30  WARN 24624 --- [SpringSecurity] [  restartedMain] r$InitializeUserDetailsManagerConfigurer : Global AuthenticationManager configured with an AuthenticationProvider bean. UserDetailsService beans will not be used by Spring Security for automatically configuring username/password login. Consider removing the AuthenticationProvider bean. Alternatively, consider using the UserDetailsService in a manually instantiated DaoAuthenticationProvider. If the current configuration is intentional, to turn off this warning, increase the logging level of 'org.springframework.security.config.annotation.authentication.configuration.InitializeUserDetailsBeanManagerConfigurer' to ERROR
2026-05-03T22:11:09.130+05:30  WARN 24624 --- [SpringSecurity] [  restartedMain] JpaBaseConfiguration$JpaWebConfiguration : spring.jpa.open-in-view is enabled by default. Therefore, database queries may be performed during view rendering. Explicitly configure spring.jpa.open-in-view to disable this warning
2026-05-03T22:11:09.346+05:30  INFO 24624 --- [SpringSecurity] [  restartedMain] o.s.boot.tomcat.TomcatWebServer          : Tomcat started on port 8083 (http) with context path '/'
2026-05-03T22:11:09.349+05:30  INFO 24624 --- [SpringSecurity] [  restartedMain] c.v.S.SpringSecurityApplication          : Started SpringSecurityApplication in 2.409 seconds (process running for 13985.288)
2026-05-03T22:11:09.350+05:30  INFO 24624 --- [SpringSecurity] [  restartedMain] .ConditionEvaluationDeltaLoggingListener : Condition evaluation unchanged
2026-05-03T22:11:18.204+05:30  INFO 24624 --- [SpringSecurity] [   File Watcher] rtingClassPathChangeChangedEventListener : Restarting due to 2 class path changes (0 additions, 0 deletions, 2 modifications)
2026-05-03T22:11:18.207+05:30  INFO 24624 --- [SpringSecurity] [     Thread-129] o.s.boot.tomcat.GracefulShutdown         : Commencing graceful shutdown. Waiting for active requests to complete
2026-05-03T22:11:18.224+05:30  INFO 24624 --- [SpringSecurity] [tomcat-shutdown] o.s.boot.tomcat.GracefulShutdown         : Graceful shutdown complete
2026-05-03T22:11:18.227+05:30  INFO 24624 --- [SpringSecurity] [     Thread-129] j.LocalContainerEntityManagerFactoryBean : Closing JPA EntityManagerFactory for persistence unit 'default'
2026-05-03T22:11:18.228+05:30  INFO 24624 --- [SpringSecurity] [     Thread-129] com.zaxxer.hikari.HikariDataSource       : HikariPool-37 - Shutdown initiated...
2026-05-03T22:11:18.233+05:30  INFO 24624 --- [SpringSecurity] [     Thread-129] com.zaxxer.hikari.HikariDataSource       : HikariPool-37 - Shutdown completed.

  .   ____          _            __ _ _
 /\\ / ___'_ __ _ _(_)_ __  __ _ \ \ \ \
( ( )\___ | '_ | '_| | '_ \/ _` | \ \ \ \
 \\/  ___)| |_)| | | | | || (_| |  ) ) ) )
  '  |____| .__|_| |_|_| |_\__, | / / / /
 =========|_|==============|___/=/_/_/_/

 :: Spring Boot ::                (v4.0.6)

2026-05-03T22:11:18.333+05:30  INFO 24624 --- [SpringSecurity] [  restartedMain] c.v.S.SpringSecurityApplication          : Starting SpringSecurityApplication using Java 25.0.2 with PID 24624 (D:\Git Hub Project\FCT-JAVA\Advance Java\SpringBoot\Spring Boot Security\SpringSecurity\target\classes started by Arnav Gade in D:\Git Hub Project\FCT-JAVA\Advance Java\SpringBoot\Spring Boot Security\SpringSecurity)
2026-05-03T22:11:18.334+05:30  INFO 24624 --- [SpringSecurity] [  restartedMain] c.v.S.SpringSecurityApplication          : No active profile set, falling back to 1 default profile: "default"
2026-05-03T22:11:18.827+05:30  INFO 24624 --- [SpringSecurity] [  restartedMain] .s.d.r.c.RepositoryConfigurationDelegate : Bootstrapping Spring Data JPA repositories in DEFAULT mode.
2026-05-03T22:11:18.846+05:30  INFO 24624 --- [SpringSecurity] [  restartedMain] .s.d.r.c.RepositoryConfigurationDelegate : Finished Spring Data repository scanning in 17 ms. Found 1 JPA repository interface.
2026-05-03T22:11:19.070+05:30  INFO 24624 --- [SpringSecurity] [  restartedMain] o.s.boot.tomcat.TomcatWebServer          : Tomcat initialized with port 8083 (http)
2026-05-03T22:11:19.072+05:30  INFO 24624 --- [SpringSecurity] [  restartedMain] o.apache.catalina.core.StandardService   : Starting service [Tomcat]
2026-05-03T22:11:19.072+05:30  INFO 24624 --- [SpringSecurity] [  restartedMain] o.apache.catalina.core.StandardEngine    : Starting Servlet engine: [Apache Tomcat/11.0.21]
2026-05-03T22:11:19.119+05:30  INFO 24624 --- [SpringSecurity] [  restartedMain] b.w.c.s.WebApplicationContextInitializer : Root WebApplicationContext: initialization completed in 783 ms
2026-05-03T22:11:19.280+05:30  INFO 24624 --- [SpringSecurity] [  restartedMain] org.hibernate.orm.jpa                    : HHH008540: Processing PersistenceUnitInfo [name: default]
2026-05-03T22:11:19.326+05:30  INFO 24624 --- [SpringSecurity] [  restartedMain] o.s.o.j.p.SpringPersistenceUnitInfo      : No LoadTimeWeaver setup: ignoring JPA class transformer
2026-05-03T22:11:19.331+05:30  INFO 24624 --- [SpringSecurity] [  restartedMain] com.zaxxer.hikari.HikariDataSource       : HikariPool-38 - Starting...
2026-05-03T22:11:19.359+05:30  INFO 24624 --- [SpringSecurity] [  restartedMain] com.zaxxer.hikari.pool.HikariPool        : HikariPool-38 - Added connection com.mysql.cj.jdbc.ConnectionImpl@33b11913
2026-05-03T22:11:19.360+05:30  INFO 24624 --- [SpringSecurity] [  restartedMain] com.zaxxer.hikari.HikariDataSource       : HikariPool-38 - Start completed.
2026-05-03T22:11:19.363+05:30  INFO 24624 --- [SpringSecurity] [  restartedMain] org.hibernate.orm.connections.pooling    : HHH10001005: Database info:
	Database JDBC URL [jdbc:mysql://localhost:3306/springsecurity]
	Database driver: MySQL Connector/J
	Database dialect: MySQLDialect
	Database version: 8.0.42
	Default catalog/schema: springsecurity/undefined
	Autocommit mode: undefined/unknown
	Isolation level: REPEATABLE_READ [default REPEATABLE_READ]
	JDBC fetch size: none
	Pool: DataSourceConnectionProvider
	Minimum pool size: undefined/unknown
	Maximum pool size: undefined/unknown
2026-05-03T22:11:19.426+05:30  INFO 24624 --- [SpringSecurity] [  restartedMain] org.hibernate.orm.core                   : HHH000489: No JTA platform available (set 'hibernate.transaction.jta.platform' to enable JTA platform integration)
2026-05-03T22:11:19.522+05:30  INFO 24624 --- [SpringSecurity] [  restartedMain] j.LocalContainerEntityManagerFactoryBean : Initialized JPA EntityManagerFactory for persistence unit 'default'
2026-05-03T22:11:19.621+05:30  INFO 24624 --- [SpringSecurity] [  restartedMain] eAuthenticationProviderManagerConfigurer : Global AuthenticationManager configured with AuthenticationProvider bean with name authenticationProvider
2026-05-03T22:11:19.622+05:30  WARN 24624 --- [SpringSecurity] [  restartedMain] r$InitializeUserDetailsManagerConfigurer : Global AuthenticationManager configured with an AuthenticationProvider bean. UserDetailsService beans will not be used by Spring Security for automatically configuring username/password login. Consider removing the AuthenticationProvider bean. Alternatively, consider using the UserDetailsService in a manually instantiated DaoAuthenticationProvider. If the current configuration is intentional, to turn off this warning, increase the logging level of 'org.springframework.security.config.annotation.authentication.configuration.InitializeUserDetailsBeanManagerConfigurer' to ERROR
2026-05-03T22:11:19.790+05:30  WARN 24624 --- [SpringSecurity] [  restartedMain] JpaBaseConfiguration$JpaWebConfiguration : spring.jpa.open-in-view is enabled by default. Therefore, database queries may be performed during view rendering. Explicitly configure spring.jpa.open-in-view to disable this warning
2026-05-03T22:11:20.259+05:30  INFO 24624 --- [SpringSecurity] [  restartedMain] o.s.boot.tomcat.TomcatWebServer          : Tomcat started on port 8083 (http) with context path '/'
2026-05-03T22:11:20.263+05:30  INFO 24624 --- [SpringSecurity] [  restartedMain] c.v.S.SpringSecurityApplication          : Started SpringSecurityApplication in 1.949 seconds (process running for 13996.203)
2026-05-03T22:11:20.267+05:30  INFO 24624 --- [SpringSecurity] [  restartedMain] .ConditionEvaluationDeltaLoggingListener : Condition evaluation unchanged
2026-05-03T22:11:29.699+05:30  INFO 24624 --- [SpringSecurity] [   File Watcher] rtingClassPathChangeChangedEventListener : Restarting due to 1 class path change (0 additions, 0 deletions, 1 modification)
2026-05-03T22:11:29.700+05:30  INFO 24624 --- [SpringSecurity] [     Thread-133] o.s.boot.tomcat.GracefulShutdown         : Commencing graceful shutdown. Waiting for active requests to complete
2026-05-03T22:11:29.708+05:30  INFO 24624 --- [SpringSecurity] [tomcat-shutdown] o.s.boot.tomcat.GracefulShutdown         : Graceful shutdown complete
2026-05-03T22:11:29.709+05:30  INFO 24624 --- [SpringSecurity] [     Thread-133] j.LocalContainerEntityManagerFactoryBean : Closing JPA EntityManagerFactory for persistence unit 'default'
2026-05-03T22:11:29.709+05:30  INFO 24624 --- [SpringSecurity] [     Thread-133] com.zaxxer.hikari.HikariDataSource       : HikariPool-38 - Shutdown initiated...
2026-05-03T22:11:29.712+05:30  INFO 24624 --- [SpringSecurity] [     Thread-133] com.zaxxer.hikari.HikariDataSource       : HikariPool-38 - Shutdown completed.

  .   ____          _            __ _ _
 /\\ / ___'_ __ _ _(_)_ __  __ _ \ \ \ \
( ( )\___ | '_ | '_| | '_ \/ _` | \ \ \ \
 \\/  ___)| |_)| | | | | || (_| |  ) ) ) )
  '  |____| .__|_| |_|_| |_\__, | / / / /
 =========|_|==============|___/=/_/_/_/

 :: Spring Boot ::                (v4.0.6)

2026-05-03T22:11:29.778+05:30  INFO 24624 --- [SpringSecurity] [  restartedMain] c.v.S.SpringSecurityApplication          : Starting SpringSecurityApplication using Java 25.0.2 with PID 24624 (D:\Git Hub Project\FCT-JAVA\Advance Java\SpringBoot\Spring Boot Security\SpringSecurity\target\classes started by Arnav Gade in D:\Git Hub Project\FCT-JAVA\Advance Java\SpringBoot\Spring Boot Security\SpringSecurity)
2026-05-03T22:11:29.778+05:30  INFO 24624 --- [SpringSecurity] [  restartedMain] c.v.S.SpringSecurityApplication          : No active profile set, falling back to 1 default profile: "default"
2026-05-03T22:11:29.928+05:30  INFO 24624 --- [SpringSecurity] [  restartedMain] .s.d.r.c.RepositoryConfigurationDelegate : Bootstrapping Spring Data JPA repositories in DEFAULT mode.
2026-05-03T22:11:29.939+05:30  INFO 24624 --- [SpringSecurity] [  restartedMain] .s.d.r.c.RepositoryConfigurationDelegate : Finished Spring Data repository scanning in 9 ms. Found 1 JPA repository interface.
2026-05-03T22:11:30.029+05:30  INFO 24624 --- [SpringSecurity] [  restartedMain] o.s.boot.tomcat.TomcatWebServer          : Tomcat initialized with port 8083 (http)
2026-05-03T22:11:30.030+05:30  INFO 24624 --- [SpringSecurity] [  restartedMain] o.apache.catalina.core.StandardService   : Starting service [Tomcat]
2026-05-03T22:11:30.030+05:30  INFO 24624 --- [SpringSecurity] [  restartedMain] o.apache.catalina.core.StandardEngine    : Starting Servlet engine: [Apache Tomcat/11.0.21]
2026-05-03T22:11:30.050+05:30  INFO 24624 --- [SpringSecurity] [  restartedMain] b.w.c.s.WebApplicationContextInitializer : Root WebApplicationContext: initialization completed in 270 ms
2026-05-03T22:11:30.072+05:30  INFO 24624 --- [SpringSecurity] [  restartedMain] org.hibernate.orm.jpa                    : HHH008540: Processing PersistenceUnitInfo [name: default]
2026-05-03T22:11:30.093+05:30  INFO 24624 --- [SpringSecurity] [  restartedMain] o.s.o.j.p.SpringPersistenceUnitInfo      : No LoadTimeWeaver setup: ignoring JPA class transformer
2026-05-03T22:11:30.094+05:30  INFO 24624 --- [SpringSecurity] [  restartedMain] com.zaxxer.hikari.HikariDataSource       : HikariPool-39 - Starting...
2026-05-03T22:11:30.112+05:30  INFO 24624 --- [SpringSecurity] [  restartedMain] com.zaxxer.hikari.pool.HikariPool        : HikariPool-39 - Added connection com.mysql.cj.jdbc.ConnectionImpl@569402f1
2026-05-03T22:11:30.112+05:30  INFO 24624 --- [SpringSecurity] [  restartedMain] com.zaxxer.hikari.HikariDataSource       : HikariPool-39 - Start completed.
2026-05-03T22:11:30.113+05:30  INFO 24624 --- [SpringSecurity] [  restartedMain] org.hibernate.orm.connections.pooling    : HHH10001005: Database info:
	Database JDBC URL [jdbc:mysql://localhost:3306/springsecurity]
	Database driver: MySQL Connector/J
	Database dialect: MySQLDialect
	Database version: 8.0.42
	Default catalog/schema: springsecurity/undefined
	Autocommit mode: undefined/unknown
	Isolation level: REPEATABLE_READ [default REPEATABLE_READ]
	JDBC fetch size: none
	Pool: DataSourceConnectionProvider
	Minimum pool size: undefined/unknown
	Maximum pool size: undefined/unknown
2026-05-03T22:11:30.139+05:30  INFO 24624 --- [SpringSecurity] [  restartedMain] org.hibernate.orm.core                   : HHH000489: No JTA platform available (set 'hibernate.transaction.jta.platform' to enable JTA platform integration)
2026-05-03T22:11:30.185+05:30  INFO 24624 --- [SpringSecurity] [  restartedMain] j.LocalContainerEntityManagerFactoryBean : Initialized JPA EntityManagerFactory for persistence unit 'default'
2026-05-03T22:11:30.345+05:30  INFO 24624 --- [SpringSecurity] [  restartedMain] eAuthenticationProviderManagerConfigurer : Global AuthenticationManager configured with AuthenticationProvider bean with name authenticationProvider
2026-05-03T22:11:30.346+05:30  WARN 24624 --- [SpringSecurity] [  restartedMain] r$InitializeUserDetailsManagerConfigurer : Global AuthenticationManager configured with an AuthenticationProvider bean. UserDetailsService beans will not be used by Spring Security for automatically configuring username/password login. Consider removing the AuthenticationProvider bean. Alternatively, consider using the UserDetailsService in a manually instantiated DaoAuthenticationProvider. If the current configuration is intentional, to turn off this warning, increase the logging level of 'org.springframework.security.config.annotation.authentication.configuration.InitializeUserDetailsBeanManagerConfigurer' to ERROR
2026-05-03T22:11:30.383+05:30  WARN 24624 --- [SpringSecurity] [  restartedMain] JpaBaseConfiguration$JpaWebConfiguration : spring.jpa.open-in-view is enabled by default. Therefore, database queries may be performed during view rendering. Explicitly configure spring.jpa.open-in-view to disable this warning
2026-05-03T22:11:30.667+05:30  INFO 24624 --- [SpringSecurity] [  restartedMain] o.s.boot.tomcat.TomcatWebServer          : Tomcat started on port 8083 (http) with context path '/'
2026-05-03T22:11:30.672+05:30  INFO 24624 --- [SpringSecurity] [  restartedMain] c.v.S.SpringSecurityApplication          : Started SpringSecurityApplication in 0.908 seconds (process running for 14006.612)
2026-05-03T22:11:30.675+05:30  INFO 24624 --- [SpringSecurity] [  restartedMain] .ConditionEvaluationDeltaLoggingListener : Condition evaluation unchanged
2026-05-03T22:12:44.529+05:30  INFO 24624 --- [SpringSecurity] [   File Watcher] rtingClassPathChangeChangedEventListener : Restarting due to 1 class path change (0 additions, 0 deletions, 1 modification)
2026-05-03T22:12:44.626+05:30  INFO 24624 --- [SpringSecurity] [     Thread-137] o.s.boot.tomcat.GracefulShutdown         : Commencing graceful shutdown. Waiting for active requests to complete
2026-05-03T22:12:44.752+05:30  INFO 24624 --- [SpringSecurity] [tomcat-shutdown] o.s.boot.tomcat.GracefulShutdown         : Graceful shutdown complete
2026-05-03T22:12:44.810+05:30  INFO 24624 --- [SpringSecurity] [     Thread-137] j.LocalContainerEntityManagerFactoryBean : Closing JPA EntityManagerFactory for persistence unit 'default'
2026-05-03T22:12:44.865+05:30  INFO 24624 --- [SpringSecurity] [     Thread-137] com.zaxxer.hikari.HikariDataSource       : HikariPool-39 - Shutdown initiated...
2026-05-03T22:12:44.953+05:30  INFO 24624 --- [SpringSecurity] [     Thread-137] com.zaxxer.hikari.HikariDataSource       : HikariPool-39 - Shutdown completed.

  .   ____          _            __ _ _
 /\\ / ___'_ __ _ _(_)_ __  __ _ \ \ \ \
( ( )\___ | '_ | '_| | '_ \/ _` | \ \ \ \
 \\/  ___)| |_)| | | | | || (_| |  ) ) ) )
  '  |____| .__|_| |_|_| |_\__, | / / / /
 =========|_|==============|___/=/_/_/_/

 :: Spring Boot ::                (v4.0.6)

2026-05-03T22:12:46.679+05:30  INFO 24624 --- [SpringSecurity] [  restartedMain] c.v.S.SpringSecurityApplication          : Starting SpringSecurityApplication using Java 25.0.2 with PID 24624 (D:\Git Hub Project\FCT-JAVA\Advance Java\SpringBoot\Spring Boot Security\SpringSecurity\target\classes started by Arnav Gade in D:\Git Hub Project\FCT-JAVA\Advance Java\SpringBoot\Spring Boot Security\SpringSecurity)
2026-05-03T22:12:46.680+05:30  INFO 24624 --- [SpringSecurity] [  restartedMain] c.v.S.SpringSecurityApplication          : No active profile set, falling back to 1 default profile: "default"
2026-05-03T22:12:47.249+05:30  INFO 24624 --- [SpringSecurity] [  restartedMain] .s.d.r.c.RepositoryConfigurationDelegate : Bootstrapping Spring Data JPA repositories in DEFAULT mode.
2026-05-03T22:12:47.293+05:30  INFO 24624 --- [SpringSecurity] [  restartedMain] .s.d.r.c.RepositoryConfigurationDelegate : Finished Spring Data repository scanning in 35 ms. Found 1 JPA repository interface.
2026-05-03T22:12:47.554+05:30  INFO 24624 --- [SpringSecurity] [  restartedMain] o.s.boot.tomcat.TomcatWebServer          : Tomcat initialized with port 8083 (http)
2026-05-03T22:12:47.589+05:30  INFO 24624 --- [SpringSecurity] [  restartedMain] o.apache.catalina.core.StandardService   : Starting service [Tomcat]
2026-05-03T22:12:47.589+05:30  INFO 24624 --- [SpringSecurity] [  restartedMain] o.apache.catalina.core.StandardEngine    : Starting Servlet engine: [Apache Tomcat/11.0.21]
2026-05-03T22:12:47.696+05:30  INFO 24624 --- [SpringSecurity] [  restartedMain] b.w.c.s.WebApplicationContextInitializer : Root WebApplicationContext: initialization completed in 1004 ms
2026-05-03T22:12:47.791+05:30  INFO 24624 --- [SpringSecurity] [  restartedMain] org.hibernate.orm.jpa                    : HHH008540: Processing PersistenceUnitInfo [name: default]
2026-05-03T22:12:47.861+05:30  INFO 24624 --- [SpringSecurity] [  restartedMain] o.s.o.j.p.SpringPersistenceUnitInfo      : No LoadTimeWeaver setup: ignoring JPA class transformer
2026-05-03T22:12:47.864+05:30  INFO 24624 --- [SpringSecurity] [  restartedMain] com.zaxxer.hikari.HikariDataSource       : HikariPool-40 - Starting...
2026-05-03T22:12:47.917+05:30  INFO 24624 --- [SpringSecurity] [  restartedMain] com.zaxxer.hikari.pool.HikariPool        : HikariPool-40 - Added connection com.mysql.cj.jdbc.ConnectionImpl@5280c2ad
2026-05-03T22:12:47.917+05:30  INFO 24624 --- [SpringSecurity] [  restartedMain] com.zaxxer.hikari.HikariDataSource       : HikariPool-40 - Start completed.
2026-05-03T22:12:47.933+05:30  INFO 24624 --- [SpringSecurity] [  restartedMain] org.hibernate.orm.connections.pooling    : HHH10001005: Database info:
	Database JDBC URL [jdbc:mysql://localhost:3306/springsecurity]
	Database driver: MySQL Connector/J
	Database dialect: MySQLDialect
	Database version: 8.0.42
	Default catalog/schema: springsecurity/undefined
	Autocommit mode: undefined/unknown
	Isolation level: REPEATABLE_READ [default REPEATABLE_READ]
	JDBC fetch size: none
	Pool: DataSourceConnectionProvider
	Minimum pool size: undefined/unknown
	Maximum pool size: undefined/unknown
2026-05-03T22:12:48.124+05:30  INFO 24624 --- [SpringSecurity] [  restartedMain] org.hibernate.orm.core                   : HHH000489: No JTA platform available (set 'hibernate.transaction.jta.platform' to enable JTA platform integration)
2026-05-03T22:12:48.254+05:30  INFO 24624 --- [SpringSecurity] [  restartedMain] j.LocalContainerEntityManagerFactoryBean : Initialized JPA EntityManagerFactory for persistence unit 'default'
2026-05-03T22:12:48.536+05:30  WARN 24624 --- [SpringSecurity] [  restartedMain] JpaBaseConfiguration$JpaWebConfiguration : spring.jpa.open-in-view is enabled by default. Therefore, database queries may be performed during view rendering. Explicitly configure spring.jpa.open-in-view to disable this warning
2026-05-03T22:12:48.914+05:30  INFO 24624 --- [SpringSecurity] [  restartedMain] r$InitializeUserDetailsManagerConfigurer : Global AuthenticationManager configured with UserDetailsService bean with name myUserDetailsService
2026-05-03T22:12:49.223+05:30  INFO 24624 --- [SpringSecurity] [  restartedMain] o.s.boot.tomcat.TomcatWebServer          : Tomcat started on port 8083 (http) with context path '/'
2026-05-03T22:12:49.226+05:30  INFO 24624 --- [SpringSecurity] [  restartedMain] c.v.S.SpringSecurityApplication          : Started SpringSecurityApplication in 2.753 seconds (process running for 14085.166)
2026-05-03T22:12:49.229+05:30  INFO 24624 --- [SpringSecurity] [  restartedMain] .ConditionEvaluationDeltaLoggingListener : Condition evaluation delta:


==========================
CONDITION EVALUATION DELTA
==========================


Positive matches:
-----------------

   ServletWebSecurityAutoConfiguration.EnableWebSecurityConfiguration matched:
      - @ConditionalOnClass found required class 'org.springframework.security.config.annotation.web.configuration.EnableWebSecurity' (OnClassCondition)
      - @ConditionalOnMissingBean (names: springSecurityFilterChain; SearchStrategy: all) did not find any beans (OnBeanCondition)

   ServletWebSecurityAutoConfiguration.SecurityFilterChainConfiguration matched:
      - AllNestedConditions 2 matched 0 did not; NestedCondition on DefaultWebSecurityCondition.Beans @ConditionalOnMissingBean (types: org.springframework.security.web.SecurityFilterChain; SearchStrategy: all) did not find any beans; NestedCondition on DefaultWebSecurityCondition.Classes @ConditionalOnClass found required classes 'org.springframework.security.web.SecurityFilterChain', 'org.springframework.security.config.annotation.web.builders.HttpSecurity' (DefaultWebSecurityCondition)


Negative matches:
-----------------

    None


Exclusions:
-----------

    None


Unconditional classes:
----------------------

    None



2026-05-03T22:12:50.695+05:30  INFO 24624 --- [SpringSecurity] [   File Watcher] rtingClassPathChangeChangedEventListener : Restarting due to 3 class path changes (3 additions, 0 deletions, 0 modifications)
2026-05-03T22:12:50.696+05:30  INFO 24624 --- [SpringSecurity] [     Thread-141] o.s.boot.tomcat.GracefulShutdown         : Commencing graceful shutdown. Waiting for active requests to complete
2026-05-03T22:12:50.707+05:30  INFO 24624 --- [SpringSecurity] [tomcat-shutdown] o.s.boot.tomcat.GracefulShutdown         : Graceful shutdown complete
2026-05-03T22:12:50.708+05:30  INFO 24624 --- [SpringSecurity] [     Thread-141] j.LocalContainerEntityManagerFactoryBean : Closing JPA EntityManagerFactory for persistence unit 'default'
2026-05-03T22:12:50.709+05:30  INFO 24624 --- [SpringSecurity] [     Thread-141] com.zaxxer.hikari.HikariDataSource       : HikariPool-40 - Shutdown initiated...
2026-05-03T22:12:50.713+05:30  INFO 24624 --- [SpringSecurity] [     Thread-141] com.zaxxer.hikari.HikariDataSource       : HikariPool-40 - Shutdown completed.

  .   ____          _            __ _ _
 /\\ / ___'_ __ _ _(_)_ __  __ _ \ \ \ \
( ( )\___ | '_ | '_| | '_ \/ _` | \ \ \ \
 \\/  ___)| |_)| | | | | || (_| |  ) ) ) )
  '  |____| .__|_| |_|_| |_\__, | / / / /
 =========|_|==============|___/=/_/_/_/

 :: Spring Boot ::                (v4.0.6)

2026-05-03T22:12:50.805+05:30  INFO 24624 --- [SpringSecurity] [  restartedMain] c.v.S.SpringSecurityApplication          : Starting SpringSecurityApplication using Java 25.0.2 with PID 24624 (D:\Git Hub Project\FCT-JAVA\Advance Java\SpringBoot\Spring Boot Security\SpringSecurity\target\classes started by Arnav Gade in D:\Git Hub Project\FCT-JAVA\Advance Java\SpringBoot\Spring Boot Security\SpringSecurity)
2026-05-03T22:12:50.807+05:30  INFO 24624 --- [SpringSecurity] [  restartedMain] c.v.S.SpringSecurityApplication          : No active profile set, falling back to 1 default profile: "default"
2026-05-03T22:12:51.063+05:30  INFO 24624 --- [SpringSecurity] [  restartedMain] .s.d.r.c.RepositoryConfigurationDelegate : Bootstrapping Spring Data JPA repositories in DEFAULT mode.
2026-05-03T22:12:51.082+05:30  INFO 24624 --- [SpringSecurity] [  restartedMain] .s.d.r.c.RepositoryConfigurationDelegate : Finished Spring Data repository scanning in 17 ms. Found 1 JPA repository interface.
2026-05-03T22:12:51.300+05:30  INFO 24624 --- [SpringSecurity] [  restartedMain] o.s.boot.tomcat.TomcatWebServer          : Tomcat initialized with port 8083 (http)
2026-05-03T22:12:51.300+05:30  INFO 24624 --- [SpringSecurity] [  restartedMain] o.apache.catalina.core.StandardService   : Starting service [Tomcat]
2026-05-03T22:12:51.301+05:30  INFO 24624 --- [SpringSecurity] [  restartedMain] o.apache.catalina.core.StandardEngine    : Starting Servlet engine: [Apache Tomcat/11.0.21]
2026-05-03T22:12:51.333+05:30  INFO 24624 --- [SpringSecurity] [  restartedMain] b.w.c.s.WebApplicationContextInitializer : Root WebApplicationContext: initialization completed in 524 ms
2026-05-03T22:12:51.396+05:30  INFO 24624 --- [SpringSecurity] [  restartedMain] org.hibernate.orm.jpa                    : HHH008540: Processing PersistenceUnitInfo [name: default]
2026-05-03T22:12:51.433+05:30  INFO 24624 --- [SpringSecurity] [  restartedMain] o.s.o.j.p.SpringPersistenceUnitInfo      : No LoadTimeWeaver setup: ignoring JPA class transformer
2026-05-03T22:12:51.434+05:30  INFO 24624 --- [SpringSecurity] [  restartedMain] com.zaxxer.hikari.HikariDataSource       : HikariPool-41 - Starting...
2026-05-03T22:12:51.459+05:30  INFO 24624 --- [SpringSecurity] [  restartedMain] com.zaxxer.hikari.pool.HikariPool        : HikariPool-41 - Added connection com.mysql.cj.jdbc.ConnectionImpl@467ee251
2026-05-03T22:12:51.459+05:30  INFO 24624 --- [SpringSecurity] [  restartedMain] com.zaxxer.hikari.HikariDataSource       : HikariPool-41 - Start completed.
2026-05-03T22:12:51.462+05:30  INFO 24624 --- [SpringSecurity] [  restartedMain] org.hibernate.orm.connections.pooling    : HHH10001005: Database info:
	Database JDBC URL [jdbc:mysql://localhost:3306/springsecurity]
	Database driver: MySQL Connector/J
	Database dialect: MySQLDialect
	Database version: 8.0.42
	Default catalog/schema: springsecurity/undefined
	Autocommit mode: undefined/unknown
	Isolation level: REPEATABLE_READ [default REPEATABLE_READ]
	JDBC fetch size: none
	Pool: DataSourceConnectionProvider
	Minimum pool size: undefined/unknown
	Maximum pool size: undefined/unknown
2026-05-03T22:12:51.500+05:30  INFO 24624 --- [SpringSecurity] [  restartedMain] org.hibernate.orm.core                   : HHH000489: No JTA platform available (set 'hibernate.transaction.jta.platform' to enable JTA platform integration)
2026-05-03T22:12:51.634+05:30  INFO 24624 --- [SpringSecurity] [  restartedMain] j.LocalContainerEntityManagerFactoryBean : Initialized JPA EntityManagerFactory for persistence unit 'default'
2026-05-03T22:12:51.765+05:30  INFO 24624 --- [SpringSecurity] [  restartedMain] eAuthenticationProviderManagerConfigurer : Global AuthenticationManager configured with AuthenticationProvider bean with name authenticationProvider
2026-05-03T22:12:51.765+05:30  WARN 24624 --- [SpringSecurity] [  restartedMain] r$InitializeUserDetailsManagerConfigurer : Global AuthenticationManager configured with an AuthenticationProvider bean. UserDetailsService beans will not be used by Spring Security for automatically configuring username/password login. Consider removing the AuthenticationProvider bean. Alternatively, consider using the UserDetailsService in a manually instantiated DaoAuthenticationProvider. If the current configuration is intentional, to turn off this warning, increase the logging level of 'org.springframework.security.config.annotation.authentication.configuration.InitializeUserDetailsBeanManagerConfigurer' to ERROR
2026-05-03T22:12:51.785+05:30  WARN 24624 --- [SpringSecurity] [  restartedMain] JpaBaseConfiguration$JpaWebConfiguration : spring.jpa.open-in-view is enabled by default. Therefore, database queries may be performed during view rendering. Explicitly configure spring.jpa.open-in-view to disable this warning
2026-05-03T22:12:52.303+05:30  INFO 24624 --- [SpringSecurity] [  restartedMain] o.s.boot.tomcat.TomcatWebServer          : Tomcat started on port 8083 (http) with context path '/'
2026-05-03T22:12:52.306+05:30  INFO 24624 --- [SpringSecurity] [  restartedMain] c.v.S.SpringSecurityApplication          : Started SpringSecurityApplication in 1.523 seconds (process running for 14088.245)
2026-05-03T22:12:52.311+05:30  INFO 24624 --- [SpringSecurity] [  restartedMain] .ConditionEvaluationDeltaLoggingListener : Condition evaluation delta:


==========================
CONDITION EVALUATION DELTA
==========================


Positive matches:
-----------------

    None


Negative matches:
-----------------

   ServletWebSecurityAutoConfiguration.EnableWebSecurityConfiguration:
      Did not match:
         - @ConditionalOnMissingBean (names: springSecurityFilterChain; SearchStrategy: all) found beans named springSecurityFilterChain (OnBeanCondition)
      Matched:
         - @ConditionalOnClass found required class 'org.springframework.security.config.annotation.web.configuration.EnableWebSecurity' (OnClassCondition)

   ServletWebSecurityAutoConfiguration.SecurityFilterChainConfiguration:
      Did not match:
         - AllNestedConditions 1 matched 1 did not; NestedCondition on DefaultWebSecurityCondition.Beans @ConditionalOnMissingBean (types: org.springframework.security.web.SecurityFilterChain; SearchStrategy: all) found beans of type 'org.springframework.security.web.SecurityFilterChain' securityFilterChain; NestedCondition on DefaultWebSecurityCondition.Classes @ConditionalOnClass found required classes 'org.springframework.security.web.SecurityFilterChain', 'org.springframework.security.config.annotation.web.builders.HttpSecurity' (DefaultWebSecurityCondition)


Exclusions:
-----------

    None


Unconditional classes:
----------------------

    None



2026-05-03T22:16:27.819+05:30  INFO 24624 --- [SpringSecurity] [   File Watcher] rtingClassPathChangeChangedEventListener : Restarting due to 1 class path change (0 additions, 0 deletions, 1 modification)
2026-05-03T22:16:28.017+05:30  INFO 24624 --- [SpringSecurity] [     Thread-145] o.s.boot.tomcat.GracefulShutdown         : Commencing graceful shutdown. Waiting for active requests to complete
2026-05-03T22:16:28.118+05:30  INFO 24624 --- [SpringSecurity] [tomcat-shutdown] o.s.boot.tomcat.GracefulShutdown         : Graceful shutdown complete
2026-05-03T22:16:28.228+05:30  INFO 24624 --- [SpringSecurity] [     Thread-145] j.LocalContainerEntityManagerFactoryBean : Closing JPA EntityManagerFactory for persistence unit 'default'
2026-05-03T22:16:28.334+05:30  INFO 24624 --- [SpringSecurity] [     Thread-145] com.zaxxer.hikari.HikariDataSource       : HikariPool-41 - Shutdown initiated...
2026-05-03T22:16:28.445+05:30  INFO 24624 --- [SpringSecurity] [     Thread-145] com.zaxxer.hikari.HikariDataSource       : HikariPool-41 - Shutdown completed.

  .   ____          _            __ _ _
 /\\ / ___'_ __ _ _(_)_ __  __ _ \ \ \ \
( ( )\___ | '_ | '_| | '_ \/ _` | \ \ \ \
 \\/  ___)| |_)| | | | | || (_| |  ) ) ) )
  '  |____| .__|_| |_|_| |_\__, | / / / /
 =========|_|==============|___/=/_/_/_/

 :: Spring Boot ::                (v4.0.6)

2026-05-03T22:16:32.688+05:30  INFO 24624 --- [SpringSecurity] [  restartedMain] c.v.S.SpringSecurityApplication          : Starting SpringSecurityApplication using Java 25.0.2 with PID 24624 (D:\Git Hub Project\FCT-JAVA\Advance Java\SpringBoot\Spring Boot Security\SpringSecurity\target\classes started by Arnav Gade in D:\Git Hub Project\FCT-JAVA\Advance Java\SpringBoot\Spring Boot Security\SpringSecurity)
2026-05-03T22:16:32.692+05:30  INFO 24624 --- [SpringSecurity] [  restartedMain] c.v.S.SpringSecurityApplication          : No active profile set, falling back to 1 default profile: "default"
2026-05-03T22:16:33.810+05:30  INFO 24624 --- [SpringSecurity] [  restartedMain] .s.d.r.c.RepositoryConfigurationDelegate : Bootstrapping Spring Data JPA repositories in DEFAULT mode.
2026-05-03T22:16:33.867+05:30  INFO 24624 --- [SpringSecurity] [  restartedMain] .s.d.r.c.RepositoryConfigurationDelegate : Finished Spring Data repository scanning in 41 ms. Found 1 JPA repository interface.
2026-05-03T22:16:35.236+05:30  INFO 24624 --- [SpringSecurity] [  restartedMain] o.s.boot.tomcat.TomcatWebServer          : Tomcat initialized with port 8083 (http)
2026-05-03T22:16:35.281+05:30  INFO 24624 --- [SpringSecurity] [  restartedMain] o.apache.catalina.core.StandardService   : Starting service [Tomcat]
2026-05-03T22:16:35.282+05:30  INFO 24624 --- [SpringSecurity] [  restartedMain] o.apache.catalina.core.StandardEngine    : Starting Servlet engine: [Apache Tomcat/11.0.21]
2026-05-03T22:16:35.493+05:30  INFO 24624 --- [SpringSecurity] [  restartedMain] b.w.c.s.WebApplicationContextInitializer : Root WebApplicationContext: initialization completed in 2784 ms
2026-05-03T22:16:36.270+05:30  INFO 24624 --- [SpringSecurity] [  restartedMain] org.hibernate.orm.jpa                    : HHH008540: Processing PersistenceUnitInfo [name: default]
2026-05-03T22:16:37.826+05:30  INFO 24624 --- [SpringSecurity] [  restartedMain] o.s.o.j.p.SpringPersistenceUnitInfo      : No LoadTimeWeaver setup: ignoring JPA class transformer
2026-05-03T22:16:38.033+05:30  INFO 24624 --- [SpringSecurity] [  restartedMain] com.zaxxer.hikari.HikariDataSource       : HikariPool-42 - Starting...
2026-05-03T22:16:38.277+05:30  INFO 24624 --- [SpringSecurity] [  restartedMain] com.zaxxer.hikari.pool.HikariPool        : HikariPool-42 - Added connection com.mysql.cj.jdbc.ConnectionImpl@85d8489
2026-05-03T22:16:38.277+05:30  INFO 24624 --- [SpringSecurity] [  restartedMain] com.zaxxer.hikari.HikariDataSource       : HikariPool-42 - Start completed.
2026-05-03T22:16:38.297+05:30  INFO 24624 --- [SpringSecurity] [  restartedMain] org.hibernate.orm.connections.pooling    : HHH10001005: Database info:
	Database JDBC URL [jdbc:mysql://localhost:3306/springsecurity]
	Database driver: MySQL Connector/J
	Database dialect: MySQLDialect
	Database version: 8.0.42
	Default catalog/schema: springsecurity/undefined
	Autocommit mode: undefined/unknown
	Isolation level: REPEATABLE_READ [default REPEATABLE_READ]
	JDBC fetch size: none
	Pool: DataSourceConnectionProvider
	Minimum pool size: undefined/unknown
	Maximum pool size: undefined/unknown
2026-05-03T22:16:38.895+05:30  INFO 24624 --- [SpringSecurity] [  restartedMain] org.hibernate.orm.core                   : HHH000489: No JTA platform available (set 'hibernate.transaction.jta.platform' to enable JTA platform integration)
2026-05-03T22:16:39.063+05:30  INFO 24624 --- [SpringSecurity] [  restartedMain] j.LocalContainerEntityManagerFactoryBean : Initialized JPA EntityManagerFactory for persistence unit 'default'
2026-05-03T22:16:39.354+05:30  INFO 24624 --- [SpringSecurity] [  restartedMain] eAuthenticationProviderManagerConfigurer : Global AuthenticationManager configured with AuthenticationProvider bean with name authenticationProvider
2026-05-03T22:16:39.355+05:30  WARN 24624 --- [SpringSecurity] [  restartedMain] r$InitializeUserDetailsManagerConfigurer : Global AuthenticationManager configured with an AuthenticationProvider bean. UserDetailsService beans will not be used by Spring Security for automatically configuring username/password login. Consider removing the AuthenticationProvider bean. Alternatively, consider using the UserDetailsService in a manually instantiated DaoAuthenticationProvider. If the current configuration is intentional, to turn off this warning, increase the logging level of 'org.springframework.security.config.annotation.authentication.configuration.InitializeUserDetailsBeanManagerConfigurer' to ERROR
2026-05-03T22:16:39.408+05:30  WARN 24624 --- [SpringSecurity] [  restartedMain] JpaBaseConfiguration$JpaWebConfiguration : spring.jpa.open-in-view is enabled by default. Therefore, database queries may be performed during view rendering. Explicitly configure spring.jpa.open-in-view to disable this warning
2026-05-03T22:16:39.747+05:30  INFO 24624 --- [SpringSecurity] [  restartedMain] o.s.boot.tomcat.TomcatWebServer          : Tomcat started on port 8083 (http) with context path '/'
2026-05-03T22:16:39.750+05:30  INFO 24624 --- [SpringSecurity] [  restartedMain] c.v.S.SpringSecurityApplication          : Started SpringSecurityApplication in 7.421 seconds (process running for 14315.69)
2026-05-03T22:16:39.755+05:30  INFO 24624 --- [SpringSecurity] [  restartedMain] .ConditionEvaluationDeltaLoggingListener : Condition evaluation unchanged
2026-05-03T22:34:14.657+05:30  INFO 24624 --- [SpringSecurity] [   File Watcher] rtingClassPathChangeChangedEventListener : Restarting due to 1 class path change (1 addition, 0 deletions, 0 modifications)
2026-05-03T22:34:14.768+05:30  INFO 24624 --- [SpringSecurity] [     Thread-149] o.s.boot.tomcat.GracefulShutdown         : Commencing graceful shutdown. Waiting for active requests to complete
2026-05-03T22:34:14.971+05:30  INFO 24624 --- [SpringSecurity] [tomcat-shutdown] o.s.boot.tomcat.GracefulShutdown         : Graceful shutdown complete
2026-05-03T22:34:15.488+05:30  INFO 24624 --- [SpringSecurity] [     Thread-149] j.LocalContainerEntityManagerFactoryBean : Closing JPA EntityManagerFactory for persistence unit 'default'
2026-05-03T22:34:15.626+05:30  INFO 24624 --- [SpringSecurity] [     Thread-149] com.zaxxer.hikari.HikariDataSource       : HikariPool-42 - Shutdown initiated...
2026-05-03T22:34:15.700+05:30  INFO 24624 --- [SpringSecurity] [     Thread-149] com.zaxxer.hikari.HikariDataSource       : HikariPool-42 - Shutdown completed.

  .   ____          _            __ _ _
 /\\ / ___'_ __ _ _(_)_ __  __ _ \ \ \ \
( ( )\___ | '_ | '_| | '_ \/ _` | \ \ \ \
 \\/  ___)| |_)| | | | | || (_| |  ) ) ) )
  '  |____| .__|_| |_|_| |_\__, | / / / /
 =========|_|==============|___/=/_/_/_/

 :: Spring Boot ::                (v4.0.6)

2026-05-03T22:34:18.733+05:30  INFO 24624 --- [SpringSecurity] [  restartedMain] c.v.S.SpringSecurityApplication          : Starting SpringSecurityApplication using Java 25.0.2 with PID 24624 (D:\Git Hub Project\FCT-JAVA\Advance Java\SpringBoot\Spring Boot Security\SpringSecurity\target\classes started by Arnav Gade in D:\Git Hub Project\FCT-JAVA\Advance Java\SpringBoot\Spring Boot Security\SpringSecurity)
2026-05-03T22:34:18.733+05:30  INFO 24624 --- [SpringSecurity] [  restartedMain] c.v.S.SpringSecurityApplication          : No active profile set, falling back to 1 default profile: "default"
2026-05-03T22:34:20.080+05:30  INFO 24624 --- [SpringSecurity] [  restartedMain] .s.d.r.c.RepositoryConfigurationDelegate : Bootstrapping Spring Data JPA repositories in DEFAULT mode.
2026-05-03T22:34:20.157+05:30  INFO 24624 --- [SpringSecurity] [  restartedMain] .s.d.r.c.RepositoryConfigurationDelegate : Finished Spring Data repository scanning in 48 ms. Found 1 JPA repository interface.
2026-05-03T22:34:21.866+05:30  INFO 24624 --- [SpringSecurity] [  restartedMain] o.s.boot.tomcat.TomcatWebServer          : Tomcat initialized with port 8083 (http)
2026-05-03T22:34:21.871+05:30  INFO 24624 --- [SpringSecurity] [  restartedMain] o.apache.catalina.core.StandardService   : Starting service [Tomcat]
2026-05-03T22:34:21.871+05:30  INFO 24624 --- [SpringSecurity] [  restartedMain] o.apache.catalina.core.StandardEngine    : Starting Servlet engine: [Apache Tomcat/11.0.21]
2026-05-03T22:34:21.932+05:30  INFO 24624 --- [SpringSecurity] [  restartedMain] b.w.c.s.WebApplicationContextInitializer : Root WebApplicationContext: initialization completed in 3173 ms
2026-05-03T22:34:22.134+05:30  INFO 24624 --- [SpringSecurity] [  restartedMain] org.hibernate.orm.jpa                    : HHH008540: Processing PersistenceUnitInfo [name: default]
2026-05-03T22:34:22.288+05:30  INFO 24624 --- [SpringSecurity] [  restartedMain] o.s.o.j.p.SpringPersistenceUnitInfo      : No LoadTimeWeaver setup: ignoring JPA class transformer
2026-05-03T22:34:22.290+05:30  INFO 24624 --- [SpringSecurity] [  restartedMain] com.zaxxer.hikari.HikariDataSource       : HikariPool-43 - Starting...
2026-05-03T22:34:22.327+05:30  INFO 24624 --- [SpringSecurity] [  restartedMain] com.zaxxer.hikari.pool.HikariPool        : HikariPool-43 - Added connection com.mysql.cj.jdbc.ConnectionImpl@56b36952
2026-05-03T22:34:22.327+05:30  INFO 24624 --- [SpringSecurity] [  restartedMain] com.zaxxer.hikari.HikariDataSource       : HikariPool-43 - Start completed.
2026-05-03T22:34:22.337+05:30  INFO 24624 --- [SpringSecurity] [  restartedMain] org.hibernate.orm.connections.pooling    : HHH10001005: Database info:
	Database JDBC URL [jdbc:mysql://localhost:3306/springsecurity]
	Database driver: MySQL Connector/J
	Database dialect: MySQLDialect
	Database version: 8.0.42
	Default catalog/schema: springsecurity/undefined
	Autocommit mode: undefined/unknown
	Isolation level: REPEATABLE_READ [default REPEATABLE_READ]
	JDBC fetch size: none
	Pool: DataSourceConnectionProvider
	Minimum pool size: undefined/unknown
	Maximum pool size: undefined/unknown
2026-05-03T22:34:22.425+05:30  INFO 24624 --- [SpringSecurity] [  restartedMain] org.hibernate.orm.core                   : HHH000489: No JTA platform available (set 'hibernate.transaction.jta.platform' to enable JTA platform integration)
2026-05-03T22:34:22.476+05:30  INFO 24624 --- [SpringSecurity] [  restartedMain] j.LocalContainerEntityManagerFactoryBean : Initialized JPA EntityManagerFactory for persistence unit 'default'
2026-05-03T22:34:22.599+05:30  INFO 24624 --- [SpringSecurity] [  restartedMain] eAuthenticationProviderManagerConfigurer : Global AuthenticationManager configured with AuthenticationProvider bean with name authenticationProvider
2026-05-03T22:34:22.599+05:30  WARN 24624 --- [SpringSecurity] [  restartedMain] r$InitializeUserDetailsManagerConfigurer : Global AuthenticationManager configured with an AuthenticationProvider bean. UserDetailsService beans will not be used by Spring Security for automatically configuring username/password login. Consider removing the AuthenticationProvider bean. Alternatively, consider using the UserDetailsService in a manually instantiated DaoAuthenticationProvider. If the current configuration is intentional, to turn off this warning, increase the logging level of 'org.springframework.security.config.annotation.authentication.configuration.InitializeUserDetailsBeanManagerConfigurer' to ERROR
2026-05-03T22:34:22.616+05:30  WARN 24624 --- [SpringSecurity] [  restartedMain] JpaBaseConfiguration$JpaWebConfiguration : spring.jpa.open-in-view is enabled by default. Therefore, database queries may be performed during view rendering. Explicitly configure spring.jpa.open-in-view to disable this warning
2026-05-03T22:34:22.759+05:30  INFO 24624 --- [SpringSecurity] [  restartedMain] o.s.boot.tomcat.TomcatWebServer          : Tomcat started on port 8083 (http) with context path '/'
2026-05-03T22:34:22.762+05:30  INFO 24624 --- [SpringSecurity] [  restartedMain] c.v.S.SpringSecurityApplication          : Started SpringSecurityApplication in 5.278 seconds (process running for 15378.701)
2026-05-03T22:34:22.763+05:30  INFO 24624 --- [SpringSecurity] [  restartedMain] .ConditionEvaluationDeltaLoggingListener : Condition evaluation unchanged
2026-05-03T22:37:11.303+05:30  INFO 24624 --- [SpringSecurity] [   File Watcher] rtingClassPathChangeChangedEventListener : Restarting due to 1 class path change (0 additions, 0 deletions, 1 modification)
2026-05-03T22:37:11.400+05:30  INFO 24624 --- [SpringSecurity] [     Thread-153] o.s.boot.tomcat.GracefulShutdown         : Commencing graceful shutdown. Waiting for active requests to complete
2026-05-03T22:37:11.932+05:30  INFO 24624 --- [SpringSecurity] [tomcat-shutdown] o.s.boot.tomcat.GracefulShutdown         : Graceful shutdown complete
2026-05-03T22:37:12.061+05:30  INFO 24624 --- [SpringSecurity] [     Thread-153] j.LocalContainerEntityManagerFactoryBean : Closing JPA EntityManagerFactory for persistence unit 'default'
2026-05-03T22:37:12.234+05:30  INFO 24624 --- [SpringSecurity] [     Thread-153] com.zaxxer.hikari.HikariDataSource       : HikariPool-43 - Shutdown initiated...
2026-05-03T22:37:12.432+05:30  INFO 24624 --- [SpringSecurity] [     Thread-153] com.zaxxer.hikari.HikariDataSource       : HikariPool-43 - Shutdown completed.

  .   ____          _            __ _ _
 /\\ / ___'_ __ _ _(_)_ __  __ _ \ \ \ \
( ( )\___ | '_ | '_| | '_ \/ _` | \ \ \ \
 \\/  ___)| |_)| | | | | || (_| |  ) ) ) )
  '  |____| .__|_| |_|_| |_\__, | / / / /
 =========|_|==============|___/=/_/_/_/

 :: Spring Boot ::                (v4.0.6)

2026-05-03T22:37:15.166+05:30  INFO 24624 --- [SpringSecurity] [  restartedMain] c.v.S.SpringSecurityApplication          : Starting SpringSecurityApplication using Java 25.0.2 with PID 24624 (D:\Git Hub Project\FCT-JAVA\Advance Java\SpringBoot\Spring Boot Security\SpringSecurity\target\classes started by Arnav Gade in D:\Git Hub Project\FCT-JAVA\Advance Java\SpringBoot\Spring Boot Security\SpringSecurity)
2026-05-03T22:37:15.166+05:30  INFO 24624 --- [SpringSecurity] [  restartedMain] c.v.S.SpringSecurityApplication          : No active profile set, falling back to 1 default profile: "default"
2026-05-03T22:37:16.454+05:30  INFO 24624 --- [SpringSecurity] [  restartedMain] .s.d.r.c.RepositoryConfigurationDelegate : Bootstrapping Spring Data JPA repositories in DEFAULT mode.
2026-05-03T22:37:16.546+05:30  INFO 24624 --- [SpringSecurity] [  restartedMain] .s.d.r.c.RepositoryConfigurationDelegate : Finished Spring Data repository scanning in 87 ms. Found 1 JPA repository interface.
2026-05-03T22:37:17.481+05:30  INFO 24624 --- [SpringSecurity] [  restartedMain] o.s.boot.tomcat.TomcatWebServer          : Tomcat initialized with port 8083 (http)
2026-05-03T22:37:17.492+05:30  INFO 24624 --- [SpringSecurity] [  restartedMain] o.apache.catalina.core.StandardService   : Starting service [Tomcat]
2026-05-03T22:37:17.492+05:30  INFO 24624 --- [SpringSecurity] [  restartedMain] o.apache.catalina.core.StandardEngine    : Starting Servlet engine: [Apache Tomcat/11.0.21]
2026-05-03T22:37:17.585+05:30  INFO 24624 --- [SpringSecurity] [  restartedMain] b.w.c.s.WebApplicationContextInitializer : Root WebApplicationContext: initialization completed in 2407 ms
2026-05-03T22:37:17.897+05:30  INFO 24624 --- [SpringSecurity] [  restartedMain] org.hibernate.orm.jpa                    : HHH008540: Processing PersistenceUnitInfo [name: default]
2026-05-03T22:37:18.025+05:30  INFO 24624 --- [SpringSecurity] [  restartedMain] o.s.o.j.p.SpringPersistenceUnitInfo      : No LoadTimeWeaver setup: ignoring JPA class transformer
2026-05-03T22:37:18.029+05:30  INFO 24624 --- [SpringSecurity] [  restartedMain] com.zaxxer.hikari.HikariDataSource       : HikariPool-44 - Starting...
2026-05-03T22:37:18.070+05:30  INFO 24624 --- [SpringSecurity] [  restartedMain] com.zaxxer.hikari.pool.HikariPool        : HikariPool-44 - Added connection com.mysql.cj.jdbc.ConnectionImpl@17a73387
2026-05-03T22:37:18.070+05:30  INFO 24624 --- [SpringSecurity] [  restartedMain] com.zaxxer.hikari.HikariDataSource       : HikariPool-44 - Start completed.
2026-05-03T22:37:18.076+05:30  INFO 24624 --- [SpringSecurity] [  restartedMain] org.hibernate.orm.connections.pooling    : HHH10001005: Database info:
	Database JDBC URL [jdbc:mysql://localhost:3306/springsecurity]
	Database driver: MySQL Connector/J
	Database dialect: MySQLDialect
	Database version: 8.0.42
	Default catalog/schema: springsecurity/undefined
	Autocommit mode: undefined/unknown
	Isolation level: REPEATABLE_READ [default REPEATABLE_READ]
	JDBC fetch size: none
	Pool: DataSourceConnectionProvider
	Minimum pool size: undefined/unknown
	Maximum pool size: undefined/unknown
2026-05-03T22:37:18.210+05:30  INFO 24624 --- [SpringSecurity] [  restartedMain] org.hibernate.orm.core                   : HHH000489: No JTA platform available (set 'hibernate.transaction.jta.platform' to enable JTA platform integration)
2026-05-03T22:37:18.280+05:30  INFO 24624 --- [SpringSecurity] [  restartedMain] j.LocalContainerEntityManagerFactoryBean : Initialized JPA EntityManagerFactory for persistence unit 'default'
2026-05-03T22:37:18.423+05:30  INFO 24624 --- [SpringSecurity] [  restartedMain] eAuthenticationProviderManagerConfigurer : Global AuthenticationManager configured with AuthenticationProvider bean with name authenticationProvider
2026-05-03T22:37:18.424+05:30  WARN 24624 --- [SpringSecurity] [  restartedMain] r$InitializeUserDetailsManagerConfigurer : Global AuthenticationManager configured with an AuthenticationProvider bean. UserDetailsService beans will not be used by Spring Security for automatically configuring username/password login. Consider removing the AuthenticationProvider bean. Alternatively, consider using the UserDetailsService in a manually instantiated DaoAuthenticationProvider. If the current configuration is intentional, to turn off this warning, increase the logging level of 'org.springframework.security.config.annotation.authentication.configuration.InitializeUserDetailsBeanManagerConfigurer' to ERROR
2026-05-03T22:37:18.461+05:30  WARN 24624 --- [SpringSecurity] [  restartedMain] JpaBaseConfiguration$JpaWebConfiguration : spring.jpa.open-in-view is enabled by default. Therefore, database queries may be performed during view rendering. Explicitly configure spring.jpa.open-in-view to disable this warning
2026-05-03T22:37:18.667+05:30  INFO 24624 --- [SpringSecurity] [  restartedMain] o.s.boot.tomcat.TomcatWebServer          : Tomcat started on port 8083 (http) with context path '/'
2026-05-03T22:37:18.670+05:30  INFO 24624 --- [SpringSecurity] [  restartedMain] c.v.S.SpringSecurityApplication          : Started SpringSecurityApplication in 4.235 seconds (process running for 15554.609)
2026-05-03T22:37:18.670+05:30  INFO 24624 --- [SpringSecurity] [  restartedMain] .ConditionEvaluationDeltaLoggingListener : Condition evaluation unchanged
2026-05-03T22:37:24.155+05:30  INFO 24624 --- [SpringSecurity] [   File Watcher] rtingClassPathChangeChangedEventListener : Restarting due to 1 class path change (0 additions, 0 deletions, 1 modification)
2026-05-03T22:37:24.156+05:30  INFO 24624 --- [SpringSecurity] [     Thread-157] o.s.boot.tomcat.GracefulShutdown         : Commencing graceful shutdown. Waiting for active requests to complete
2026-05-03T22:37:24.166+05:30  INFO 24624 --- [SpringSecurity] [tomcat-shutdown] o.s.boot.tomcat.GracefulShutdown         : Graceful shutdown complete
2026-05-03T22:37:24.168+05:30  INFO 24624 --- [SpringSecurity] [     Thread-157] j.LocalContainerEntityManagerFactoryBean : Closing JPA EntityManagerFactory for persistence unit 'default'
2026-05-03T22:37:24.169+05:30  INFO 24624 --- [SpringSecurity] [     Thread-157] com.zaxxer.hikari.HikariDataSource       : HikariPool-44 - Shutdown initiated...
2026-05-03T22:37:24.176+05:30  INFO 24624 --- [SpringSecurity] [     Thread-157] com.zaxxer.hikari.HikariDataSource       : HikariPool-44 - Shutdown completed.

  .   ____          _            __ _ _
 /\\ / ___'_ __ _ _(_)_ __  __ _ \ \ \ \
( ( )\___ | '_ | '_| | '_ \/ _` | \ \ \ \
 \\/  ___)| |_)| | | | | || (_| |  ) ) ) )
  '  |____| .__|_| |_|_| |_\__, | / / / /
 =========|_|==============|___/=/_/_/_/

 :: Spring Boot ::                (v4.0.6)

2026-05-03T22:37:24.260+05:30  INFO 24624 --- [SpringSecurity] [  restartedMain] c.v.S.SpringSecurityApplication          : Starting SpringSecurityApplication using Java 25.0.2 with PID 24624 (D:\Git Hub Project\FCT-JAVA\Advance Java\SpringBoot\Spring Boot Security\SpringSecurity\target\classes started by Arnav Gade in D:\Git Hub Project\FCT-JAVA\Advance Java\SpringBoot\Spring Boot Security\SpringSecurity)
2026-05-03T22:37:24.261+05:30  INFO 24624 --- [SpringSecurity] [  restartedMain] c.v.S.SpringSecurityApplication          : No active profile set, falling back to 1 default profile: "default"
2026-05-03T22:37:24.448+05:30  INFO 24624 --- [SpringSecurity] [  restartedMain] .s.d.r.c.RepositoryConfigurationDelegate : Bootstrapping Spring Data JPA repositories in DEFAULT mode.
2026-05-03T22:37:24.458+05:30  INFO 24624 --- [SpringSecurity] [  restartedMain] .s.d.r.c.RepositoryConfigurationDelegate : Finished Spring Data repository scanning in 8 ms. Found 1 JPA repository interface.
2026-05-03T22:37:24.829+05:30  INFO 24624 --- [SpringSecurity] [  restartedMain] o.s.boot.tomcat.TomcatWebServer          : Tomcat initialized with port 8083 (http)
2026-05-03T22:37:24.831+05:30  INFO 24624 --- [SpringSecurity] [  restartedMain] o.apache.catalina.core.StandardService   : Starting service [Tomcat]
2026-05-03T22:37:24.831+05:30  INFO 24624 --- [SpringSecurity] [  restartedMain] o.apache.catalina.core.StandardEngine    : Starting Servlet engine: [Apache Tomcat/11.0.21]
2026-05-03T22:37:24.898+05:30  INFO 24624 --- [SpringSecurity] [  restartedMain] b.w.c.s.WebApplicationContextInitializer : Root WebApplicationContext: initialization completed in 635 ms
2026-05-03T22:37:25.084+05:30  INFO 24624 --- [SpringSecurity] [  restartedMain] org.hibernate.orm.jpa                    : HHH008540: Processing PersistenceUnitInfo [name: default]
2026-05-03T22:37:25.242+05:30  INFO 24624 --- [SpringSecurity] [  restartedMain] o.s.o.j.p.SpringPersistenceUnitInfo      : No LoadTimeWeaver setup: ignoring JPA class transformer
2026-05-03T22:37:25.243+05:30  INFO 24624 --- [SpringSecurity] [  restartedMain] com.zaxxer.hikari.HikariDataSource       : HikariPool-45 - Starting...
2026-05-03T22:37:25.285+05:30  INFO 24624 --- [SpringSecurity] [  restartedMain] com.zaxxer.hikari.pool.HikariPool        : HikariPool-45 - Added connection com.mysql.cj.jdbc.ConnectionImpl@4fd783b3
2026-05-03T22:37:25.285+05:30  INFO 24624 --- [SpringSecurity] [  restartedMain] com.zaxxer.hikari.HikariDataSource       : HikariPool-45 - Start completed.
2026-05-03T22:37:25.288+05:30  INFO 24624 --- [SpringSecurity] [  restartedMain] org.hibernate.orm.connections.pooling    : HHH10001005: Database info:
	Database JDBC URL [jdbc:mysql://localhost:3306/springsecurity]
	Database driver: MySQL Connector/J
	Database dialect: MySQLDialect
	Database version: 8.0.42
	Default catalog/schema: springsecurity/undefined
	Autocommit mode: undefined/unknown
	Isolation level: REPEATABLE_READ [default REPEATABLE_READ]
	JDBC fetch size: none
	Pool: DataSourceConnectionProvider
	Minimum pool size: undefined/unknown
	Maximum pool size: undefined/unknown
2026-05-03T22:37:25.389+05:30  INFO 24624 --- [SpringSecurity] [  restartedMain] org.hibernate.orm.core                   : HHH000489: No JTA platform available (set 'hibernate.transaction.jta.platform' to enable JTA platform integration)
2026-05-03T22:37:25.657+05:30  INFO 24624 --- [SpringSecurity] [  restartedMain] j.LocalContainerEntityManagerFactoryBean : Initialized JPA EntityManagerFactory for persistence unit 'default'
2026-05-03T22:37:25.942+05:30  WARN 24624 --- [SpringSecurity] [  restartedMain] ConfigServletWebServerApplicationContext : Exception encountered during context initialization - cancelling refresh attempt: org.springframework.beans.factory.UnsatisfiedDependencyException: Error creating bean with name 'userController': Unsatisfied dependency expressed through field 'service': Error creating bean with name 'userService' defined in file [D:\Git Hub Project\FCT-JAVA\Advance Java\SpringBoot\Spring Boot Security\SpringSecurity\target\classes\com\vedant\SpringSecurity\service\UserService.class]: Failed to instantiate [com.vedant.SpringSecurity.service.UserService]: Constructor threw exception
2026-05-03T22:37:25.942+05:30  INFO 24624 --- [SpringSecurity] [  restartedMain] j.LocalContainerEntityManagerFactoryBean : Closing JPA EntityManagerFactory for persistence unit 'default'
2026-05-03T22:37:25.943+05:30  INFO 24624 --- [SpringSecurity] [  restartedMain] com.zaxxer.hikari.HikariDataSource       : HikariPool-45 - Shutdown initiated...
2026-05-03T22:37:26.076+05:30  INFO 24624 --- [SpringSecurity] [  restartedMain] com.zaxxer.hikari.HikariDataSource       : HikariPool-45 - Shutdown completed.
2026-05-03T22:37:26.078+05:30  INFO 24624 --- [SpringSecurity] [  restartedMain] o.apache.catalina.core.StandardService   : Stopping service [Tomcat]
2026-05-03T22:37:26.093+05:30  INFO 24624 --- [SpringSecurity] [  restartedMain] .s.b.a.l.ConditionEvaluationReportLogger : 

Error starting ApplicationContext. To display the condition evaluation report re-run your application with 'debug' enabled.
2026-05-03T22:37:26.100+05:30 ERROR 24624 --- [SpringSecurity] [  restartedMain] o.s.boot.SpringApplication               : Application run failed

org.springframework.beans.factory.UnsatisfiedDependencyException: Error creating bean with name 'userController': Unsatisfied dependency expressed through field 'service': Error creating bean with name 'userService' defined in file [D:\Git Hub Project\FCT-JAVA\Advance Java\SpringBoot\Spring Boot Security\SpringSecurity\target\classes\com\vedant\SpringSecurity\service\UserService.class]: Failed to instantiate [com.vedant.SpringSecurity.service.UserService]: Constructor threw exception
	at org.springframework.beans.factory.annotation.AutowiredAnnotationBeanPostProcessor$AutowiredFieldElement.resolveFieldValue(AutowiredAnnotationBeanPostProcessor.java:767) ~[spring-beans-7.0.7.jar:7.0.7]
	at org.springframework.beans.factory.annotation.AutowiredAnnotationBeanPostProcessor$AutowiredFieldElement.inject(AutowiredAnnotationBeanPostProcessor.java:748) ~[spring-beans-7.0.7.jar:7.0.7]
	at org.springframework.beans.factory.annotation.InjectionMetadata.inject(InjectionMetadata.java:146) ~[spring-beans-7.0.7.jar:7.0.7]
	at org.springframework.beans.factory.annotation.AutowiredAnnotationBeanPostProcessor.postProcessProperties(AutowiredAnnotationBeanPostProcessor.java:493) ~[spring-beans-7.0.7.jar:7.0.7]
	at org.springframework.beans.factory.support.AbstractAutowireCapableBeanFactory.populateBean(AbstractAutowireCapableBeanFactory.java:1446) ~[spring-beans-7.0.7.jar:7.0.7]
	at org.springframework.beans.factory.support.AbstractAutowireCapableBeanFactory.doCreateBean(AbstractAutowireCapableBeanFactory.java:602) ~[spring-beans-7.0.7.jar:7.0.7]
	at org.springframework.beans.factory.support.AbstractAutowireCapableBeanFactory.createBean(AbstractAutowireCapableBeanFactory.java:525) ~[spring-beans-7.0.7.jar:7.0.7]
	at org.springframework.beans.factory.support.AbstractBeanFactory.lambda$doGetBean$0(AbstractBeanFactory.java:333) ~[spring-beans-7.0.7.jar:7.0.7]
	at org.springframework.beans.factory.support.DefaultSingletonBeanRegistry.getSingleton(DefaultSingletonBeanRegistry.java:371) ~[spring-beans-7.0.7.jar:7.0.7]
	at org.springframework.beans.factory.support.AbstractBeanFactory.doGetBean(AbstractBeanFactory.java:331) ~[spring-beans-7.0.7.jar:7.0.7]
	at org.springframework.beans.factory.support.AbstractBeanFactory.getBean(AbstractBeanFactory.java:196) ~[spring-beans-7.0.7.jar:7.0.7]
	at org.springframework.beans.factory.support.DefaultListableBeanFactory.instantiateSingleton(DefaultListableBeanFactory.java:1218) ~[spring-beans-7.0.7.jar:7.0.7]
	at org.springframework.beans.factory.support.DefaultListableBeanFactory.preInstantiateSingleton(DefaultListableBeanFactory.java:1184) ~[spring-beans-7.0.7.jar:7.0.7]
	at org.springframework.beans.factory.support.DefaultListableBeanFactory.preInstantiateSingletons(DefaultListableBeanFactory.java:1121) ~[spring-beans-7.0.7.jar:7.0.7]
	at org.springframework.context.support.AbstractApplicationContext.finishBeanFactoryInitialization(AbstractApplicationContext.java:994) ~[spring-context-7.0.7.jar:7.0.7]
	at org.springframework.context.support.AbstractApplicationContext.refresh(AbstractApplicationContext.java:621) ~[spring-context-7.0.7.jar:7.0.7]
	at org.springframework.boot.web.server.servlet.context.ServletWebServerApplicationContext.refresh(ServletWebServerApplicationContext.java:143) ~[spring-boot-web-server-4.0.6.jar:4.0.6]
	at org.springframework.boot.SpringApplication.refresh(SpringApplication.java:756) ~[spring-boot-4.0.6.jar:4.0.6]
	at org.springframework.boot.SpringApplication.refreshContext(SpringApplication.java:445) ~[spring-boot-4.0.6.jar:4.0.6]
	at org.springframework.boot.SpringApplication.run(SpringApplication.java:321) ~[spring-boot-4.0.6.jar:4.0.6]
	at org.springframework.boot.SpringApplication.run(SpringApplication.java:1365) ~[spring-boot-4.0.6.jar:4.0.6]
	at org.springframework.boot.SpringApplication.run(SpringApplication.java:1354) ~[spring-boot-4.0.6.jar:4.0.6]
	at com.vedant.SpringSecurity.SpringSecurityApplication.main(SpringSecurityApplication.java:10) ~[classes/:na]
	at java.base/jdk.internal.reflect.DirectMethodHandleAccessor.invoke(DirectMethodHandleAccessor.java:104) ~[na:na]
	at java.base/java.lang.reflect.Method.invoke(Method.java:565) ~[na:na]
	at org.springframework.boot.devtools.restart.RestartLauncher.run(RestartLauncher.java:52) ~[spring-boot-devtools-4.0.6.jar:4.0.6]
Caused by: org.springframework.beans.factory.BeanCreationException: Error creating bean with name 'userService' defined in file [D:\Git Hub Project\FCT-JAVA\Advance Java\SpringBoot\Spring Boot Security\SpringSecurity\target\classes\com\vedant\SpringSecurity\service\UserService.class]: Failed to instantiate [com.vedant.SpringSecurity.service.UserService]: Constructor threw exception
	at org.springframework.beans.factory.support.AbstractAutowireCapableBeanFactory.instantiateBean(AbstractAutowireCapableBeanFactory.java:1344) ~[spring-beans-7.0.7.jar:7.0.7]
	at org.springframework.beans.factory.support.AbstractAutowireCapableBeanFactory.createBeanInstance(AbstractAutowireCapableBeanFactory.java:1231) ~[spring-beans-7.0.7.jar:7.0.7]
	at org.springframework.beans.factory.support.AbstractAutowireCapableBeanFactory.doCreateBean(AbstractAutowireCapableBeanFactory.java:565) ~[spring-beans-7.0.7.jar:7.0.7]
	at org.springframework.beans.factory.support.AbstractAutowireCapableBeanFactory.createBean(AbstractAutowireCapableBeanFactory.java:525) ~[spring-beans-7.0.7.jar:7.0.7]
	at org.springframework.beans.factory.support.AbstractBeanFactory.lambda$doGetBean$0(AbstractBeanFactory.java:333) ~[spring-beans-7.0.7.jar:7.0.7]
	at org.springframework.beans.factory.support.DefaultSingletonBeanRegistry.getSingleton(DefaultSingletonBeanRegistry.java:371) ~[spring-beans-7.0.7.jar:7.0.7]
	at org.springframework.beans.factory.support.AbstractBeanFactory.doGetBean(AbstractBeanFactory.java:331) ~[spring-beans-7.0.7.jar:7.0.7]
	at org.springframework.beans.factory.support.AbstractBeanFactory.getBean(AbstractBeanFactory.java:201) ~[spring-beans-7.0.7.jar:7.0.7]
	at org.springframework.beans.factory.config.DependencyDescriptor.resolveCandidate(DependencyDescriptor.java:229) ~[spring-beans-7.0.7.jar:7.0.7]
	at org.springframework.beans.factory.support.DefaultListableBeanFactory.doResolveDependency(DefaultListableBeanFactory.java:1762) ~[spring-beans-7.0.7.jar:7.0.7]
	at org.springframework.beans.factory.support.DefaultListableBeanFactory.resolveDependency(DefaultListableBeanFactory.java:1651) ~[spring-beans-7.0.7.jar:7.0.7]
	at org.springframework.beans.factory.annotation.AutowiredAnnotationBeanPostProcessor$AutowiredFieldElement.resolveFieldValue(AutowiredAnnotationBeanPostProcessor.java:764) ~[spring-beans-7.0.7.jar:7.0.7]
	... 25 common frames omitted
Caused by: org.springframework.beans.BeanInstantiationException: Failed to instantiate [com.vedant.SpringSecurity.service.UserService]: Constructor threw exception
	at org.springframework.beans.BeanUtils.instantiateClass(BeanUtils.java:220) ~[spring-beans-7.0.7.jar:7.0.7]
	at org.springframework.beans.factory.support.SimpleInstantiationStrategy.instantiate(SimpleInstantiationStrategy.java:106) ~[spring-beans-7.0.7.jar:7.0.7]
	at org.springframework.beans.factory.support.AbstractAutowireCapableBeanFactory.instantiateBean(AbstractAutowireCapableBeanFactory.java:1338) ~[spring-beans-7.0.7.jar:7.0.7]
	... 36 common frames omitted
Caused by: java.lang.Error: Unresolved compilation problems: 
	Duplicate modifier for the field encoder
	The method generateToken() is undefined for the type UserService

	at com.vedant.SpringSecurity.service.UserService.<init>(UserService.java:22) ~[classes/:na]
	at java.base/jdk.internal.reflect.DirectConstructorHandleAccessor.newInstance(DirectConstructorHandleAccessor.java:62) ~[na:na]
	at java.base/java.lang.reflect.Constructor.newInstanceWithCaller(Constructor.java:499) ~[na:na]
	at java.base/java.lang.reflect.Constructor.newInstance(Constructor.java:483) ~[na:na]
	at org.springframework.beans.BeanUtils.instantiateClass(BeanUtils.java:194) ~[spring-beans-7.0.7.jar:7.0.7]
	... 38 common frames omitted


  .   ____          _            __ _ _
 /\\ / ___'_ __ _ _(_)_ __  __ _ \ \ \ \
( ( )\___ | '_ | '_| | '_ \/ _` | \ \ \ \
 \\/  ___)| |_)| | | | | || (_| |  ) ) ) )
  '  |____| .__|_| |_|_| |_\__, | / / / /
 =========|_|==============|___/=/_/_/_/

 :: Spring Boot ::                (v4.0.6)

2026-05-03T22:37:39.883+05:30  INFO 24624 --- [SpringSecurity] [  restartedMain] c.v.S.SpringSecurityApplication          : Starting SpringSecurityApplication using Java 25.0.2 with PID 24624 (D:\Git Hub Project\FCT-JAVA\Advance Java\SpringBoot\Spring Boot Security\SpringSecurity\target\classes started by Arnav Gade in D:\Git Hub Project\FCT-JAVA\Advance Java\SpringBoot\Spring Boot Security\SpringSecurity)
2026-05-03T22:37:39.883+05:30  INFO 24624 --- [SpringSecurity] [  restartedMain] c.v.S.SpringSecurityApplication          : No active profile set, falling back to 1 default profile: "default"
2026-05-03T22:37:40.511+05:30  INFO 24624 --- [SpringSecurity] [  restartedMain] .s.d.r.c.RepositoryConfigurationDelegate : Bootstrapping Spring Data JPA repositories in DEFAULT mode.
2026-05-03T22:37:40.526+05:30  INFO 24624 --- [SpringSecurity] [  restartedMain] .s.d.r.c.RepositoryConfigurationDelegate : Finished Spring Data repository scanning in 13 ms. Found 1 JPA repository interface.
2026-05-03T22:37:40.824+05:30  INFO 24624 --- [SpringSecurity] [  restartedMain] o.s.boot.tomcat.TomcatWebServer          : Tomcat initialized with port 8083 (http)
2026-05-03T22:37:40.826+05:30  INFO 24624 --- [SpringSecurity] [  restartedMain] o.apache.catalina.core.StandardService   : Starting service [Tomcat]
2026-05-03T22:37:40.826+05:30  INFO 24624 --- [SpringSecurity] [  restartedMain] o.apache.catalina.core.StandardEngine    : Starting Servlet engine: [Apache Tomcat/11.0.21]
2026-05-03T22:37:40.902+05:30  INFO 24624 --- [SpringSecurity] [  restartedMain] b.w.c.s.WebApplicationContextInitializer : Root WebApplicationContext: initialization completed in 1018 ms
2026-05-03T22:37:41.159+05:30  INFO 24624 --- [SpringSecurity] [  restartedMain] org.hibernate.orm.jpa                    : HHH008540: Processing PersistenceUnitInfo [name: default]
2026-05-03T22:37:41.272+05:30  INFO 24624 --- [SpringSecurity] [  restartedMain] o.s.o.j.p.SpringPersistenceUnitInfo      : No LoadTimeWeaver setup: ignoring JPA class transformer
2026-05-03T22:37:41.273+05:30  INFO 24624 --- [SpringSecurity] [  restartedMain] com.zaxxer.hikari.HikariDataSource       : HikariPool-46 - Starting...
2026-05-03T22:37:41.298+05:30  INFO 24624 --- [SpringSecurity] [  restartedMain] com.zaxxer.hikari.pool.HikariPool        : HikariPool-46 - Added connection com.mysql.cj.jdbc.ConnectionImpl@394d7ae7
2026-05-03T22:37:41.298+05:30  INFO 24624 --- [SpringSecurity] [  restartedMain] com.zaxxer.hikari.HikariDataSource       : HikariPool-46 - Start completed.
2026-05-03T22:37:41.300+05:30  INFO 24624 --- [SpringSecurity] [  restartedMain] org.hibernate.orm.connections.pooling    : HHH10001005: Database info:
	Database JDBC URL [jdbc:mysql://localhost:3306/springsecurity]
	Database driver: MySQL Connector/J
	Database dialect: MySQLDialect
	Database version: 8.0.42
	Default catalog/schema: springsecurity/undefined
	Autocommit mode: undefined/unknown
	Isolation level: REPEATABLE_READ [default REPEATABLE_READ]
	JDBC fetch size: none
	Pool: DataSourceConnectionProvider
	Minimum pool size: undefined/unknown
	Maximum pool size: undefined/unknown
2026-05-03T22:37:41.382+05:30  INFO 24624 --- [SpringSecurity] [  restartedMain] org.hibernate.orm.core                   : HHH000489: No JTA platform available (set 'hibernate.transaction.jta.platform' to enable JTA platform integration)
2026-05-03T22:37:41.484+05:30  INFO 24624 --- [SpringSecurity] [  restartedMain] j.LocalContainerEntityManagerFactoryBean : Initialized JPA EntityManagerFactory for persistence unit 'default'
2026-05-03T22:37:41.596+05:30  INFO 24624 --- [SpringSecurity] [  restartedMain] eAuthenticationProviderManagerConfigurer : Global AuthenticationManager configured with AuthenticationProvider bean with name authenticationProvider
2026-05-03T22:37:41.598+05:30  WARN 24624 --- [SpringSecurity] [  restartedMain] r$InitializeUserDetailsManagerConfigurer : Global AuthenticationManager configured with an AuthenticationProvider bean. UserDetailsService beans will not be used by Spring Security for automatically configuring username/password login. Consider removing the AuthenticationProvider bean. Alternatively, consider using the UserDetailsService in a manually instantiated DaoAuthenticationProvider. If the current configuration is intentional, to turn off this warning, increase the logging level of 'org.springframework.security.config.annotation.authentication.configuration.InitializeUserDetailsBeanManagerConfigurer' to ERROR
2026-05-03T22:37:41.623+05:30  WARN 24624 --- [SpringSecurity] [  restartedMain] JpaBaseConfiguration$JpaWebConfiguration : spring.jpa.open-in-view is enabled by default. Therefore, database queries may be performed during view rendering. Explicitly configure spring.jpa.open-in-view to disable this warning
2026-05-03T22:37:41.913+05:30  INFO 24624 --- [SpringSecurity] [  restartedMain] o.s.boot.tomcat.TomcatWebServer          : Tomcat started on port 8083 (http) with context path '/'
2026-05-03T22:37:41.916+05:30  INFO 24624 --- [SpringSecurity] [  restartedMain] c.v.S.SpringSecurityApplication          : Started SpringSecurityApplication in 2.051 seconds (process running for 15577.856)
2026-05-03T22:37:41.921+05:30  INFO 24624 --- [SpringSecurity] [  restartedMain] .ConditionEvaluationDeltaLoggingListener : Condition evaluation unchanged
2026-05-03T22:38:08.691+05:30  INFO 24624 --- [SpringSecurity] [   File Watcher] rtingClassPathChangeChangedEventListener : Restarting due to 1 class path change (0 additions, 0 deletions, 1 modification)
2026-05-03T22:38:08.706+05:30  INFO 24624 --- [SpringSecurity] [     Thread-161] o.s.boot.tomcat.GracefulShutdown         : Commencing graceful shutdown. Waiting for active requests to complete
2026-05-03T22:38:08.732+05:30  INFO 24624 --- [SpringSecurity] [tomcat-shutdown] o.s.boot.tomcat.GracefulShutdown         : Graceful shutdown complete
2026-05-03T22:38:08.750+05:30  INFO 24624 --- [SpringSecurity] [     Thread-161] j.LocalContainerEntityManagerFactoryBean : Closing JPA EntityManagerFactory for persistence unit 'default'
2026-05-03T22:38:08.755+05:30  INFO 24624 --- [SpringSecurity] [     Thread-161] com.zaxxer.hikari.HikariDataSource       : HikariPool-46 - Shutdown initiated...
2026-05-03T22:38:08.765+05:30  INFO 24624 --- [SpringSecurity] [     Thread-161] com.zaxxer.hikari.HikariDataSource       : HikariPool-46 - Shutdown completed.

  .   ____          _            __ _ _
 /\\ / ___'_ __ _ _(_)_ __  __ _ \ \ \ \
( ( )\___ | '_ | '_| | '_ \/ _` | \ \ \ \
 \\/  ___)| |_)| | | | | || (_| |  ) ) ) )
  '  |____| .__|_| |_|_| |_\__, | / / / /
 =========|_|==============|___/=/_/_/_/

 :: Spring Boot ::                (v4.0.6)

2026-05-03T22:38:08.946+05:30  INFO 24624 --- [SpringSecurity] [  restartedMain] c.v.S.SpringSecurityApplication          : Starting SpringSecurityApplication using Java 25.0.2 with PID 24624 (D:\Git Hub Project\FCT-JAVA\Advance Java\SpringBoot\Spring Boot Security\SpringSecurity\target\classes started by Arnav Gade in D:\Git Hub Project\FCT-JAVA\Advance Java\SpringBoot\Spring Boot Security\SpringSecurity)
2026-05-03T22:38:08.946+05:30  INFO 24624 --- [SpringSecurity] [  restartedMain] c.v.S.SpringSecurityApplication          : No active profile set, falling back to 1 default profile: "default"
2026-05-03T22:38:09.300+05:30  INFO 24624 --- [SpringSecurity] [  restartedMain] .s.d.r.c.RepositoryConfigurationDelegate : Bootstrapping Spring Data JPA repositories in DEFAULT mode.
2026-05-03T22:38:09.310+05:30  INFO 24624 --- [SpringSecurity] [  restartedMain] .s.d.r.c.RepositoryConfigurationDelegate : Finished Spring Data repository scanning in 9 ms. Found 1 JPA repository interface.
2026-05-03T22:38:09.650+05:30  INFO 24624 --- [SpringSecurity] [  restartedMain] o.s.boot.tomcat.TomcatWebServer          : Tomcat initialized with port 8083 (http)
2026-05-03T22:38:09.651+05:30  INFO 24624 --- [SpringSecurity] [  restartedMain] o.apache.catalina.core.StandardService   : Starting service [Tomcat]
2026-05-03T22:38:09.651+05:30  INFO 24624 --- [SpringSecurity] [  restartedMain] o.apache.catalina.core.StandardEngine    : Starting Servlet engine: [Apache Tomcat/11.0.21]
2026-05-03T22:38:09.720+05:30  INFO 24624 --- [SpringSecurity] [  restartedMain] b.w.c.s.WebApplicationContextInitializer : Root WebApplicationContext: initialization completed in 770 ms
2026-05-03T22:38:09.802+05:30  INFO 24624 --- [SpringSecurity] [  restartedMain] org.hibernate.orm.jpa                    : HHH008540: Processing PersistenceUnitInfo [name: default]
2026-05-03T22:38:09.906+05:30  INFO 24624 --- [SpringSecurity] [  restartedMain] o.s.o.j.p.SpringPersistenceUnitInfo      : No LoadTimeWeaver setup: ignoring JPA class transformer
2026-05-03T22:38:09.907+05:30  INFO 24624 --- [SpringSecurity] [  restartedMain] com.zaxxer.hikari.HikariDataSource       : HikariPool-47 - Starting...
2026-05-03T22:38:09.975+05:30  INFO 24624 --- [SpringSecurity] [  restartedMain] com.zaxxer.hikari.pool.HikariPool        : HikariPool-47 - Added connection com.mysql.cj.jdbc.ConnectionImpl@27fbb15
2026-05-03T22:38:09.975+05:30  INFO 24624 --- [SpringSecurity] [  restartedMain] com.zaxxer.hikari.HikariDataSource       : HikariPool-47 - Start completed.
2026-05-03T22:38:09.981+05:30  INFO 24624 --- [SpringSecurity] [  restartedMain] org.hibernate.orm.connections.pooling    : HHH10001005: Database info:
	Database JDBC URL [jdbc:mysql://localhost:3306/springsecurity]
	Database driver: MySQL Connector/J
	Database dialect: MySQLDialect
	Database version: 8.0.42
	Default catalog/schema: springsecurity/undefined
	Autocommit mode: undefined/unknown
	Isolation level: REPEATABLE_READ [default REPEATABLE_READ]
	JDBC fetch size: none
	Pool: DataSourceConnectionProvider
	Minimum pool size: undefined/unknown
	Maximum pool size: undefined/unknown
2026-05-03T22:38:10.110+05:30  INFO 24624 --- [SpringSecurity] [  restartedMain] org.hibernate.orm.core                   : HHH000489: No JTA platform available (set 'hibernate.transaction.jta.platform' to enable JTA platform integration)
2026-05-03T22:38:10.193+05:30  INFO 24624 --- [SpringSecurity] [  restartedMain] j.LocalContainerEntityManagerFactoryBean : Initialized JPA EntityManagerFactory for persistence unit 'default'
2026-05-03T22:38:10.679+05:30  INFO 24624 --- [SpringSecurity] [  restartedMain] eAuthenticationProviderManagerConfigurer : Global AuthenticationManager configured with AuthenticationProvider bean with name authenticationProvider
2026-05-03T22:38:10.679+05:30  WARN 24624 --- [SpringSecurity] [  restartedMain] r$InitializeUserDetailsManagerConfigurer : Global AuthenticationManager configured with an AuthenticationProvider bean. UserDetailsService beans will not be used by Spring Security for automatically configuring username/password login. Consider removing the AuthenticationProvider bean. Alternatively, consider using the UserDetailsService in a manually instantiated DaoAuthenticationProvider. If the current configuration is intentional, to turn off this warning, increase the logging level of 'org.springframework.security.config.annotation.authentication.configuration.InitializeUserDetailsBeanManagerConfigurer' to ERROR
2026-05-03T22:38:10.739+05:30  WARN 24624 --- [SpringSecurity] [  restartedMain] JpaBaseConfiguration$JpaWebConfiguration : spring.jpa.open-in-view is enabled by default. Therefore, database queries may be performed during view rendering. Explicitly configure spring.jpa.open-in-view to disable this warning
2026-05-03T22:38:11.020+05:30  INFO 24624 --- [SpringSecurity] [  restartedMain] o.s.boot.tomcat.TomcatWebServer          : Tomcat started on port 8083 (http) with context path '/'
2026-05-03T22:38:11.025+05:30  INFO 24624 --- [SpringSecurity] [  restartedMain] c.v.S.SpringSecurityApplication          : Started SpringSecurityApplication in 2.103 seconds (process running for 15606.964)
2026-05-03T22:38:11.031+05:30  INFO 24624 --- [SpringSecurity] [  restartedMain] .ConditionEvaluationDeltaLoggingListener : Condition evaluation unchanged
2026-05-03T22:38:34.436+05:30  INFO 24624 --- [SpringSecurity] [   File Watcher] rtingClassPathChangeChangedEventListener : Restarting due to 2 class path changes (0 additions, 0 deletions, 2 modifications)
2026-05-03T22:38:34.475+05:30  INFO 24624 --- [SpringSecurity] [     Thread-168] o.s.boot.tomcat.GracefulShutdown         : Commencing graceful shutdown. Waiting for active requests to complete
2026-05-03T22:38:34.614+05:30  INFO 24624 --- [SpringSecurity] [tomcat-shutdown] o.s.boot.tomcat.GracefulShutdown         : Graceful shutdown complete
2026-05-03T22:38:34.632+05:30  INFO 24624 --- [SpringSecurity] [     Thread-168] j.LocalContainerEntityManagerFactoryBean : Closing JPA EntityManagerFactory for persistence unit 'default'
2026-05-03T22:38:34.638+05:30  INFO 24624 --- [SpringSecurity] [     Thread-168] com.zaxxer.hikari.HikariDataSource       : HikariPool-47 - Shutdown initiated...
2026-05-03T22:38:34.655+05:30  INFO 24624 --- [SpringSecurity] [     Thread-168] com.zaxxer.hikari.HikariDataSource       : HikariPool-47 - Shutdown completed.

  .   ____          _            __ _ _
 /\\ / ___'_ __ _ _(_)_ __  __ _ \ \ \ \
( ( )\___ | '_ | '_| | '_ \/ _` | \ \ \ \
 \\/  ___)| |_)| | | | | || (_| |  ) ) ) )
  '  |____| .__|_| |_|_| |_\__, | / / / /
 =========|_|==============|___/=/_/_/_/

 :: Spring Boot ::                (v4.0.6)

2026-05-03T22:38:34.998+05:30  INFO 24624 --- [SpringSecurity] [  restartedMain] c.v.S.SpringSecurityApplication          : Starting SpringSecurityApplication using Java 25.0.2 with PID 24624 (D:\Git Hub Project\FCT-JAVA\Advance Java\SpringBoot\Spring Boot Security\SpringSecurity\target\classes started by Arnav Gade in D:\Git Hub Project\FCT-JAVA\Advance Java\SpringBoot\Spring Boot Security\SpringSecurity)
2026-05-03T22:38:35.005+05:30  INFO 24624 --- [SpringSecurity] [  restartedMain] c.v.S.SpringSecurityApplication          : No active profile set, falling back to 1 default profile: "default"
2026-05-03T22:38:35.619+05:30  INFO 24624 --- [SpringSecurity] [  restartedMain] .s.d.r.c.RepositoryConfigurationDelegate : Bootstrapping Spring Data JPA repositories in DEFAULT mode.
2026-05-03T22:38:35.647+05:30  INFO 24624 --- [SpringSecurity] [  restartedMain] .s.d.r.c.RepositoryConfigurationDelegate : Finished Spring Data repository scanning in 23 ms. Found 1 JPA repository interface.
2026-05-03T22:38:36.056+05:30  INFO 24624 --- [SpringSecurity] [  restartedMain] o.s.boot.tomcat.TomcatWebServer          : Tomcat initialized with port 8083 (http)
2026-05-03T22:38:36.057+05:30  INFO 24624 --- [SpringSecurity] [  restartedMain] o.apache.catalina.core.StandardService   : Starting service [Tomcat]
2026-05-03T22:38:36.057+05:30  INFO 24624 --- [SpringSecurity] [  restartedMain] o.apache.catalina.core.StandardEngine    : Starting Servlet engine: [Apache Tomcat/11.0.21]
2026-05-03T22:38:36.194+05:30  INFO 24624 --- [SpringSecurity] [  restartedMain] b.w.c.s.WebApplicationContextInitializer : Root WebApplicationContext: initialization completed in 1168 ms
2026-05-03T22:38:36.393+05:30  INFO 24624 --- [SpringSecurity] [  restartedMain] org.hibernate.orm.jpa                    : HHH008540: Processing PersistenceUnitInfo [name: default]
2026-05-03T22:38:36.500+05:30  INFO 24624 --- [SpringSecurity] [  restartedMain] o.s.o.j.p.SpringPersistenceUnitInfo      : No LoadTimeWeaver setup: ignoring JPA class transformer
2026-05-03T22:38:36.501+05:30  INFO 24624 --- [SpringSecurity] [  restartedMain] com.zaxxer.hikari.HikariDataSource       : HikariPool-48 - Starting...
2026-05-03T22:38:36.613+05:30  INFO 24624 --- [SpringSecurity] [  restartedMain] com.zaxxer.hikari.pool.HikariPool        : HikariPool-48 - Added connection com.mysql.cj.jdbc.ConnectionImpl@18766415
2026-05-03T22:38:36.613+05:30  INFO 24624 --- [SpringSecurity] [  restartedMain] com.zaxxer.hikari.HikariDataSource       : HikariPool-48 - Start completed.
2026-05-03T22:38:36.688+05:30  INFO 24624 --- [SpringSecurity] [  restartedMain] org.hibernate.orm.connections.pooling    : HHH10001005: Database info:
	Database JDBC URL [jdbc:mysql://localhost:3306/springsecurity]
	Database driver: MySQL Connector/J
	Database dialect: MySQLDialect
	Database version: 8.0.42
	Default catalog/schema: springsecurity/undefined
	Autocommit mode: undefined/unknown
	Isolation level: REPEATABLE_READ [default REPEATABLE_READ]
	JDBC fetch size: none
	Pool: DataSourceConnectionProvider
	Minimum pool size: undefined/unknown
	Maximum pool size: undefined/unknown
2026-05-03T22:38:37.274+05:30  INFO 24624 --- [SpringSecurity] [  restartedMain] org.hibernate.orm.core                   : HHH000489: No JTA platform available (set 'hibernate.transaction.jta.platform' to enable JTA platform integration)
2026-05-03T22:38:37.423+05:30  INFO 24624 --- [SpringSecurity] [  restartedMain] j.LocalContainerEntityManagerFactoryBean : Initialized JPA EntityManagerFactory for persistence unit 'default'
2026-05-03T22:38:37.753+05:30  INFO 24624 --- [SpringSecurity] [  restartedMain] eAuthenticationProviderManagerConfigurer : Global AuthenticationManager configured with AuthenticationProvider bean with name authenticationProvider
2026-05-03T22:38:37.754+05:30  WARN 24624 --- [SpringSecurity] [  restartedMain] r$InitializeUserDetailsManagerConfigurer : Global AuthenticationManager configured with an AuthenticationProvider bean. UserDetailsService beans will not be used by Spring Security for automatically configuring username/password login. Consider removing the AuthenticationProvider bean. Alternatively, consider using the UserDetailsService in a manually instantiated DaoAuthenticationProvider. If the current configuration is intentional, to turn off this warning, increase the logging level of 'org.springframework.security.config.annotation.authentication.configuration.InitializeUserDetailsBeanManagerConfigurer' to ERROR
2026-05-03T22:38:37.779+05:30  WARN 24624 --- [SpringSecurity] [  restartedMain] JpaBaseConfiguration$JpaWebConfiguration : spring.jpa.open-in-view is enabled by default. Therefore, database queries may be performed during view rendering. Explicitly configure spring.jpa.open-in-view to disable this warning
2026-05-03T22:38:38.033+05:30  INFO 24624 --- [SpringSecurity] [  restartedMain] o.s.boot.tomcat.TomcatWebServer          : Tomcat started on port 8083 (http) with context path '/'
2026-05-03T22:38:38.035+05:30  INFO 24624 --- [SpringSecurity] [  restartedMain] c.v.S.SpringSecurityApplication          : Started SpringSecurityApplication in 3.147 seconds (process running for 15633.975)
2026-05-03T22:38:38.036+05:30  INFO 24624 --- [SpringSecurity] [  restartedMain] .ConditionEvaluationDeltaLoggingListener : Condition evaluation unchanged
2026-05-03T22:42:00.863+05:30  INFO 24624 --- [SpringSecurity] [   File Watcher] rtingClassPathChangeChangedEventListener : Restarting due to 1 class path change (0 additions, 0 deletions, 1 modification)
2026-05-03T22:42:01.749+05:30  INFO 24624 --- [SpringSecurity] [     Thread-172] o.s.boot.tomcat.GracefulShutdown         : Commencing graceful shutdown. Waiting for active requests to complete
2026-05-03T22:42:02.009+05:30  INFO 24624 --- [SpringSecurity] [tomcat-shutdown] o.s.boot.tomcat.GracefulShutdown         : Graceful shutdown complete
2026-05-03T22:42:02.336+05:30  INFO 24624 --- [SpringSecurity] [     Thread-172] j.LocalContainerEntityManagerFactoryBean : Closing JPA EntityManagerFactory for persistence unit 'default'
2026-05-03T22:42:03.246+05:30  INFO 24624 --- [SpringSecurity] [     Thread-172] com.zaxxer.hikari.HikariDataSource       : HikariPool-48 - Shutdown initiated...
2026-05-03T22:42:03.768+05:30  INFO 24624 --- [SpringSecurity] [     Thread-172] com.zaxxer.hikari.HikariDataSource       : HikariPool-48 - Shutdown completed.

  .   ____          _            __ _ _
 /\\ / ___'_ __ _ _(_)_ __  __ _ \ \ \ \
( ( )\___ | '_ | '_| | '_ \/ _` | \ \ \ \
 \\/  ___)| |_)| | | | | || (_| |  ) ) ) )
  '  |____| .__|_| |_|_| |_\__, | / / / /
 =========|_|==============|___/=/_/_/_/

 :: Spring Boot ::                (v4.0.6)

2026-05-03T22:42:05.167+05:30  INFO 24624 --- [SpringSecurity] [  restartedMain] c.v.S.SpringSecurityApplication          : Starting SpringSecurityApplication using Java 25.0.2 with PID 24624 (D:\Git Hub Project\FCT-JAVA\Advance Java\SpringBoot\Spring Boot Security\SpringSecurity\target\classes started by Arnav Gade in D:\Git Hub Project\FCT-JAVA\Advance Java\SpringBoot\Spring Boot Security\SpringSecurity)
2026-05-03T22:42:05.168+05:30  INFO 24624 --- [SpringSecurity] [  restartedMain] c.v.S.SpringSecurityApplication          : No active profile set, falling back to 1 default profile: "default"
2026-05-03T22:42:06.211+05:30  INFO 24624 --- [SpringSecurity] [  restartedMain] .s.d.r.c.RepositoryConfigurationDelegate : Bootstrapping Spring Data JPA repositories in DEFAULT mode.
2026-05-03T22:42:06.342+05:30  INFO 24624 --- [SpringSecurity] [  restartedMain] .s.d.r.c.RepositoryConfigurationDelegate : Finished Spring Data repository scanning in 79 ms. Found 1 JPA repository interface.
2026-05-03T22:42:07.609+05:30  INFO 24624 --- [SpringSecurity] [  restartedMain] o.s.boot.tomcat.TomcatWebServer          : Tomcat initialized with port 8083 (http)
2026-05-03T22:42:07.617+05:30  INFO 24624 --- [SpringSecurity] [  restartedMain] o.apache.catalina.core.StandardService   : Starting service [Tomcat]
2026-05-03T22:42:07.617+05:30  INFO 24624 --- [SpringSecurity] [  restartedMain] o.apache.catalina.core.StandardEngine    : Starting Servlet engine: [Apache Tomcat/11.0.21]
2026-05-03T22:42:07.660+05:30  INFO 24624 --- [SpringSecurity] [  restartedMain] b.w.c.s.WebApplicationContextInitializer : Root WebApplicationContext: initialization completed in 2478 ms
2026-05-03T22:42:07.767+05:30  INFO 24624 --- [SpringSecurity] [  restartedMain] org.hibernate.orm.jpa                    : HHH008540: Processing PersistenceUnitInfo [name: default]
2026-05-03T22:42:07.840+05:30  INFO 24624 --- [SpringSecurity] [  restartedMain] o.s.o.j.p.SpringPersistenceUnitInfo      : No LoadTimeWeaver setup: ignoring JPA class transformer
2026-05-03T22:42:07.841+05:30  INFO 24624 --- [SpringSecurity] [  restartedMain] com.zaxxer.hikari.HikariDataSource       : HikariPool-49 - Starting...
2026-05-03T22:42:07.880+05:30  INFO 24624 --- [SpringSecurity] [  restartedMain] com.zaxxer.hikari.pool.HikariPool        : HikariPool-49 - Added connection com.mysql.cj.jdbc.ConnectionImpl@539fd312
2026-05-03T22:42:07.880+05:30  INFO 24624 --- [SpringSecurity] [  restartedMain] com.zaxxer.hikari.HikariDataSource       : HikariPool-49 - Start completed.
2026-05-03T22:42:07.884+05:30  INFO 24624 --- [SpringSecurity] [  restartedMain] org.hibernate.orm.connections.pooling    : HHH10001005: Database info:
	Database JDBC URL [jdbc:mysql://localhost:3306/springsecurity]
	Database driver: MySQL Connector/J
	Database dialect: MySQLDialect
	Database version: 8.0.42
	Default catalog/schema: springsecurity/undefined
	Autocommit mode: undefined/unknown
	Isolation level: REPEATABLE_READ [default REPEATABLE_READ]
	JDBC fetch size: none
	Pool: DataSourceConnectionProvider
	Minimum pool size: undefined/unknown
	Maximum pool size: undefined/unknown
2026-05-03T22:42:08.002+05:30  INFO 24624 --- [SpringSecurity] [  restartedMain] org.hibernate.orm.core                   : HHH000489: No JTA platform available (set 'hibernate.transaction.jta.platform' to enable JTA platform integration)
2026-05-03T22:42:08.055+05:30  INFO 24624 --- [SpringSecurity] [  restartedMain] j.LocalContainerEntityManagerFactoryBean : Initialized JPA EntityManagerFactory for persistence unit 'default'
2026-05-03T22:42:08.224+05:30  INFO 24624 --- [SpringSecurity] [  restartedMain] eAuthenticationProviderManagerConfigurer : Global AuthenticationManager configured with AuthenticationProvider bean with name authenticationProvider
2026-05-03T22:42:08.224+05:30  WARN 24624 --- [SpringSecurity] [  restartedMain] r$InitializeUserDetailsManagerConfigurer : Global AuthenticationManager configured with an AuthenticationProvider bean. UserDetailsService beans will not be used by Spring Security for automatically configuring username/password login. Consider removing the AuthenticationProvider bean. Alternatively, consider using the UserDetailsService in a manually instantiated DaoAuthenticationProvider. If the current configuration is intentional, to turn off this warning, increase the logging level of 'org.springframework.security.config.annotation.authentication.configuration.InitializeUserDetailsBeanManagerConfigurer' to ERROR
2026-05-03T22:42:08.246+05:30  WARN 24624 --- [SpringSecurity] [  restartedMain] JpaBaseConfiguration$JpaWebConfiguration : spring.jpa.open-in-view is enabled by default. Therefore, database queries may be performed during view rendering. Explicitly configure spring.jpa.open-in-view to disable this warning
2026-05-03T22:42:08.425+05:30  INFO 24624 --- [SpringSecurity] [  restartedMain] o.s.boot.tomcat.TomcatWebServer          : Tomcat started on port 8083 (http) with context path '/'
2026-05-03T22:42:08.427+05:30  INFO 24624 --- [SpringSecurity] [  restartedMain] c.v.S.SpringSecurityApplication          : Started SpringSecurityApplication in 3.352 seconds (process running for 15844.367)
2026-05-03T22:42:08.428+05:30  INFO 24624 --- [SpringSecurity] [  restartedMain] .ConditionEvaluationDeltaLoggingListener : Condition evaluation unchanged
2026-05-03T22:42:22.319+05:30  INFO 24624 --- [SpringSecurity] [   File Watcher] rtingClassPathChangeChangedEventListener : Restarting due to 1 class path change (0 additions, 0 deletions, 1 modification)
2026-05-03T22:42:22.344+05:30  INFO 24624 --- [SpringSecurity] [     Thread-176] o.s.boot.tomcat.GracefulShutdown         : Commencing graceful shutdown. Waiting for active requests to complete
2026-05-03T22:42:22.369+05:30  INFO 24624 --- [SpringSecurity] [tomcat-shutdown] o.s.boot.tomcat.GracefulShutdown         : Graceful shutdown complete
2026-05-03T22:42:22.372+05:30  INFO 24624 --- [SpringSecurity] [     Thread-176] j.LocalContainerEntityManagerFactoryBean : Closing JPA EntityManagerFactory for persistence unit 'default'
2026-05-03T22:42:22.375+05:30  INFO 24624 --- [SpringSecurity] [     Thread-176] com.zaxxer.hikari.HikariDataSource       : HikariPool-49 - Shutdown initiated...
2026-05-03T22:42:22.389+05:30  INFO 24624 --- [SpringSecurity] [     Thread-176] com.zaxxer.hikari.HikariDataSource       : HikariPool-49 - Shutdown completed.

  .   ____          _            __ _ _
 /\\ / ___'_ __ _ _(_)_ __  __ _ \ \ \ \
( ( )\___ | '_ | '_| | '_ \/ _` | \ \ \ \
 \\/  ___)| |_)| | | | | || (_| |  ) ) ) )
  '  |____| .__|_| |_|_| |_\__, | / / / /
 =========|_|==============|___/=/_/_/_/

 :: Spring Boot ::                (v4.0.6)

2026-05-03T22:42:22.580+05:30  INFO 24624 --- [SpringSecurity] [  restartedMain] c.v.S.SpringSecurityApplication          : Starting SpringSecurityApplication using Java 25.0.2 with PID 24624 (D:\Git Hub Project\FCT-JAVA\Advance Java\SpringBoot\Spring Boot Security\SpringSecurity\target\classes started by Arnav Gade in D:\Git Hub Project\FCT-JAVA\Advance Java\SpringBoot\Spring Boot Security\SpringSecurity)
2026-05-03T22:42:22.580+05:30  INFO 24624 --- [SpringSecurity] [  restartedMain] c.v.S.SpringSecurityApplication          : No active profile set, falling back to 1 default profile: "default"
2026-05-03T22:42:23.610+05:30  INFO 24624 --- [SpringSecurity] [  restartedMain] .s.d.r.c.RepositoryConfigurationDelegate : Bootstrapping Spring Data JPA repositories in DEFAULT mode.
2026-05-03T22:42:23.642+05:30  INFO 24624 --- [SpringSecurity] [  restartedMain] .s.d.r.c.RepositoryConfigurationDelegate : Finished Spring Data repository scanning in 24 ms. Found 1 JPA repository interface.
2026-05-03T22:42:24.120+05:30  INFO 24624 --- [SpringSecurity] [  restartedMain] o.s.boot.tomcat.TomcatWebServer          : Tomcat initialized with port 8083 (http)
2026-05-03T22:42:24.122+05:30  INFO 24624 --- [SpringSecurity] [  restartedMain] o.apache.catalina.core.StandardService   : Starting service [Tomcat]
2026-05-03T22:42:24.123+05:30  INFO 24624 --- [SpringSecurity] [  restartedMain] o.apache.catalina.core.StandardEngine    : Starting Servlet engine: [Apache Tomcat/11.0.21]
2026-05-03T22:42:24.171+05:30  INFO 24624 --- [SpringSecurity] [  restartedMain] b.w.c.s.WebApplicationContextInitializer : Root WebApplicationContext: initialization completed in 1588 ms
2026-05-03T22:42:24.269+05:30  INFO 24624 --- [SpringSecurity] [  restartedMain] org.hibernate.orm.jpa                    : HHH008540: Processing PersistenceUnitInfo [name: default]
2026-05-03T22:42:24.371+05:30  INFO 24624 --- [SpringSecurity] [  restartedMain] o.s.o.j.p.SpringPersistenceUnitInfo      : No LoadTimeWeaver setup: ignoring JPA class transformer
2026-05-03T22:42:24.372+05:30  INFO 24624 --- [SpringSecurity] [  restartedMain] com.zaxxer.hikari.HikariDataSource       : HikariPool-50 - Starting...
2026-05-03T22:42:24.397+05:30  INFO 24624 --- [SpringSecurity] [  restartedMain] com.zaxxer.hikari.pool.HikariPool        : HikariPool-50 - Added connection com.mysql.cj.jdbc.ConnectionImpl@79c92a66
2026-05-03T22:42:24.397+05:30  INFO 24624 --- [SpringSecurity] [  restartedMain] com.zaxxer.hikari.HikariDataSource       : HikariPool-50 - Start completed.
2026-05-03T22:42:24.401+05:30  INFO 24624 --- [SpringSecurity] [  restartedMain] org.hibernate.orm.connections.pooling    : HHH10001005: Database info:
	Database JDBC URL [jdbc:mysql://localhost:3306/springsecurity]
	Database driver: MySQL Connector/J
	Database dialect: MySQLDialect
	Database version: 8.0.42
	Default catalog/schema: springsecurity/undefined
	Autocommit mode: undefined/unknown
	Isolation level: REPEATABLE_READ [default REPEATABLE_READ]
	JDBC fetch size: none
	Pool: DataSourceConnectionProvider
	Minimum pool size: undefined/unknown
	Maximum pool size: undefined/unknown
2026-05-03T22:42:24.464+05:30  INFO 24624 --- [SpringSecurity] [  restartedMain] org.hibernate.orm.core                   : HHH000489: No JTA platform available (set 'hibernate.transaction.jta.platform' to enable JTA platform integration)
2026-05-03T22:42:24.528+05:30  INFO 24624 --- [SpringSecurity] [  restartedMain] j.LocalContainerEntityManagerFactoryBean : Initialized JPA EntityManagerFactory for persistence unit 'default'
2026-05-03T22:42:24.594+05:30  INFO 24624 --- [SpringSecurity] [  restartedMain] eAuthenticationProviderManagerConfigurer : Global AuthenticationManager configured with AuthenticationProvider bean with name authenticationProvider
2026-05-03T22:42:24.595+05:30  WARN 24624 --- [SpringSecurity] [  restartedMain] r$InitializeUserDetailsManagerConfigurer : Global AuthenticationManager configured with an AuthenticationProvider bean. UserDetailsService beans will not be used by Spring Security for automatically configuring username/password login. Consider removing the AuthenticationProvider bean. Alternatively, consider using the UserDetailsService in a manually instantiated DaoAuthenticationProvider. If the current configuration is intentional, to turn off this warning, increase the logging level of 'org.springframework.security.config.annotation.authentication.configuration.InitializeUserDetailsBeanManagerConfigurer' to ERROR
2026-05-03T22:42:24.609+05:30  WARN 24624 --- [SpringSecurity] [  restartedMain] JpaBaseConfiguration$JpaWebConfiguration : spring.jpa.open-in-view is enabled by default. Therefore, database queries may be performed during view rendering. Explicitly configure spring.jpa.open-in-view to disable this warning
2026-05-03T22:42:24.771+05:30  INFO 24624 --- [SpringSecurity] [  restartedMain] o.s.boot.tomcat.TomcatWebServer          : Tomcat started on port 8083 (http) with context path '/'
2026-05-03T22:42:24.773+05:30  INFO 24624 --- [SpringSecurity] [  restartedMain] c.v.S.SpringSecurityApplication          : Started SpringSecurityApplication in 2.252 seconds (process running for 15860.713)
2026-05-03T22:42:24.774+05:30  INFO 24624 --- [SpringSecurity] [  restartedMain] .ConditionEvaluationDeltaLoggingListener : Condition evaluation unchanged
2026-05-03T22:43:42.363+05:30  INFO 24624 --- [SpringSecurity] [   File Watcher] rtingClassPathChangeChangedEventListener : Restarting due to 1 class path change (0 additions, 0 deletions, 1 modification)
2026-05-03T22:43:42.401+05:30  INFO 24624 --- [SpringSecurity] [     Thread-180] o.s.boot.tomcat.GracefulShutdown         : Commencing graceful shutdown. Waiting for active requests to complete
2026-05-03T22:43:42.595+05:30  INFO 24624 --- [SpringSecurity] [tomcat-shutdown] o.s.boot.tomcat.GracefulShutdown         : Graceful shutdown complete
2026-05-03T22:43:42.602+05:30  INFO 24624 --- [SpringSecurity] [     Thread-180] j.LocalContainerEntityManagerFactoryBean : Closing JPA EntityManagerFactory for persistence unit 'default'
2026-05-03T22:43:42.605+05:30  INFO 24624 --- [SpringSecurity] [     Thread-180] com.zaxxer.hikari.HikariDataSource       : HikariPool-50 - Shutdown initiated...
2026-05-03T22:43:42.641+05:30  INFO 24624 --- [SpringSecurity] [     Thread-180] com.zaxxer.hikari.HikariDataSource       : HikariPool-50 - Shutdown completed.

  .   ____          _            __ _ _
 /\\ / ___'_ __ _ _(_)_ __  __ _ \ \ \ \
( ( )\___ | '_ | '_| | '_ \/ _` | \ \ \ \
 \\/  ___)| |_)| | | | | || (_| |  ) ) ) )
  '  |____| .__|_| |_|_| |_\__, | / / / /
 =========|_|==============|___/=/_/_/_/

 :: Spring Boot ::                (v4.0.6)

2026-05-03T22:43:42.894+05:30  INFO 24624 --- [SpringSecurity] [  restartedMain] c.v.S.SpringSecurityApplication          : Starting SpringSecurityApplication using Java 25.0.2 with PID 24624 (D:\Git Hub Project\FCT-JAVA\Advance Java\SpringBoot\Spring Boot Security\SpringSecurity\target\classes started by Arnav Gade in D:\Git Hub Project\FCT-JAVA\Advance Java\SpringBoot\Spring Boot Security\SpringSecurity)
2026-05-03T22:43:42.895+05:30  INFO 24624 --- [SpringSecurity] [  restartedMain] c.v.S.SpringSecurityApplication          : No active profile set, falling back to 1 default profile: "default"
2026-05-03T22:43:43.686+05:30  INFO 24624 --- [SpringSecurity] [  restartedMain] .s.d.r.c.RepositoryConfigurationDelegate : Bootstrapping Spring Data JPA repositories in DEFAULT mode.
2026-05-03T22:43:43.722+05:30  INFO 24624 --- [SpringSecurity] [  restartedMain] .s.d.r.c.RepositoryConfigurationDelegate : Finished Spring Data repository scanning in 30 ms. Found 1 JPA repository interface.
2026-05-03T22:43:43.994+05:30  INFO 24624 --- [SpringSecurity] [  restartedMain] o.s.boot.tomcat.TomcatWebServer          : Tomcat initialized with port 8083 (http)
2026-05-03T22:43:43.995+05:30  INFO 24624 --- [SpringSecurity] [  restartedMain] o.apache.catalina.core.StandardService   : Starting service [Tomcat]
2026-05-03T22:43:43.995+05:30  INFO 24624 --- [SpringSecurity] [  restartedMain] o.apache.catalina.core.StandardEngine    : Starting Servlet engine: [Apache Tomcat/11.0.21]
2026-05-03T22:43:44.033+05:30  INFO 24624 --- [SpringSecurity] [  restartedMain] b.w.c.s.WebApplicationContextInitializer : Root WebApplicationContext: initialization completed in 1135 ms
2026-05-03T22:43:44.153+05:30  INFO 24624 --- [SpringSecurity] [  restartedMain] org.hibernate.orm.jpa                    : HHH008540: Processing PersistenceUnitInfo [name: default]
2026-05-03T22:43:44.239+05:30  INFO 24624 --- [SpringSecurity] [  restartedMain] o.s.o.j.p.SpringPersistenceUnitInfo      : No LoadTimeWeaver setup: ignoring JPA class transformer
2026-05-03T22:43:44.241+05:30  INFO 24624 --- [SpringSecurity] [  restartedMain] com.zaxxer.hikari.HikariDataSource       : HikariPool-51 - Starting...
2026-05-03T22:43:44.298+05:30  INFO 24624 --- [SpringSecurity] [  restartedMain] com.zaxxer.hikari.pool.HikariPool        : HikariPool-51 - Added connection com.mysql.cj.jdbc.ConnectionImpl@8e56dc2
2026-05-03T22:43:44.298+05:30  INFO 24624 --- [SpringSecurity] [  restartedMain] com.zaxxer.hikari.HikariDataSource       : HikariPool-51 - Start completed.
2026-05-03T22:43:44.300+05:30  INFO 24624 --- [SpringSecurity] [  restartedMain] org.hibernate.orm.connections.pooling    : HHH10001005: Database info:
	Database JDBC URL [jdbc:mysql://localhost:3306/springsecurity]
	Database driver: MySQL Connector/J
	Database dialect: MySQLDialect
	Database version: 8.0.42
	Default catalog/schema: springsecurity/undefined
	Autocommit mode: undefined/unknown
	Isolation level: REPEATABLE_READ [default REPEATABLE_READ]
	JDBC fetch size: none
	Pool: DataSourceConnectionProvider
	Minimum pool size: undefined/unknown
	Maximum pool size: undefined/unknown
2026-05-03T22:43:44.548+05:30  INFO 24624 --- [SpringSecurity] [  restartedMain] org.hibernate.orm.core                   : HHH000489: No JTA platform available (set 'hibernate.transaction.jta.platform' to enable JTA platform integration)
2026-05-03T22:43:44.779+05:30  INFO 24624 --- [SpringSecurity] [  restartedMain] j.LocalContainerEntityManagerFactoryBean : Initialized JPA EntityManagerFactory for persistence unit 'default'
2026-05-03T22:43:44.938+05:30  INFO 24624 --- [SpringSecurity] [  restartedMain] eAuthenticationProviderManagerConfigurer : Global AuthenticationManager configured with AuthenticationProvider bean with name authenticationProvider
2026-05-03T22:43:44.944+05:30  WARN 24624 --- [SpringSecurity] [  restartedMain] r$InitializeUserDetailsManagerConfigurer : Global AuthenticationManager configured with an AuthenticationProvider bean. UserDetailsService beans will not be used by Spring Security for automatically configuring username/password login. Consider removing the AuthenticationProvider bean. Alternatively, consider using the UserDetailsService in a manually instantiated DaoAuthenticationProvider. If the current configuration is intentional, to turn off this warning, increase the logging level of 'org.springframework.security.config.annotation.authentication.configuration.InitializeUserDetailsBeanManagerConfigurer' to ERROR
2026-05-03T22:43:45.014+05:30  WARN 24624 --- [SpringSecurity] [  restartedMain] JpaBaseConfiguration$JpaWebConfiguration : spring.jpa.open-in-view is enabled by default. Therefore, database queries may be performed during view rendering. Explicitly configure spring.jpa.open-in-view to disable this warning
2026-05-03T22:43:45.915+05:30  INFO 24624 --- [SpringSecurity] [  restartedMain] o.s.boot.tomcat.TomcatWebServer          : Tomcat started on port 8083 (http) with context path '/'
2026-05-03T22:43:45.924+05:30  INFO 24624 --- [SpringSecurity] [  restartedMain] c.v.S.SpringSecurityApplication          : Started SpringSecurityApplication in 3.079 seconds (process running for 15941.863)
2026-05-03T22:43:45.935+05:30  INFO 24624 --- [SpringSecurity] [  restartedMain] .ConditionEvaluationDeltaLoggingListener : Condition evaluation unchanged
2026-05-03T22:45:01.803+05:30  INFO 24624 --- [SpringSecurity] [   File Watcher] rtingClassPathChangeChangedEventListener : Restarting due to 2 class path changes (0 additions, 0 deletions, 2 modifications)
2026-05-03T22:45:01.970+05:30  INFO 24624 --- [SpringSecurity] [     Thread-184] o.s.boot.tomcat.GracefulShutdown         : Commencing graceful shutdown. Waiting for active requests to complete
2026-05-03T22:45:02.034+05:30  INFO 24624 --- [SpringSecurity] [tomcat-shutdown] o.s.boot.tomcat.GracefulShutdown         : Graceful shutdown complete
2026-05-03T22:45:02.084+05:30  INFO 24624 --- [SpringSecurity] [     Thread-184] j.LocalContainerEntityManagerFactoryBean : Closing JPA EntityManagerFactory for persistence unit 'default'
2026-05-03T22:45:02.137+05:30  INFO 24624 --- [SpringSecurity] [     Thread-184] com.zaxxer.hikari.HikariDataSource       : HikariPool-51 - Shutdown initiated...
2026-05-03T22:45:02.329+05:30  INFO 24624 --- [SpringSecurity] [     Thread-184] com.zaxxer.hikari.HikariDataSource       : HikariPool-51 - Shutdown completed.

  .   ____          _            __ _ _
 /\\ / ___'_ __ _ _(_)_ __  __ _ \ \ \ \
( ( )\___ | '_ | '_| | '_ \/ _` | \ \ \ \
 \\/  ___)| |_)| | | | | || (_| |  ) ) ) )
  '  |____| .__|_| |_|_| |_\__, | / / / /
 =========|_|==============|___/=/_/_/_/

 :: Spring Boot ::                (v4.0.6)

2026-05-03T22:45:04.550+05:30  INFO 24624 --- [SpringSecurity] [  restartedMain] c.v.S.SpringSecurityApplication          : Starting SpringSecurityApplication using Java 25.0.2 with PID 24624 (D:\Git Hub Project\FCT-JAVA\Advance Java\SpringBoot\Spring Boot Security\SpringSecurity\target\classes started by Arnav Gade in D:\Git Hub Project\FCT-JAVA\Advance Java\SpringBoot\Spring Boot Security\SpringSecurity)
2026-05-03T22:45:04.551+05:30  INFO 24624 --- [SpringSecurity] [  restartedMain] c.v.S.SpringSecurityApplication          : No active profile set, falling back to 1 default profile: "default"
2026-05-03T22:45:06.220+05:30  INFO 24624 --- [SpringSecurity] [  restartedMain] .s.d.r.c.RepositoryConfigurationDelegate : Bootstrapping Spring Data JPA repositories in DEFAULT mode.
2026-05-03T22:45:06.477+05:30  INFO 24624 --- [SpringSecurity] [  restartedMain] .s.d.r.c.RepositoryConfigurationDelegate : Finished Spring Data repository scanning in 204 ms. Found 1 JPA repository interface.
2026-05-03T22:45:06.905+05:30  INFO 24624 --- [SpringSecurity] [  restartedMain] o.s.boot.tomcat.TomcatWebServer          : Tomcat initialized with port 8083 (http)
2026-05-03T22:45:06.908+05:30  INFO 24624 --- [SpringSecurity] [  restartedMain] o.apache.catalina.core.StandardService   : Starting service [Tomcat]
2026-05-03T22:45:06.908+05:30  INFO 24624 --- [SpringSecurity] [  restartedMain] o.apache.catalina.core.StandardEngine    : Starting Servlet engine: [Apache Tomcat/11.0.21]
2026-05-03T22:45:06.959+05:30  INFO 24624 --- [SpringSecurity] [  restartedMain] b.w.c.s.WebApplicationContextInitializer : Root WebApplicationContext: initialization completed in 2400 ms
2026-05-03T22:45:07.086+05:30  INFO 24624 --- [SpringSecurity] [  restartedMain] org.hibernate.orm.jpa                    : HHH008540: Processing PersistenceUnitInfo [name: default]
2026-05-03T22:45:07.470+05:30  INFO 24624 --- [SpringSecurity] [  restartedMain] o.s.o.j.p.SpringPersistenceUnitInfo      : No LoadTimeWeaver setup: ignoring JPA class transformer
2026-05-03T22:45:07.491+05:30  INFO 24624 --- [SpringSecurity] [  restartedMain] com.zaxxer.hikari.HikariDataSource       : HikariPool-52 - Starting...
2026-05-03T22:45:07.585+05:30  INFO 24624 --- [SpringSecurity] [  restartedMain] com.zaxxer.hikari.pool.HikariPool        : HikariPool-52 - Added connection com.mysql.cj.jdbc.ConnectionImpl@7a77a270
2026-05-03T22:45:07.587+05:30  INFO 24624 --- [SpringSecurity] [  restartedMain] com.zaxxer.hikari.HikariDataSource       : HikariPool-52 - Start completed.
2026-05-03T22:45:07.606+05:30  INFO 24624 --- [SpringSecurity] [  restartedMain] org.hibernate.orm.connections.pooling    : HHH10001005: Database info:
	Database JDBC URL [jdbc:mysql://localhost:3306/springsecurity]
	Database driver: MySQL Connector/J
	Database dialect: MySQLDialect
	Database version: 8.0.42
	Default catalog/schema: springsecurity/undefined
	Autocommit mode: undefined/unknown
	Isolation level: REPEATABLE_READ [default REPEATABLE_READ]
	JDBC fetch size: none
	Pool: DataSourceConnectionProvider
	Minimum pool size: undefined/unknown
	Maximum pool size: undefined/unknown
2026-05-03T22:45:08.009+05:30  INFO 24624 --- [SpringSecurity] [  restartedMain] org.hibernate.orm.core                   : HHH000489: No JTA platform available (set 'hibernate.transaction.jta.platform' to enable JTA platform integration)
2026-05-03T22:45:08.070+05:30  INFO 24624 --- [SpringSecurity] [  restartedMain] j.LocalContainerEntityManagerFactoryBean : Initialized JPA EntityManagerFactory for persistence unit 'default'
2026-05-03T22:45:08.245+05:30  INFO 24624 --- [SpringSecurity] [  restartedMain] eAuthenticationProviderManagerConfigurer : Global AuthenticationManager configured with AuthenticationProvider bean with name authenticationProvider
2026-05-03T22:45:08.246+05:30  WARN 24624 --- [SpringSecurity] [  restartedMain] r$InitializeUserDetailsManagerConfigurer : Global AuthenticationManager configured with an AuthenticationProvider bean. UserDetailsService beans will not be used by Spring Security for automatically configuring username/password login. Consider removing the AuthenticationProvider bean. Alternatively, consider using the UserDetailsService in a manually instantiated DaoAuthenticationProvider. If the current configuration is intentional, to turn off this warning, increase the logging level of 'org.springframework.security.config.annotation.authentication.configuration.InitializeUserDetailsBeanManagerConfigurer' to ERROR
2026-05-03T22:45:08.275+05:30  WARN 24624 --- [SpringSecurity] [  restartedMain] JpaBaseConfiguration$JpaWebConfiguration : spring.jpa.open-in-view is enabled by default. Therefore, database queries may be performed during view rendering. Explicitly configure spring.jpa.open-in-view to disable this warning
2026-05-03T22:45:08.659+05:30  INFO 24624 --- [SpringSecurity] [  restartedMain] o.s.boot.tomcat.TomcatWebServer          : Tomcat started on port 8083 (http) with context path '/'
2026-05-03T22:45:08.662+05:30  INFO 24624 --- [SpringSecurity] [  restartedMain] c.v.S.SpringSecurityApplication          : Started SpringSecurityApplication in 4.826 seconds (process running for 16024.601)
2026-05-03T22:45:08.662+05:30  INFO 24624 --- [SpringSecurity] [  restartedMain] .ConditionEvaluationDeltaLoggingListener : Condition evaluation unchanged
2026-05-03T22:48:30.275+05:30  INFO 24624 --- [SpringSecurity] [   File Watcher] rtingClassPathChangeChangedEventListener : Restarting due to 1 class path change (0 additions, 0 deletions, 1 modification)
2026-05-03T22:48:30.390+05:30  INFO 24624 --- [SpringSecurity] [     Thread-188] o.s.boot.tomcat.GracefulShutdown         : Commencing graceful shutdown. Waiting for active requests to complete
2026-05-03T22:48:30.470+05:30  INFO 24624 --- [SpringSecurity] [tomcat-shutdown] o.s.boot.tomcat.GracefulShutdown         : Graceful shutdown complete
2026-05-03T22:48:30.537+05:30  INFO 24624 --- [SpringSecurity] [     Thread-188] j.LocalContainerEntityManagerFactoryBean : Closing JPA EntityManagerFactory for persistence unit 'default'
2026-05-03T22:48:30.590+05:30  INFO 24624 --- [SpringSecurity] [     Thread-188] com.zaxxer.hikari.HikariDataSource       : HikariPool-52 - Shutdown initiated...
2026-05-03T22:48:30.631+05:30  INFO 24624 --- [SpringSecurity] [     Thread-188] com.zaxxer.hikari.HikariDataSource       : HikariPool-52 - Shutdown completed.

  .   ____          _            __ _ _
 /\\ / ___'_ __ _ _(_)_ __  __ _ \ \ \ \
( ( )\___ | '_ | '_| | '_ \/ _` | \ \ \ \
 \\/  ___)| |_)| | | | | || (_| |  ) ) ) )
  '  |____| .__|_| |_|_| |_\__, | / / / /
 =========|_|==============|___/=/_/_/_/

 :: Spring Boot ::                (v4.0.6)

2026-05-03T22:48:32.198+05:30  INFO 24624 --- [SpringSecurity] [  restartedMain] c.v.S.SpringSecurityApplication          : Starting SpringSecurityApplication using Java 25.0.2 with PID 24624 (D:\Git Hub Project\FCT-JAVA\Advance Java\SpringBoot\Spring Boot Security\SpringSecurity\target\classes started by Arnav Gade in D:\Git Hub Project\FCT-JAVA\Advance Java\SpringBoot\Spring Boot Security\SpringSecurity)
2026-05-03T22:48:32.199+05:30  INFO 24624 --- [SpringSecurity] [  restartedMain] c.v.S.SpringSecurityApplication          : No active profile set, falling back to 1 default profile: "default"
2026-05-03T22:48:34.213+05:30  INFO 24624 --- [SpringSecurity] [  restartedMain] .s.d.r.c.RepositoryConfigurationDelegate : Bootstrapping Spring Data JPA repositories in DEFAULT mode.
2026-05-03T22:48:34.312+05:30  INFO 24624 --- [SpringSecurity] [  restartedMain] .s.d.r.c.RepositoryConfigurationDelegate : Finished Spring Data repository scanning in 92 ms. Found 1 JPA repository interface.
2026-05-03T22:48:35.186+05:30  INFO 24624 --- [SpringSecurity] [  restartedMain] o.s.boot.tomcat.TomcatWebServer          : Tomcat initialized with port 8083 (http)
2026-05-03T22:48:35.193+05:30  INFO 24624 --- [SpringSecurity] [  restartedMain] o.apache.catalina.core.StandardService   : Starting service [Tomcat]
2026-05-03T22:48:35.194+05:30  INFO 24624 --- [SpringSecurity] [  restartedMain] o.apache.catalina.core.StandardEngine    : Starting Servlet engine: [Apache Tomcat/11.0.21]
2026-05-03T22:48:35.287+05:30  INFO 24624 --- [SpringSecurity] [  restartedMain] b.w.c.s.WebApplicationContextInitializer : Root WebApplicationContext: initialization completed in 3058 ms
2026-05-03T22:48:35.572+05:30  INFO 24624 --- [SpringSecurity] [  restartedMain] org.hibernate.orm.jpa                    : HHH008540: Processing PersistenceUnitInfo [name: default]
2026-05-03T22:48:35.816+05:30  INFO 24624 --- [SpringSecurity] [  restartedMain] o.s.o.j.p.SpringPersistenceUnitInfo      : No LoadTimeWeaver setup: ignoring JPA class transformer
2026-05-03T22:48:35.835+05:30  INFO 24624 --- [SpringSecurity] [  restartedMain] com.zaxxer.hikari.HikariDataSource       : HikariPool-53 - Starting...
2026-05-03T22:48:36.064+05:30  INFO 24624 --- [SpringSecurity] [  restartedMain] com.zaxxer.hikari.pool.HikariPool        : HikariPool-53 - Added connection com.mysql.cj.jdbc.ConnectionImpl@3699d834
2026-05-03T22:48:36.064+05:30  INFO 24624 --- [SpringSecurity] [  restartedMain] com.zaxxer.hikari.HikariDataSource       : HikariPool-53 - Start completed.
2026-05-03T22:48:36.085+05:30  INFO 24624 --- [SpringSecurity] [  restartedMain] org.hibernate.orm.connections.pooling    : HHH10001005: Database info:
	Database JDBC URL [jdbc:mysql://localhost:3306/springsecurity]
	Database driver: MySQL Connector/J
	Database dialect: MySQLDialect
	Database version: 8.0.42
	Default catalog/schema: springsecurity/undefined
	Autocommit mode: undefined/unknown
	Isolation level: REPEATABLE_READ [default REPEATABLE_READ]
	JDBC fetch size: none
	Pool: DataSourceConnectionProvider
	Minimum pool size: undefined/unknown
	Maximum pool size: undefined/unknown
2026-05-03T22:48:36.459+05:30  INFO 24624 --- [SpringSecurity] [  restartedMain] org.hibernate.orm.core                   : HHH000489: No JTA platform available (set 'hibernate.transaction.jta.platform' to enable JTA platform integration)
2026-05-03T22:48:36.738+05:30  INFO 24624 --- [SpringSecurity] [  restartedMain] j.LocalContainerEntityManagerFactoryBean : Initialized JPA EntityManagerFactory for persistence unit 'default'
2026-05-03T22:48:37.450+05:30  INFO 24624 --- [SpringSecurity] [  restartedMain] eAuthenticationProviderManagerConfigurer : Global AuthenticationManager configured with AuthenticationProvider bean with name authenticationProvider
2026-05-03T22:48:37.459+05:30  WARN 24624 --- [SpringSecurity] [  restartedMain] r$InitializeUserDetailsManagerConfigurer : Global AuthenticationManager configured with an AuthenticationProvider bean. UserDetailsService beans will not be used by Spring Security for automatically configuring username/password login. Consider removing the AuthenticationProvider bean. Alternatively, consider using the UserDetailsService in a manually instantiated DaoAuthenticationProvider. If the current configuration is intentional, to turn off this warning, increase the logging level of 'org.springframework.security.config.annotation.authentication.configuration.InitializeUserDetailsBeanManagerConfigurer' to ERROR
2026-05-03T22:48:37.529+05:30  WARN 24624 --- [SpringSecurity] [  restartedMain] JpaBaseConfiguration$JpaWebConfiguration : spring.jpa.open-in-view is enabled by default. Therefore, database queries may be performed during view rendering. Explicitly configure spring.jpa.open-in-view to disable this warning
2026-05-03T22:48:38.178+05:30  INFO 24624 --- [SpringSecurity] [  restartedMain] o.s.boot.tomcat.TomcatWebServer          : Tomcat started on port 8083 (http) with context path '/'
2026-05-03T22:48:38.187+05:30  INFO 24624 --- [SpringSecurity] [  restartedMain] c.v.S.SpringSecurityApplication          : Started SpringSecurityApplication in 6.245 seconds (process running for 16234.127)
2026-05-03T22:48:38.190+05:30  INFO 24624 --- [SpringSecurity] [  restartedMain] .ConditionEvaluationDeltaLoggingListener : Condition evaluation unchanged
2026-05-03T22:48:41.614+05:30  INFO 24624 --- [SpringSecurity] [   File Watcher] rtingClassPathChangeChangedEventListener : Restarting due to 1 class path change (0 additions, 1 deletion, 0 modifications)
2026-05-03T22:48:41.615+05:30  INFO 24624 --- [SpringSecurity] [     Thread-192] o.s.boot.tomcat.GracefulShutdown         : Commencing graceful shutdown. Waiting for active requests to complete
2026-05-03T22:48:41.630+05:30  INFO 24624 --- [SpringSecurity] [tomcat-shutdown] o.s.boot.tomcat.GracefulShutdown         : Graceful shutdown complete
2026-05-03T22:48:41.631+05:30  INFO 24624 --- [SpringSecurity] [     Thread-192] j.LocalContainerEntityManagerFactoryBean : Closing JPA EntityManagerFactory for persistence unit 'default'
2026-05-03T22:48:41.633+05:30  INFO 24624 --- [SpringSecurity] [     Thread-192] com.zaxxer.hikari.HikariDataSource       : HikariPool-53 - Shutdown initiated...
2026-05-03T22:48:41.639+05:30  INFO 24624 --- [SpringSecurity] [     Thread-192] com.zaxxer.hikari.HikariDataSource       : HikariPool-53 - Shutdown completed.

  .   ____          _            __ _ _
 /\\ / ___'_ __ _ _(_)_ __  __ _ \ \ \ \
( ( )\___ | '_ | '_| | '_ \/ _` | \ \ \ \
 \\/  ___)| |_)| | | | | || (_| |  ) ) ) )
  '  |____| .__|_| |_|_| |_\__, | / / / /
 =========|_|==============|___/=/_/_/_/

 :: Spring Boot ::                (v4.0.6)

2026-05-03T22:48:41.771+05:30  INFO 24624 --- [SpringSecurity] [  restartedMain] c.v.S.SpringSecurityApplication          : Starting SpringSecurityApplication using Java 25.0.2 with PID 24624 (D:\Git Hub Project\FCT-JAVA\Advance Java\SpringBoot\Spring Boot Security\SpringSecurity\target\classes started by Arnav Gade in D:\Git Hub Project\FCT-JAVA\Advance Java\SpringBoot\Spring Boot Security\SpringSecurity)
2026-05-03T22:48:41.772+05:30  INFO 24624 --- [SpringSecurity] [  restartedMain] c.v.S.SpringSecurityApplication          : No active profile set, falling back to 1 default profile: "default"
2026-05-03T22:48:42.049+05:30  INFO 24624 --- [SpringSecurity] [  restartedMain] .s.d.r.c.RepositoryConfigurationDelegate : Bootstrapping Spring Data JPA repositories in DEFAULT mode.
2026-05-03T22:48:42.061+05:30  INFO 24624 --- [SpringSecurity] [  restartedMain] .s.d.r.c.RepositoryConfigurationDelegate : Finished Spring Data repository scanning in 11 ms. Found 1 JPA repository interface.
2026-05-03T22:48:42.402+05:30  INFO 24624 --- [SpringSecurity] [  restartedMain] o.s.boot.tomcat.TomcatWebServer          : Tomcat initialized with port 8083 (http)
2026-05-03T22:48:42.404+05:30  INFO 24624 --- [SpringSecurity] [  restartedMain] o.apache.catalina.core.StandardService   : Starting service [Tomcat]
2026-05-03T22:48:42.404+05:30  INFO 24624 --- [SpringSecurity] [  restartedMain] o.apache.catalina.core.StandardEngine    : Starting Servlet engine: [Apache Tomcat/11.0.21]
2026-05-03T22:48:42.468+05:30  INFO 24624 --- [SpringSecurity] [  restartedMain] b.w.c.s.WebApplicationContextInitializer : Root WebApplicationContext: initialization completed in 694 ms
2026-05-03T22:48:42.666+05:30  INFO 24624 --- [SpringSecurity] [  restartedMain] org.hibernate.orm.jpa                    : HHH008540: Processing PersistenceUnitInfo [name: default]
2026-05-03T22:48:42.784+05:30  INFO 24624 --- [SpringSecurity] [  restartedMain] o.s.o.j.p.SpringPersistenceUnitInfo      : No LoadTimeWeaver setup: ignoring JPA class transformer
2026-05-03T22:48:42.787+05:30  INFO 24624 --- [SpringSecurity] [  restartedMain] com.zaxxer.hikari.HikariDataSource       : HikariPool-54 - Starting...
2026-05-03T22:48:42.877+05:30  INFO 24624 --- [SpringSecurity] [  restartedMain] com.zaxxer.hikari.pool.HikariPool        : HikariPool-54 - Added connection com.mysql.cj.jdbc.ConnectionImpl@5e808669
2026-05-03T22:48:42.877+05:30  INFO 24624 --- [SpringSecurity] [  restartedMain] com.zaxxer.hikari.HikariDataSource       : HikariPool-54 - Start completed.
2026-05-03T22:48:42.881+05:30  INFO 24624 --- [SpringSecurity] [  restartedMain] org.hibernate.orm.connections.pooling    : HHH10001005: Database info:
	Database JDBC URL [jdbc:mysql://localhost:3306/springsecurity]
	Database driver: MySQL Connector/J
	Database dialect: MySQLDialect
	Database version: 8.0.42
	Default catalog/schema: springsecurity/undefined
	Autocommit mode: undefined/unknown
	Isolation level: REPEATABLE_READ [default REPEATABLE_READ]
	JDBC fetch size: none
	Pool: DataSourceConnectionProvider
	Minimum pool size: undefined/unknown
	Maximum pool size: undefined/unknown
2026-05-03T22:48:43.064+05:30  INFO 24624 --- [SpringSecurity] [  restartedMain] org.hibernate.orm.core                   : HHH000489: No JTA platform available (set 'hibernate.transaction.jta.platform' to enable JTA platform integration)
2026-05-03T22:48:43.127+05:30  INFO 24624 --- [SpringSecurity] [  restartedMain] j.LocalContainerEntityManagerFactoryBean : Initialized JPA EntityManagerFactory for persistence unit 'default'
2026-05-03T22:48:43.211+05:30  WARN 24624 --- [SpringSecurity] [  restartedMain] ConfigServletWebServerApplicationContext : Exception encountered during context initialization - cancelling refresh attempt: org.springframework.beans.factory.BeanCreationException: Error creating bean with name 'userController' defined in file [D:\Git Hub Project\FCT-JAVA\Advance Java\SpringBoot\Spring Boot Security\SpringSecurity\target\classes\com\vedant\SpringSecurity\controller\UserController.class]: Post-processing of merged bean definition failed
2026-05-03T22:48:43.213+05:30  INFO 24624 --- [SpringSecurity] [  restartedMain] j.LocalContainerEntityManagerFactoryBean : Closing JPA EntityManagerFactory for persistence unit 'default'
2026-05-03T22:48:43.213+05:30  INFO 24624 --- [SpringSecurity] [  restartedMain] com.zaxxer.hikari.HikariDataSource       : HikariPool-54 - Shutdown initiated...
2026-05-03T22:48:43.240+05:30  INFO 24624 --- [SpringSecurity] [  restartedMain] com.zaxxer.hikari.HikariDataSource       : HikariPool-54 - Shutdown completed.
2026-05-03T22:48:43.241+05:30  INFO 24624 --- [SpringSecurity] [  restartedMain] o.apache.catalina.core.StandardService   : Stopping service [Tomcat]
2026-05-03T22:48:43.245+05:30  INFO 24624 --- [SpringSecurity] [  restartedMain] .s.b.a.l.ConditionEvaluationReportLogger : 

Error starting ApplicationContext. To display the condition evaluation report re-run your application with 'debug' enabled.
2026-05-03T22:48:43.250+05:30 ERROR 24624 --- [SpringSecurity] [  restartedMain] o.s.boot.SpringApplication               : Application run failed

org.springframework.beans.factory.BeanCreationException: Error creating bean with name 'userController' defined in file [D:\Git Hub Project\FCT-JAVA\Advance Java\SpringBoot\Spring Boot Security\SpringSecurity\target\classes\com\vedant\SpringSecurity\controller\UserController.class]: Post-processing of merged bean definition failed
	at org.springframework.beans.factory.support.AbstractAutowireCapableBeanFactory.doCreateBean(AbstractAutowireCapableBeanFactory.java:580) ~[spring-beans-7.0.7.jar:7.0.7]
	at org.springframework.beans.factory.support.AbstractAutowireCapableBeanFactory.createBean(AbstractAutowireCapableBeanFactory.java:525) ~[spring-beans-7.0.7.jar:7.0.7]
	at org.springframework.beans.factory.support.AbstractBeanFactory.lambda$doGetBean$0(AbstractBeanFactory.java:333) ~[spring-beans-7.0.7.jar:7.0.7]
	at org.springframework.beans.factory.support.DefaultSingletonBeanRegistry.getSingleton(DefaultSingletonBeanRegistry.java:371) ~[spring-beans-7.0.7.jar:7.0.7]
	at org.springframework.beans.factory.support.AbstractBeanFactory.doGetBean(AbstractBeanFactory.java:331) ~[spring-beans-7.0.7.jar:7.0.7]
	at org.springframework.beans.factory.support.AbstractBeanFactory.getBean(AbstractBeanFactory.java:196) ~[spring-beans-7.0.7.jar:7.0.7]
	at org.springframework.beans.factory.support.DefaultListableBeanFactory.instantiateSingleton(DefaultListableBeanFactory.java:1218) ~[spring-beans-7.0.7.jar:7.0.7]
	at org.springframework.beans.factory.support.DefaultListableBeanFactory.preInstantiateSingleton(DefaultListableBeanFactory.java:1184) ~[spring-beans-7.0.7.jar:7.0.7]
	at org.springframework.beans.factory.support.DefaultListableBeanFactory.preInstantiateSingletons(DefaultListableBeanFactory.java:1121) ~[spring-beans-7.0.7.jar:7.0.7]
	at org.springframework.context.support.AbstractApplicationContext.finishBeanFactoryInitialization(AbstractApplicationContext.java:994) ~[spring-context-7.0.7.jar:7.0.7]
	at org.springframework.context.support.AbstractApplicationContext.refresh(AbstractApplicationContext.java:621) ~[spring-context-7.0.7.jar:7.0.7]
	at org.springframework.boot.web.server.servlet.context.ServletWebServerApplicationContext.refresh(ServletWebServerApplicationContext.java:143) ~[spring-boot-web-server-4.0.6.jar:4.0.6]
	at org.springframework.boot.SpringApplication.refresh(SpringApplication.java:756) ~[spring-boot-4.0.6.jar:4.0.6]
	at org.springframework.boot.SpringApplication.refreshContext(SpringApplication.java:445) ~[spring-boot-4.0.6.jar:4.0.6]
	at org.springframework.boot.SpringApplication.run(SpringApplication.java:321) ~[spring-boot-4.0.6.jar:4.0.6]
	at org.springframework.boot.SpringApplication.run(SpringApplication.java:1365) ~[spring-boot-4.0.6.jar:4.0.6]
	at org.springframework.boot.SpringApplication.run(SpringApplication.java:1354) ~[spring-boot-4.0.6.jar:4.0.6]
	at com.vedant.SpringSecurity.SpringSecurityApplication.main(SpringSecurityApplication.java:10) ~[classes/:na]
	at java.base/jdk.internal.reflect.DirectMethodHandleAccessor.invoke(DirectMethodHandleAccessor.java:104) ~[na:na]
	at java.base/java.lang.reflect.Method.invoke(Method.java:565) ~[na:na]
	at org.springframework.boot.devtools.restart.RestartLauncher.run(RestartLauncher.java:52) ~[spring-boot-devtools-4.0.6.jar:4.0.6]
Caused by: java.lang.IllegalStateException: Failed to introspect Class [com.vedant.SpringSecurity.controller.UserController] from ClassLoader [org.springframework.boot.devtools.restart.classloader.RestartClassLoader@45267bc6]
	at org.springframework.util.ReflectionUtils.getDeclaredFields(ReflectionUtils.java:756) ~[spring-core-7.0.7.jar:7.0.7]
	at org.springframework.util.ReflectionUtils.doWithLocalFields(ReflectionUtils.java:689) ~[spring-core-7.0.7.jar:7.0.7]
	at org.springframework.orm.jpa.support.PersistenceAnnotationBeanPostProcessor.buildPersistenceMetadata(PersistenceAnnotationBeanPostProcessor.java:430) ~[spring-orm-7.0.7.jar:7.0.7]
	at org.springframework.orm.jpa.support.PersistenceAnnotationBeanPostProcessor.findPersistenceMetadata(PersistenceAnnotationBeanPostProcessor.java:411) ~[spring-orm-7.0.7.jar:7.0.7]
	at org.springframework.orm.jpa.support.PersistenceAnnotationBeanPostProcessor.findInjectionMetadata(PersistenceAnnotationBeanPostProcessor.java:370) ~[spring-orm-7.0.7.jar:7.0.7]
	at org.springframework.orm.jpa.support.PersistenceAnnotationBeanPostProcessor.postProcessMergedBeanDefinition(PersistenceAnnotationBeanPostProcessor.java:347) ~[spring-orm-7.0.7.jar:7.0.7]
	at org.springframework.beans.factory.support.AbstractAutowireCapableBeanFactory.applyMergedBeanDefinitionPostProcessors(AbstractAutowireCapableBeanFactory.java:1114) ~[spring-beans-7.0.7.jar:7.0.7]
	at org.springframework.beans.factory.support.AbstractAutowireCapableBeanFactory.doCreateBean(AbstractAutowireCapableBeanFactory.java:577) ~[spring-beans-7.0.7.jar:7.0.7]
	... 20 common frames omitted
Caused by: java.lang.NoClassDefFoundError: com/vedant/SpringSecurity/service/UserService
	at java.base/java.lang.Class.getDeclaredFields0(Native Method) ~[na:na]
	at java.base/java.lang.Class.privateGetDeclaredFields(Class.java:2917) ~[na:na]
	at java.base/java.lang.Class.getDeclaredFields(Class.java:2247) ~[na:na]
	at org.springframework.util.ReflectionUtils.getDeclaredFields(ReflectionUtils.java:751) ~[spring-core-7.0.7.jar:7.0.7]
	... 27 common frames omitted
Caused by: java.lang.ClassNotFoundException: com.vedant.SpringSecurity.service.UserService
	at java.base/jdk.internal.loader.BuiltinClassLoader.loadClass(BuiltinClassLoader.java:580) ~[na:na]
	at java.base/java.lang.ClassLoader.loadClass(ClassLoader.java:490) ~[na:na]
	at java.base/java.lang.Class.forName0(Native Method) ~[na:na]
	at java.base/java.lang.Class.forName(Class.java:547) ~[na:na]
	at org.springframework.boot.devtools.restart.classloader.RestartClassLoader.loadClass(RestartClassLoader.java:123) ~[spring-boot-devtools-4.0.6.jar:4.0.6]
	at java.base/java.lang.ClassLoader.loadClass(ClassLoader.java:490) ~[na:na]
	... 31 common frames omitted


  .   ____          _            __ _ _
 /\\ / ___'_ __ _ _(_)_ __  __ _ \ \ \ \
( ( )\___ | '_ | '_| | '_ \/ _` | \ \ \ \
 \\/  ___)| |_)| | | | | || (_| |  ) ) ) )
  '  |____| .__|_| |_|_| |_\__, | / / / /
 =========|_|==============|___/=/_/_/_/

 :: Spring Boot ::                (v4.0.6)

2026-05-03T22:49:34.770+05:30  INFO 24624 --- [SpringSecurity] [  restartedMain] c.v.S.SpringSecurityApplication          : Starting SpringSecurityApplication using Java 25.0.2 with PID 24624 (D:\Git Hub Project\FCT-JAVA\Advance Java\SpringBoot\Spring Boot Security\SpringSecurity\target\classes started by Arnav Gade in D:\Git Hub Project\FCT-JAVA\Advance Java\SpringBoot\Spring Boot Security\SpringSecurity)
2026-05-03T22:49:34.771+05:30  INFO 24624 --- [SpringSecurity] [  restartedMain] c.v.S.SpringSecurityApplication          : No active profile set, falling back to 1 default profile: "default"
2026-05-03T22:49:35.086+05:30  INFO 24624 --- [SpringSecurity] [  restartedMain] .s.d.r.c.RepositoryConfigurationDelegate : Bootstrapping Spring Data JPA repositories in DEFAULT mode.
2026-05-03T22:49:35.101+05:30  INFO 24624 --- [SpringSecurity] [  restartedMain] .s.d.r.c.RepositoryConfigurationDelegate : Finished Spring Data repository scanning in 12 ms. Found 1 JPA repository interface.
2026-05-03T22:49:35.227+05:30  INFO 24624 --- [SpringSecurity] [  restartedMain] o.s.boot.tomcat.TomcatWebServer          : Tomcat initialized with port 8083 (http)
2026-05-03T22:49:35.228+05:30  INFO 24624 --- [SpringSecurity] [  restartedMain] o.apache.catalina.core.StandardService   : Starting service [Tomcat]
2026-05-03T22:49:35.228+05:30  INFO 24624 --- [SpringSecurity] [  restartedMain] o.apache.catalina.core.StandardEngine    : Starting Servlet engine: [Apache Tomcat/11.0.21]
2026-05-03T22:49:35.257+05:30  INFO 24624 --- [SpringSecurity] [  restartedMain] b.w.c.s.WebApplicationContextInitializer : Root WebApplicationContext: initialization completed in 481 ms
2026-05-03T22:49:35.355+05:30  INFO 24624 --- [SpringSecurity] [  restartedMain] org.hibernate.orm.jpa                    : HHH008540: Processing PersistenceUnitInfo [name: default]
2026-05-03T22:49:35.411+05:30  INFO 24624 --- [SpringSecurity] [  restartedMain] o.s.o.j.p.SpringPersistenceUnitInfo      : No LoadTimeWeaver setup: ignoring JPA class transformer
2026-05-03T22:49:35.412+05:30  INFO 24624 --- [SpringSecurity] [  restartedMain] com.zaxxer.hikari.HikariDataSource       : HikariPool-55 - Starting...
2026-05-03T22:49:35.439+05:30  INFO 24624 --- [SpringSecurity] [  restartedMain] com.zaxxer.hikari.pool.HikariPool        : HikariPool-55 - Added connection com.mysql.cj.jdbc.ConnectionImpl@2b2bc9c2
2026-05-03T22:49:35.440+05:30  INFO 24624 --- [SpringSecurity] [  restartedMain] com.zaxxer.hikari.HikariDataSource       : HikariPool-55 - Start completed.
2026-05-03T22:49:35.443+05:30  INFO 24624 --- [SpringSecurity] [  restartedMain] org.hibernate.orm.connections.pooling    : HHH10001005: Database info:
	Database JDBC URL [jdbc:mysql://localhost:3306/springsecurity]
	Database driver: MySQL Connector/J
	Database dialect: MySQLDialect
	Database version: 8.0.42
	Default catalog/schema: springsecurity/undefined
	Autocommit mode: undefined/unknown
	Isolation level: REPEATABLE_READ [default REPEATABLE_READ]
	JDBC fetch size: none
	Pool: DataSourceConnectionProvider
	Minimum pool size: undefined/unknown
	Maximum pool size: undefined/unknown
2026-05-03T22:49:35.494+05:30  INFO 24624 --- [SpringSecurity] [  restartedMain] org.hibernate.orm.core                   : HHH000489: No JTA platform available (set 'hibernate.transaction.jta.platform' to enable JTA platform integration)
2026-05-03T22:49:35.545+05:30  INFO 24624 --- [SpringSecurity] [  restartedMain] j.LocalContainerEntityManagerFactoryBean : Initialized JPA EntityManagerFactory for persistence unit 'default'
2026-05-03T22:49:35.752+05:30  INFO 24624 --- [SpringSecurity] [  restartedMain] eAuthenticationProviderManagerConfigurer : Global AuthenticationManager configured with AuthenticationProvider bean with name authenticationProvider
2026-05-03T22:49:35.753+05:30  WARN 24624 --- [SpringSecurity] [  restartedMain] r$InitializeUserDetailsManagerConfigurer : Global AuthenticationManager configured with an AuthenticationProvider bean. UserDetailsService beans will not be used by Spring Security for automatically configuring username/password login. Consider removing the AuthenticationProvider bean. Alternatively, consider using the UserDetailsService in a manually instantiated DaoAuthenticationProvider. If the current configuration is intentional, to turn off this warning, increase the logging level of 'org.springframework.security.config.annotation.authentication.configuration.InitializeUserDetailsBeanManagerConfigurer' to ERROR
2026-05-03T22:49:35.770+05:30  WARN 24624 --- [SpringSecurity] [  restartedMain] JpaBaseConfiguration$JpaWebConfiguration : spring.jpa.open-in-view is enabled by default. Therefore, database queries may be performed during view rendering. Explicitly configure spring.jpa.open-in-view to disable this warning
2026-05-03T22:49:36.043+05:30  INFO 24624 --- [SpringSecurity] [  restartedMain] o.s.boot.tomcat.TomcatWebServer          : Tomcat started on port 8083 (http) with context path '/'
2026-05-03T22:49:36.047+05:30  INFO 24624 --- [SpringSecurity] [  restartedMain] c.v.S.SpringSecurityApplication          : Started SpringSecurityApplication in 1.361 seconds (process running for 16291.987)
2026-05-03T22:49:36.049+05:30  INFO 24624 --- [SpringSecurity] [  restartedMain] .ConditionEvaluationDeltaLoggingListener : Condition evaluation unchanged
2026-05-03T22:49:49.621+05:30  INFO 24624 --- [SpringSecurity] [   File Watcher] rtingClassPathChangeChangedEventListener : Restarting due to 1 class path change (0 additions, 0 deletions, 1 modification)
2026-05-03T22:49:49.629+05:30  INFO 24624 --- [SpringSecurity] [     Thread-196] o.s.boot.tomcat.GracefulShutdown         : Commencing graceful shutdown. Waiting for active requests to complete
2026-05-03T22:49:49.677+05:30  INFO 24624 --- [SpringSecurity] [tomcat-shutdown] o.s.boot.tomcat.GracefulShutdown         : Graceful shutdown complete
2026-05-03T22:49:49.680+05:30  INFO 24624 --- [SpringSecurity] [     Thread-196] j.LocalContainerEntityManagerFactoryBean : Closing JPA EntityManagerFactory for persistence unit 'default'
2026-05-03T22:49:49.683+05:30  INFO 24624 --- [SpringSecurity] [     Thread-196] com.zaxxer.hikari.HikariDataSource       : HikariPool-55 - Shutdown initiated...
2026-05-03T22:49:49.720+05:30  INFO 24624 --- [SpringSecurity] [     Thread-196] com.zaxxer.hikari.HikariDataSource       : HikariPool-55 - Shutdown completed.

  .   ____          _            __ _ _
 /\\ / ___'_ __ _ _(_)_ __  __ _ \ \ \ \
( ( )\___ | '_ | '_| | '_ \/ _` | \ \ \ \
 \\/  ___)| |_)| | | | | || (_| |  ) ) ) )
  '  |____| .__|_| |_|_| |_\__, | / / / /
 =========|_|==============|___/=/_/_/_/

 :: Spring Boot ::                (v4.0.6)

2026-05-03T22:49:50.210+05:30  INFO 24624 --- [SpringSecurity] [  restartedMain] c.v.S.SpringSecurityApplication          : Starting SpringSecurityApplication using Java 25.0.2 with PID 24624 (D:\Git Hub Project\FCT-JAVA\Advance Java\SpringBoot\Spring Boot Security\SpringSecurity\target\classes started by Arnav Gade in D:\Git Hub Project\FCT-JAVA\Advance Java\SpringBoot\Spring Boot Security\SpringSecurity)
2026-05-03T22:49:50.211+05:30  INFO 24624 --- [SpringSecurity] [  restartedMain] c.v.S.SpringSecurityApplication          : No active profile set, falling back to 1 default profile: "default"
2026-05-03T22:49:50.468+05:30  INFO 24624 --- [SpringSecurity] [  restartedMain] .s.d.r.c.RepositoryConfigurationDelegate : Bootstrapping Spring Data JPA repositories in DEFAULT mode.
2026-05-03T22:49:50.479+05:30  INFO 24624 --- [SpringSecurity] [  restartedMain] .s.d.r.c.RepositoryConfigurationDelegate : Finished Spring Data repository scanning in 9 ms. Found 1 JPA repository interface.
2026-05-03T22:49:50.627+05:30  INFO 24624 --- [SpringSecurity] [  restartedMain] o.s.boot.tomcat.TomcatWebServer          : Tomcat initialized with port 8083 (http)
2026-05-03T22:49:50.628+05:30  INFO 24624 --- [SpringSecurity] [  restartedMain] o.apache.catalina.core.StandardService   : Starting service [Tomcat]
2026-05-03T22:49:50.628+05:30  INFO 24624 --- [SpringSecurity] [  restartedMain] o.apache.catalina.core.StandardEngine    : Starting Servlet engine: [Apache Tomcat/11.0.21]
2026-05-03T22:49:50.666+05:30  INFO 24624 --- [SpringSecurity] [  restartedMain] b.w.c.s.WebApplicationContextInitializer : Root WebApplicationContext: initialization completed in 452 ms
2026-05-03T22:49:50.737+05:30  INFO 24624 --- [SpringSecurity] [  restartedMain] org.hibernate.orm.jpa                    : HHH008540: Processing PersistenceUnitInfo [name: default]
2026-05-03T22:49:50.786+05:30  INFO 24624 --- [SpringSecurity] [  restartedMain] o.s.o.j.p.SpringPersistenceUnitInfo      : No LoadTimeWeaver setup: ignoring JPA class transformer
2026-05-03T22:49:50.788+05:30  INFO 24624 --- [SpringSecurity] [  restartedMain] com.zaxxer.hikari.HikariDataSource       : HikariPool-56 - Starting...
2026-05-03T22:49:50.812+05:30  INFO 24624 --- [SpringSecurity] [  restartedMain] com.zaxxer.hikari.pool.HikariPool        : HikariPool-56 - Added connection com.mysql.cj.jdbc.ConnectionImpl@26dbc58a
2026-05-03T22:49:50.812+05:30  INFO 24624 --- [SpringSecurity] [  restartedMain] com.zaxxer.hikari.HikariDataSource       : HikariPool-56 - Start completed.
2026-05-03T22:49:50.816+05:30  INFO 24624 --- [SpringSecurity] [  restartedMain] org.hibernate.orm.connections.pooling    : HHH10001005: Database info:
	Database JDBC URL [jdbc:mysql://localhost:3306/springsecurity]
	Database driver: MySQL Connector/J
	Database dialect: MySQLDialect
	Database version: 8.0.42
	Default catalog/schema: springsecurity/undefined
	Autocommit mode: undefined/unknown
	Isolation level: REPEATABLE_READ [default REPEATABLE_READ]
	JDBC fetch size: none
	Pool: DataSourceConnectionProvider
	Minimum pool size: undefined/unknown
	Maximum pool size: undefined/unknown
2026-05-03T22:49:50.863+05:30  INFO 24624 --- [SpringSecurity] [  restartedMain] org.hibernate.orm.core                   : HHH000489: No JTA platform available (set 'hibernate.transaction.jta.platform' to enable JTA platform integration)
2026-05-03T22:49:50.921+05:30  INFO 24624 --- [SpringSecurity] [  restartedMain] j.LocalContainerEntityManagerFactoryBean : Initialized JPA EntityManagerFactory for persistence unit 'default'
2026-05-03T22:49:51.160+05:30  INFO 24624 --- [SpringSecurity] [  restartedMain] eAuthenticationProviderManagerConfigurer : Global AuthenticationManager configured with AuthenticationProvider bean with name authenticationProvider
2026-05-03T22:49:51.160+05:30  WARN 24624 --- [SpringSecurity] [  restartedMain] r$InitializeUserDetailsManagerConfigurer : Global AuthenticationManager configured with an AuthenticationProvider bean. UserDetailsService beans will not be used by Spring Security for automatically configuring username/password login. Consider removing the AuthenticationProvider bean. Alternatively, consider using the UserDetailsService in a manually instantiated DaoAuthenticationProvider. If the current configuration is intentional, to turn off this warning, increase the logging level of 'org.springframework.security.config.annotation.authentication.configuration.InitializeUserDetailsBeanManagerConfigurer' to ERROR
2026-05-03T22:49:51.177+05:30  WARN 24624 --- [SpringSecurity] [  restartedMain] JpaBaseConfiguration$JpaWebConfiguration : spring.jpa.open-in-view is enabled by default. Therefore, database queries may be performed during view rendering. Explicitly configure spring.jpa.open-in-view to disable this warning
2026-05-03T22:49:51.461+05:30  INFO 24624 --- [SpringSecurity] [  restartedMain] o.s.boot.tomcat.TomcatWebServer          : Tomcat started on port 8083 (http) with context path '/'
2026-05-03T22:49:51.463+05:30  INFO 24624 --- [SpringSecurity] [  restartedMain] c.v.S.SpringSecurityApplication          : Started SpringSecurityApplication in 1.428 seconds (process running for 16307.403)
2026-05-03T22:49:51.465+05:30  INFO 24624 --- [SpringSecurity] [  restartedMain] .ConditionEvaluationDeltaLoggingListener : Condition evaluation unchanged
2026-05-03T22:49:52.898+05:30  INFO 24624 --- [SpringSecurity] [   File Watcher] rtingClassPathChangeChangedEventListener : Restarting due to 2 class path changes (0 additions, 0 deletions, 2 modifications)
2026-05-03T22:49:52.926+05:30  INFO 24624 --- [SpringSecurity] [     Thread-203] o.s.boot.tomcat.GracefulShutdown         : Commencing graceful shutdown. Waiting for active requests to complete
2026-05-03T22:49:52.997+05:30  INFO 24624 --- [SpringSecurity] [tomcat-shutdown] o.s.boot.tomcat.GracefulShutdown         : Graceful shutdown complete
2026-05-03T22:49:53.001+05:30  INFO 24624 --- [SpringSecurity] [     Thread-203] j.LocalContainerEntityManagerFactoryBean : Closing JPA EntityManagerFactory for persistence unit 'default'
2026-05-03T22:49:53.001+05:30  INFO 24624 --- [SpringSecurity] [     Thread-203] com.zaxxer.hikari.HikariDataSource       : HikariPool-56 - Shutdown initiated...
2026-05-03T22:49:53.008+05:30  INFO 24624 --- [SpringSecurity] [     Thread-203] com.zaxxer.hikari.HikariDataSource       : HikariPool-56 - Shutdown completed.

  .   ____          _            __ _ _
 /\\ / ___'_ __ _ _(_)_ __  __ _ \ \ \ \
( ( )\___ | '_ | '_| | '_ \/ _` | \ \ \ \
 \\/  ___)| |_)| | | | | || (_| |  ) ) ) )
  '  |____| .__|_| |_|_| |_\__, | / / / /
 =========|_|==============|___/=/_/_/_/

 :: Spring Boot ::                (v4.0.6)

2026-05-03T22:49:53.141+05:30  INFO 24624 --- [SpringSecurity] [  restartedMain] c.v.S.SpringSecurityApplication          : Starting SpringSecurityApplication using Java 25.0.2 with PID 24624 (D:\Git Hub Project\FCT-JAVA\Advance Java\SpringBoot\Spring Boot Security\SpringSecurity\target\classes started by Arnav Gade in D:\Git Hub Project\FCT-JAVA\Advance Java\SpringBoot\Spring Boot Security\SpringSecurity)
2026-05-03T22:49:53.141+05:30  INFO 24624 --- [SpringSecurity] [  restartedMain] c.v.S.SpringSecurityApplication          : No active profile set, falling back to 1 default profile: "default"
2026-05-03T22:49:53.456+05:30  INFO 24624 --- [SpringSecurity] [  restartedMain] .s.d.r.c.RepositoryConfigurationDelegate : Bootstrapping Spring Data JPA repositories in DEFAULT mode.
2026-05-03T22:49:53.467+05:30  INFO 24624 --- [SpringSecurity] [  restartedMain] .s.d.r.c.RepositoryConfigurationDelegate : Finished Spring Data repository scanning in 10 ms. Found 1 JPA repository interface.
2026-05-03T22:49:53.681+05:30  INFO 24624 --- [SpringSecurity] [  restartedMain] o.s.boot.tomcat.TomcatWebServer          : Tomcat initialized with port 8083 (http)
2026-05-03T22:49:53.682+05:30  INFO 24624 --- [SpringSecurity] [  restartedMain] o.apache.catalina.core.StandardService   : Starting service [Tomcat]
2026-05-03T22:49:53.682+05:30  INFO 24624 --- [SpringSecurity] [  restartedMain] o.apache.catalina.core.StandardEngine    : Starting Servlet engine: [Apache Tomcat/11.0.21]
2026-05-03T22:49:53.719+05:30  INFO 24624 --- [SpringSecurity] [  restartedMain] b.w.c.s.WebApplicationContextInitializer : Root WebApplicationContext: initialization completed in 573 ms
2026-05-03T22:49:53.779+05:30  INFO 24624 --- [SpringSecurity] [  restartedMain] org.hibernate.orm.jpa                    : HHH008540: Processing PersistenceUnitInfo [name: default]
2026-05-03T22:49:53.816+05:30  INFO 24624 --- [SpringSecurity] [  restartedMain] o.s.o.j.p.SpringPersistenceUnitInfo      : No LoadTimeWeaver setup: ignoring JPA class transformer
2026-05-03T22:49:53.817+05:30  INFO 24624 --- [SpringSecurity] [  restartedMain] com.zaxxer.hikari.HikariDataSource       : HikariPool-57 - Starting...
2026-05-03T22:49:53.843+05:30  INFO 24624 --- [SpringSecurity] [  restartedMain] com.zaxxer.hikari.pool.HikariPool        : HikariPool-57 - Added connection com.mysql.cj.jdbc.ConnectionImpl@338604dd
2026-05-03T22:49:53.843+05:30  INFO 24624 --- [SpringSecurity] [  restartedMain] com.zaxxer.hikari.HikariDataSource       : HikariPool-57 - Start completed.
2026-05-03T22:49:53.847+05:30  INFO 24624 --- [SpringSecurity] [  restartedMain] org.hibernate.orm.connections.pooling    : HHH10001005: Database info:
	Database JDBC URL [jdbc:mysql://localhost:3306/springsecurity]
	Database driver: MySQL Connector/J
	Database dialect: MySQLDialect
	Database version: 8.0.42
	Default catalog/schema: springsecurity/undefined
	Autocommit mode: undefined/unknown
	Isolation level: REPEATABLE_READ [default REPEATABLE_READ]
	JDBC fetch size: none
	Pool: DataSourceConnectionProvider
	Minimum pool size: undefined/unknown
	Maximum pool size: undefined/unknown
2026-05-03T22:49:53.906+05:30  INFO 24624 --- [SpringSecurity] [  restartedMain] org.hibernate.orm.core                   : HHH000489: No JTA platform available (set 'hibernate.transaction.jta.platform' to enable JTA platform integration)
2026-05-03T22:49:53.951+05:30  WARN 24624 --- [SpringSecurity] [  restartedMain] o.h.t.s.i.ExceptionHandlerLoggedImpl     : GenerationTarget encountered exception accepting command : Error executing DDL "create table user (id integer not null auto_increment, password varchar(255), username varchar(255), primary key (id)) engine=InnoDB" via JDBC [Table 'user' already exists]

org.hibernate.tool.schema.spi.CommandAcceptanceException: Error executing DDL "create table user (id integer not null auto_increment, password varchar(255), username varchar(255), primary key (id)) engine=InnoDB" via JDBC [Table 'user' already exists]
	at org.hibernate.tool.schema.internal.exec.GenerationTargetToDatabase.accept(GenerationTargetToDatabase.java:81) ~[hibernate-core-7.2.12.Final.jar:7.2.12.Final]
	at org.hibernate.tool.schema.internal.Helper.applySqlString(Helper.java:218) ~[hibernate-core-7.2.12.Final.jar:7.2.12.Final]
	at org.hibernate.tool.schema.internal.Helper.applySqlStrings(Helper.java:204) ~[hibernate-core-7.2.12.Final.jar:7.2.12.Final]
	at org.hibernate.tool.schema.internal.SchemaCreatorImpl.createTables(SchemaCreatorImpl.java:404) ~[hibernate-core-7.2.12.Final.jar:7.2.12.Final]
	at org.hibernate.tool.schema.internal.SchemaCreatorImpl.createSequencesTablesConstraints(SchemaCreatorImpl.java:320) ~[hibernate-core-7.2.12.Final.jar:7.2.12.Final]
	at org.hibernate.tool.schema.internal.SchemaCreatorImpl.createFromMetadata(SchemaCreatorImpl.java:215) ~[hibernate-core-7.2.12.Final.jar:7.2.12.Final]
	at org.hibernate.tool.schema.internal.SchemaCreatorImpl.performCreation(SchemaCreatorImpl.java:151) ~[hibernate-core-7.2.12.Final.jar:7.2.12.Final]
	at org.hibernate.tool.schema.internal.SchemaCreatorImpl.doCreation(SchemaCreatorImpl.java:121) ~[hibernate-core-7.2.12.Final.jar:7.2.12.Final]
	at org.hibernate.tool.schema.internal.SchemaCreatorImpl.doCreation(SchemaCreatorImpl.java:97) ~[hibernate-core-7.2.12.Final.jar:7.2.12.Final]
	at org.hibernate.tool.schema.spi.SchemaManagementToolCoordinator.performDatabaseAction(SchemaManagementToolCoordinator.java:239) ~[hibernate-core-7.2.12.Final.jar:7.2.12.Final]
	at org.hibernate.tool.schema.spi.SchemaManagementToolCoordinator.lambda$process$1(SchemaManagementToolCoordinator.java:101) ~[hibernate-core-7.2.12.Final.jar:7.2.12.Final]
	at java.base/java.util.HashMap.forEach(HashMap.java:1430) ~[na:na]
	at org.hibernate.tool.schema.spi.SchemaManagementToolCoordinator.process(SchemaManagementToolCoordinator.java:100) ~[hibernate-core-7.2.12.Final.jar:7.2.12.Final]
	at org.hibernate.boot.internal.SessionFactoryObserverForSchemaExport.sessionFactoryCreated(SessionFactoryObserverForSchemaExport.java:35) ~[hibernate-core-7.2.12.Final.jar:7.2.12.Final]
	at org.hibernate.internal.SessionFactoryObserverChain.sessionFactoryCreated(SessionFactoryObserverChain.java:33) ~[hibernate-core-7.2.12.Final.jar:7.2.12.Final]
	at org.hibernate.internal.SessionFactoryImpl.<init>(SessionFactoryImpl.java:323) ~[hibernate-core-7.2.12.Final.jar:7.2.12.Final]
	at org.hibernate.internal.SessionFactoryRegistry.instantiateSessionFactory(SessionFactoryRegistry.java:64) ~[hibernate-core-7.2.12.Final.jar:7.2.12.Final]
	at org.hibernate.boot.internal.SessionFactoryBuilderImpl.build(SessionFactoryBuilderImpl.java:437) ~[hibernate-core-7.2.12.Final.jar:7.2.12.Final]
	at org.hibernate.jpa.boot.internal.EntityManagerFactoryBuilderImpl.build(EntityManagerFactoryBuilderImpl.java:1456) ~[hibernate-core-7.2.12.Final.jar:7.2.12.Final]
	at org.springframework.orm.jpa.vendor.SpringHibernateJpaPersistenceProvider.createContainerEntityManagerFactory(SpringHibernateJpaPersistenceProvider.java:93) ~[spring-orm-7.0.7.jar:7.0.7]
	at org.springframework.orm.jpa.LocalContainerEntityManagerFactoryBean.createNativeEntityManagerFactory(LocalContainerEntityManagerFactoryBean.java:443) ~[spring-orm-7.0.7.jar:7.0.7]
	at org.springframework.orm.jpa.AbstractEntityManagerFactoryBean.buildNativeEntityManagerFactory(AbstractEntityManagerFactoryBean.java:436) ~[spring-orm-7.0.7.jar:7.0.7]
	at org.springframework.orm.jpa.AbstractEntityManagerFactoryBean.afterPropertiesSet(AbstractEntityManagerFactoryBean.java:411) ~[spring-orm-7.0.7.jar:7.0.7]
	at org.springframework.orm.jpa.LocalContainerEntityManagerFactoryBean.afterPropertiesSet(LocalContainerEntityManagerFactoryBean.java:419) ~[spring-orm-7.0.7.jar:7.0.7]
	at org.springframework.beans.factory.support.AbstractAutowireCapableBeanFactory.invokeInitMethods(AbstractAutowireCapableBeanFactory.java:1864) ~[spring-beans-7.0.7.jar:7.0.7]
	at org.springframework.beans.factory.support.AbstractAutowireCapableBeanFactory.initializeBean(AbstractAutowireCapableBeanFactory.java:1813) ~[spring-beans-7.0.7.jar:7.0.7]
	at org.springframework.beans.factory.support.AbstractAutowireCapableBeanFactory.doCreateBean(AbstractAutowireCapableBeanFactory.java:603) ~[spring-beans-7.0.7.jar:7.0.7]
	at org.springframework.beans.factory.support.AbstractAutowireCapableBeanFactory.createBean(AbstractAutowireCapableBeanFactory.java:525) ~[spring-beans-7.0.7.jar:7.0.7]
	at org.springframework.beans.factory.support.AbstractBeanFactory.lambda$doGetBean$0(AbstractBeanFactory.java:333) ~[spring-beans-7.0.7.jar:7.0.7]
	at org.springframework.beans.factory.support.DefaultSingletonBeanRegistry.getSingleton(DefaultSingletonBeanRegistry.java:371) ~[spring-beans-7.0.7.jar:7.0.7]
	at org.springframework.beans.factory.support.AbstractBeanFactory.doGetBean(AbstractBeanFactory.java:331) ~[spring-beans-7.0.7.jar:7.0.7]
	at org.springframework.beans.factory.support.AbstractBeanFactory.getBean(AbstractBeanFactory.java:201) ~[spring-beans-7.0.7.jar:7.0.7]
	at org.springframework.context.support.AbstractApplicationContext.finishBeanFactoryInitialization(AbstractApplicationContext.java:977) ~[spring-context-7.0.7.jar:7.0.7]
	at org.springframework.context.support.AbstractApplicationContext.refresh(AbstractApplicationContext.java:621) ~[spring-context-7.0.7.jar:7.0.7]
	at org.springframework.boot.web.server.servlet.context.ServletWebServerApplicationContext.refresh(ServletWebServerApplicationContext.java:143) ~[spring-boot-web-server-4.0.6.jar:4.0.6]
	at org.springframework.boot.SpringApplication.refresh(SpringApplication.java:756) ~[spring-boot-4.0.6.jar:4.0.6]
	at org.springframework.boot.SpringApplication.refreshContext(SpringApplication.java:445) ~[spring-boot-4.0.6.jar:4.0.6]
	at org.springframework.boot.SpringApplication.run(SpringApplication.java:321) ~[spring-boot-4.0.6.jar:4.0.6]
	at org.springframework.boot.SpringApplication.run(SpringApplication.java:1365) ~[spring-boot-4.0.6.jar:4.0.6]
	at org.springframework.boot.SpringApplication.run(SpringApplication.java:1354) ~[spring-boot-4.0.6.jar:4.0.6]
	at com.vedant.SpringSecurity.SpringSecurityApplication.main(SpringSecurityApplication.java:10) ~[classes/:na]
	at java.base/jdk.internal.reflect.DirectMethodHandleAccessor.invoke(DirectMethodHandleAccessor.java:104) ~[na:na]
	at java.base/java.lang.reflect.Method.invoke(Method.java:565) ~[na:na]
	at org.springframework.boot.devtools.restart.RestartLauncher.run(RestartLauncher.java:52) ~[spring-boot-devtools-4.0.6.jar:4.0.6]
Caused by: java.sql.SQLSyntaxErrorException: Table 'user' already exists
	at com.mysql.cj.jdbc.exceptions.SQLError.createSQLException(SQLError.java:112) ~[mysql-connector-j-9.7.0.jar:9.7.0]
	at com.mysql.cj.jdbc.exceptions.SQLExceptionsMapping.translateException(SQLExceptionsMapping.java:114) ~[mysql-connector-j-9.7.0.jar:9.7.0]
	at com.mysql.cj.jdbc.StatementImpl.executeInternal(StatementImpl.java:839) ~[mysql-connector-j-9.7.0.jar:9.7.0]
	at com.mysql.cj.jdbc.StatementImpl.execute(StatementImpl.java:687) ~[mysql-connector-j-9.7.0.jar:9.7.0]
	at com.zaxxer.hikari.pool.ProxyStatement.execute(ProxyStatement.java:95) ~[HikariCP-7.0.2.jar:na]
	at com.zaxxer.hikari.pool.HikariProxyStatement.execute(HikariProxyStatement.java) ~[HikariCP-7.0.2.jar:na]
	at org.hibernate.tool.schema.internal.exec.GenerationTargetToDatabase.accept(GenerationTargetToDatabase.java:76) ~[hibernate-core-7.2.12.Final.jar:7.2.12.Final]
	... 43 common frames omitted

2026-05-03T22:49:53.954+05:30  INFO 24624 --- [SpringSecurity] [  restartedMain] j.LocalContainerEntityManagerFactoryBean : Initialized JPA EntityManagerFactory for persistence unit 'default'
2026-05-03T22:49:54.053+05:30  INFO 24624 --- [SpringSecurity] [  restartedMain] eAuthenticationProviderManagerConfigurer : Global AuthenticationManager configured with AuthenticationProvider bean with name authenticationProvider
2026-05-03T22:49:54.054+05:30  WARN 24624 --- [SpringSecurity] [  restartedMain] r$InitializeUserDetailsManagerConfigurer : Global AuthenticationManager configured with an AuthenticationProvider bean. UserDetailsService beans will not be used by Spring Security for automatically configuring username/password login. Consider removing the AuthenticationProvider bean. Alternatively, consider using the UserDetailsService in a manually instantiated DaoAuthenticationProvider. If the current configuration is intentional, to turn off this warning, increase the logging level of 'org.springframework.security.config.annotation.authentication.configuration.InitializeUserDetailsBeanManagerConfigurer' to ERROR
2026-05-03T22:49:54.074+05:30  WARN 24624 --- [SpringSecurity] [  restartedMain] JpaBaseConfiguration$JpaWebConfiguration : spring.jpa.open-in-view is enabled by default. Therefore, database queries may be performed during view rendering. Explicitly configure spring.jpa.open-in-view to disable this warning
2026-05-03T22:49:54.383+05:30  INFO 24624 --- [SpringSecurity] [  restartedMain] o.s.boot.tomcat.TomcatWebServer          : Tomcat started on port 8083 (http) with context path '/'
2026-05-03T22:49:54.388+05:30  INFO 24624 --- [SpringSecurity] [  restartedMain] c.v.S.SpringSecurityApplication          : Started SpringSecurityApplication in 1.295 seconds (process running for 16310.328)
2026-05-03T22:49:54.427+05:30  INFO 24624 --- [SpringSecurity] [  restartedMain] .ConditionEvaluationDeltaLoggingListener : Condition evaluation unchanged
2026-05-03T22:51:43.394+05:30  INFO 24624 --- [SpringSecurity] [   File Watcher] rtingClassPathChangeChangedEventListener : Restarting due to 1 class path change (0 additions, 0 deletions, 1 modification)
2026-05-03T22:51:43.493+05:30  INFO 24624 --- [SpringSecurity] [     Thread-207] o.s.boot.tomcat.GracefulShutdown         : Commencing graceful shutdown. Waiting for active requests to complete
2026-05-03T22:51:43.557+05:30  INFO 24624 --- [SpringSecurity] [tomcat-shutdown] o.s.boot.tomcat.GracefulShutdown         : Graceful shutdown complete
2026-05-03T22:51:43.626+05:30  INFO 24624 --- [SpringSecurity] [     Thread-207] j.LocalContainerEntityManagerFactoryBean : Closing JPA EntityManagerFactory for persistence unit 'default'
2026-05-03T22:51:43.691+05:30  INFO 24624 --- [SpringSecurity] [     Thread-207] com.zaxxer.hikari.HikariDataSource       : HikariPool-57 - Shutdown initiated...
2026-05-03T22:51:43.730+05:30  INFO 24624 --- [SpringSecurity] [     Thread-207] com.zaxxer.hikari.HikariDataSource       : HikariPool-57 - Shutdown completed.

  .   ____          _            __ _ _
 /\\ / ___'_ __ _ _(_)_ __  __ _ \ \ \ \
( ( )\___ | '_ | '_| | '_ \/ _` | \ \ \ \
 \\/  ___)| |_)| | | | | || (_| |  ) ) ) )
  '  |____| .__|_| |_|_| |_\__, | / / / /
 =========|_|==============|___/=/_/_/_/

 :: Spring Boot ::                (v4.0.6)

2026-05-03T22:51:48.051+05:30  INFO 24624 --- [SpringSecurity] [  restartedMain] c.v.S.SpringSecurityApplication          : Starting SpringSecurityApplication using Java 25.0.2 with PID 24624 (D:\Git Hub Project\FCT-JAVA\Advance Java\SpringBoot\Spring Boot Security\SpringSecurity\target\classes started by Arnav Gade in D:\Git Hub Project\FCT-JAVA\Advance Java\SpringBoot\Spring Boot Security\SpringSecurity)
2026-05-03T22:51:48.051+05:30  INFO 24624 --- [SpringSecurity] [  restartedMain] c.v.S.SpringSecurityApplication          : No active profile set, falling back to 1 default profile: "default"
2026-05-03T22:51:50.895+05:30  INFO 24624 --- [SpringSecurity] [  restartedMain] .s.d.r.c.RepositoryConfigurationDelegate : Bootstrapping Spring Data JPA repositories in DEFAULT mode.
2026-05-03T22:51:50.931+05:30  INFO 24624 --- [SpringSecurity] [  restartedMain] .s.d.r.c.RepositoryConfigurationDelegate : Finished Spring Data repository scanning in 34 ms. Found 1 JPA repository interface.
2026-05-03T22:51:51.618+05:30  INFO 24624 --- [SpringSecurity] [  restartedMain] o.s.boot.tomcat.TomcatWebServer          : Tomcat initialized with port 8083 (http)
2026-05-03T22:51:51.629+05:30  INFO 24624 --- [SpringSecurity] [  restartedMain] o.apache.catalina.core.StandardService   : Starting service [Tomcat]
2026-05-03T22:51:51.630+05:30  INFO 24624 --- [SpringSecurity] [  restartedMain] o.apache.catalina.core.StandardEngine    : Starting Servlet engine: [Apache Tomcat/11.0.21]
2026-05-03T22:51:51.795+05:30  INFO 24624 --- [SpringSecurity] [  restartedMain] b.w.c.s.WebApplicationContextInitializer : Root WebApplicationContext: initialization completed in 3733 ms
2026-05-03T22:51:52.011+05:30  INFO 24624 --- [SpringSecurity] [  restartedMain] org.hibernate.orm.jpa                    : HHH008540: Processing PersistenceUnitInfo [name: default]
2026-05-03T22:51:52.285+05:30  INFO 24624 --- [SpringSecurity] [  restartedMain] o.s.o.j.p.SpringPersistenceUnitInfo      : No LoadTimeWeaver setup: ignoring JPA class transformer
2026-05-03T22:51:52.313+05:30  INFO 24624 --- [SpringSecurity] [  restartedMain] com.zaxxer.hikari.HikariDataSource       : HikariPool-58 - Starting...
2026-05-03T22:51:52.464+05:30  INFO 24624 --- [SpringSecurity] [  restartedMain] com.zaxxer.hikari.pool.HikariPool        : HikariPool-58 - Added connection com.mysql.cj.jdbc.ConnectionImpl@159377f
2026-05-03T22:51:52.475+05:30  INFO 24624 --- [SpringSecurity] [  restartedMain] com.zaxxer.hikari.HikariDataSource       : HikariPool-58 - Start completed.
2026-05-03T22:51:52.538+05:30  INFO 24624 --- [SpringSecurity] [  restartedMain] org.hibernate.orm.connections.pooling    : HHH10001005: Database info:
	Database JDBC URL [jdbc:mysql://localhost:3306/springsecurity]
	Database driver: MySQL Connector/J
	Database dialect: MySQLDialect
	Database version: 8.0.42
	Default catalog/schema: springsecurity/undefined
	Autocommit mode: undefined/unknown
	Isolation level: REPEATABLE_READ [default REPEATABLE_READ]
	JDBC fetch size: none
	Pool: DataSourceConnectionProvider
	Minimum pool size: undefined/unknown
	Maximum pool size: undefined/unknown
2026-05-03T22:51:52.853+05:30  INFO 24624 --- [SpringSecurity] [  restartedMain] org.hibernate.orm.core                   : HHH000489: No JTA platform available (set 'hibernate.transaction.jta.platform' to enable JTA platform integration)
2026-05-03T22:51:52.944+05:30  INFO 24624 --- [SpringSecurity] [  restartedMain] j.LocalContainerEntityManagerFactoryBean : Initialized JPA EntityManagerFactory for persistence unit 'default'
2026-05-03T22:51:53.522+05:30  INFO 24624 --- [SpringSecurity] [  restartedMain] eAuthenticationProviderManagerConfigurer : Global AuthenticationManager configured with AuthenticationProvider bean with name authenticationProvider
2026-05-03T22:51:53.523+05:30  WARN 24624 --- [SpringSecurity] [  restartedMain] r$InitializeUserDetailsManagerConfigurer : Global AuthenticationManager configured with an AuthenticationProvider bean. UserDetailsService beans will not be used by Spring Security for automatically configuring username/password login. Consider removing the AuthenticationProvider bean. Alternatively, consider using the UserDetailsService in a manually instantiated DaoAuthenticationProvider. If the current configuration is intentional, to turn off this warning, increase the logging level of 'org.springframework.security.config.annotation.authentication.configuration.InitializeUserDetailsBeanManagerConfigurer' to ERROR
2026-05-03T22:51:53.571+05:30  WARN 24624 --- [SpringSecurity] [  restartedMain] JpaBaseConfiguration$JpaWebConfiguration : spring.jpa.open-in-view is enabled by default. Therefore, database queries may be performed during view rendering. Explicitly configure spring.jpa.open-in-view to disable this warning
2026-05-03T22:51:54.121+05:30  INFO 24624 --- [SpringSecurity] [  restartedMain] o.s.boot.tomcat.TomcatWebServer          : Tomcat started on port 8083 (http) with context path '/'
2026-05-03T22:51:54.133+05:30  INFO 24624 --- [SpringSecurity] [  restartedMain] c.v.S.SpringSecurityApplication          : Started SpringSecurityApplication in 8.315 seconds (process running for 16430.073)
2026-05-03T22:51:54.137+05:30  INFO 24624 --- [SpringSecurity] [  restartedMain] .ConditionEvaluationDeltaLoggingListener : Condition evaluation unchanged
2026-05-03T22:51:58.627+05:30  INFO 24624 --- [SpringSecurity] [   File Watcher] rtingClassPathChangeChangedEventListener : Restarting due to 1 class path change (0 additions, 0 deletions, 1 modification)
2026-05-03T22:51:58.757+05:30  INFO 24624 --- [SpringSecurity] [     Thread-211] o.s.boot.tomcat.GracefulShutdown         : Commencing graceful shutdown. Waiting for active requests to complete
2026-05-03T22:51:59.723+05:30  INFO 24624 --- [SpringSecurity] [tomcat-shutdown] o.s.boot.tomcat.GracefulShutdown         : Graceful shutdown complete
2026-05-03T22:51:59.726+05:30  INFO 24624 --- [SpringSecurity] [     Thread-211] j.LocalContainerEntityManagerFactoryBean : Closing JPA EntityManagerFactory for persistence unit 'default'
2026-05-03T22:51:59.782+05:30  INFO 24624 --- [SpringSecurity] [     Thread-211] com.zaxxer.hikari.HikariDataSource       : HikariPool-58 - Shutdown initiated...
2026-05-03T22:51:59.800+05:30  INFO 24624 --- [SpringSecurity] [     Thread-211] com.zaxxer.hikari.HikariDataSource       : HikariPool-58 - Shutdown completed.

  .   ____          _            __ _ _
 /\\ / ___'_ __ _ _(_)_ __  __ _ \ \ \ \
( ( )\___ | '_ | '_| | '_ \/ _` | \ \ \ \
 \\/  ___)| |_)| | | | | || (_| |  ) ) ) )
  '  |____| .__|_| |_|_| |_\__, | / / / /
 =========|_|==============|___/=/_/_/_/

 :: Spring Boot ::                (v4.0.6)

2026-05-03T22:52:00.218+05:30  INFO 24624 --- [SpringSecurity] [  restartedMain] c.v.S.SpringSecurityApplication          : Starting SpringSecurityApplication using Java 25.0.2 with PID 24624 (D:\Git Hub Project\FCT-JAVA\Advance Java\SpringBoot\Spring Boot Security\SpringSecurity\target\classes started by Arnav Gade in D:\Git Hub Project\FCT-JAVA\Advance Java\SpringBoot\Spring Boot Security\SpringSecurity)
2026-05-03T22:52:00.220+05:30  INFO 24624 --- [SpringSecurity] [  restartedMain] c.v.S.SpringSecurityApplication          : No active profile set, falling back to 1 default profile: "default"
2026-05-03T22:52:01.164+05:30  INFO 24624 --- [SpringSecurity] [  restartedMain] .s.d.r.c.RepositoryConfigurationDelegate : Bootstrapping Spring Data JPA repositories in DEFAULT mode.
2026-05-03T22:52:01.175+05:30  INFO 24624 --- [SpringSecurity] [  restartedMain] .s.d.r.c.RepositoryConfigurationDelegate : Finished Spring Data repository scanning in 10 ms. Found 1 JPA repository interface.
2026-05-03T22:52:01.366+05:30  INFO 24624 --- [SpringSecurity] [  restartedMain] o.s.boot.tomcat.TomcatWebServer          : Tomcat initialized with port 8083 (http)
2026-05-03T22:52:01.367+05:30  INFO 24624 --- [SpringSecurity] [  restartedMain] o.apache.catalina.core.StandardService   : Starting service [Tomcat]
2026-05-03T22:52:01.367+05:30  INFO 24624 --- [SpringSecurity] [  restartedMain] o.apache.catalina.core.StandardEngine    : Starting Servlet engine: [Apache Tomcat/11.0.21]
2026-05-03T22:52:01.424+05:30  INFO 24624 --- [SpringSecurity] [  restartedMain] b.w.c.s.WebApplicationContextInitializer : Root WebApplicationContext: initialization completed in 1194 ms
2026-05-03T22:52:01.497+05:30  INFO 24624 --- [SpringSecurity] [  restartedMain] org.hibernate.orm.jpa                    : HHH008540: Processing PersistenceUnitInfo [name: default]
2026-05-03T22:52:01.537+05:30  INFO 24624 --- [SpringSecurity] [  restartedMain] o.s.o.j.p.SpringPersistenceUnitInfo      : No LoadTimeWeaver setup: ignoring JPA class transformer
2026-05-03T22:52:01.538+05:30  INFO 24624 --- [SpringSecurity] [  restartedMain] com.zaxxer.hikari.HikariDataSource       : HikariPool-59 - Starting...
2026-05-03T22:52:01.560+05:30  INFO 24624 --- [SpringSecurity] [  restartedMain] com.zaxxer.hikari.pool.HikariPool        : HikariPool-59 - Added connection com.mysql.cj.jdbc.ConnectionImpl@1b5547bc
2026-05-03T22:52:01.560+05:30  INFO 24624 --- [SpringSecurity] [  restartedMain] com.zaxxer.hikari.HikariDataSource       : HikariPool-59 - Start completed.
2026-05-03T22:52:01.563+05:30  INFO 24624 --- [SpringSecurity] [  restartedMain] org.hibernate.orm.connections.pooling    : HHH10001005: Database info:
	Database JDBC URL [jdbc:mysql://localhost:3306/springsecurity]
	Database driver: MySQL Connector/J
	Database dialect: MySQLDialect
	Database version: 8.0.42
	Default catalog/schema: springsecurity/undefined
	Autocommit mode: undefined/unknown
	Isolation level: REPEATABLE_READ [default REPEATABLE_READ]
	JDBC fetch size: none
	Pool: DataSourceConnectionProvider
	Minimum pool size: undefined/unknown
	Maximum pool size: undefined/unknown
2026-05-03T22:52:01.675+05:30  INFO 24624 --- [SpringSecurity] [  restartedMain] org.hibernate.orm.core                   : HHH000489: No JTA platform available (set 'hibernate.transaction.jta.platform' to enable JTA platform integration)
2026-05-03T22:52:01.763+05:30  INFO 24624 --- [SpringSecurity] [  restartedMain] j.LocalContainerEntityManagerFactoryBean : Initialized JPA EntityManagerFactory for persistence unit 'default'
2026-05-03T22:52:01.837+05:30  INFO 24624 --- [SpringSecurity] [  restartedMain] eAuthenticationProviderManagerConfigurer : Global AuthenticationManager configured with AuthenticationProvider bean with name authenticationProvider
2026-05-03T22:52:01.838+05:30  WARN 24624 --- [SpringSecurity] [  restartedMain] r$InitializeUserDetailsManagerConfigurer : Global AuthenticationManager configured with an AuthenticationProvider bean. UserDetailsService beans will not be used by Spring Security for automatically configuring username/password login. Consider removing the AuthenticationProvider bean. Alternatively, consider using the UserDetailsService in a manually instantiated DaoAuthenticationProvider. If the current configuration is intentional, to turn off this warning, increase the logging level of 'org.springframework.security.config.annotation.authentication.configuration.InitializeUserDetailsBeanManagerConfigurer' to ERROR
2026-05-03T22:52:01.839+05:30  WARN 24624 --- [SpringSecurity] [  restartedMain] ConfigServletWebServerApplicationContext : Exception encountered during context initialization - cancelling refresh attempt: org.springframework.beans.factory.UnsatisfiedDependencyException: Error creating bean with name 'userController': Unsatisfied dependency expressed through field 'service': Error creating bean with name 'userService': Unsatisfied dependency expressed through field 'jwtService': Error creating bean with name 'JWTService' defined in file [D:\Git Hub Project\FCT-JAVA\Advance Java\SpringBoot\Spring Boot Security\SpringSecurity\target\classes\com\vedant\SpringSecurity\service\JWTService.class]: Failed to instantiate [com.vedant.SpringSecurity.service.JWTService]: Constructor threw exception
2026-05-03T22:52:01.839+05:30  INFO 24624 --- [SpringSecurity] [  restartedMain] j.LocalContainerEntityManagerFactoryBean : Closing JPA EntityManagerFactory for persistence unit 'default'
2026-05-03T22:52:01.840+05:30  INFO 24624 --- [SpringSecurity] [  restartedMain] com.zaxxer.hikari.HikariDataSource       : HikariPool-59 - Shutdown initiated...
2026-05-03T22:52:01.854+05:30  INFO 24624 --- [SpringSecurity] [  restartedMain] com.zaxxer.hikari.HikariDataSource       : HikariPool-59 - Shutdown completed.
2026-05-03T22:52:01.855+05:30  INFO 24624 --- [SpringSecurity] [  restartedMain] o.apache.catalina.core.StandardService   : Stopping service [Tomcat]
2026-05-03T22:52:01.857+05:30  INFO 24624 --- [SpringSecurity] [  restartedMain] .s.b.a.l.ConditionEvaluationReportLogger : 

Error starting ApplicationContext. To display the condition evaluation report re-run your application with 'debug' enabled.
2026-05-03T22:52:01.859+05:30 ERROR 24624 --- [SpringSecurity] [  restartedMain] o.s.boot.SpringApplication               : Application run failed

org.springframework.beans.factory.UnsatisfiedDependencyException: Error creating bean with name 'userController': Unsatisfied dependency expressed through field 'service': Error creating bean with name 'userService': Unsatisfied dependency expressed through field 'jwtService': Error creating bean with name 'JWTService' defined in file [D:\Git Hub Project\FCT-JAVA\Advance Java\SpringBoot\Spring Boot Security\SpringSecurity\target\classes\com\vedant\SpringSecurity\service\JWTService.class]: Failed to instantiate [com.vedant.SpringSecurity.service.JWTService]: Constructor threw exception
	at org.springframework.beans.factory.annotation.AutowiredAnnotationBeanPostProcessor$AutowiredFieldElement.resolveFieldValue(AutowiredAnnotationBeanPostProcessor.java:767) ~[spring-beans-7.0.7.jar:7.0.7]
	at org.springframework.beans.factory.annotation.AutowiredAnnotationBeanPostProcessor$AutowiredFieldElement.inject(AutowiredAnnotationBeanPostProcessor.java:748) ~[spring-beans-7.0.7.jar:7.0.7]
	at org.springframework.beans.factory.annotation.InjectionMetadata.inject(InjectionMetadata.java:146) ~[spring-beans-7.0.7.jar:7.0.7]
	at org.springframework.beans.factory.annotation.AutowiredAnnotationBeanPostProcessor.postProcessProperties(AutowiredAnnotationBeanPostProcessor.java:493) ~[spring-beans-7.0.7.jar:7.0.7]
	at org.springframework.beans.factory.support.AbstractAutowireCapableBeanFactory.populateBean(AbstractAutowireCapableBeanFactory.java:1446) ~[spring-beans-7.0.7.jar:7.0.7]
	at org.springframework.beans.factory.support.AbstractAutowireCapableBeanFactory.doCreateBean(AbstractAutowireCapableBeanFactory.java:602) ~[spring-beans-7.0.7.jar:7.0.7]
	at org.springframework.beans.factory.support.AbstractAutowireCapableBeanFactory.createBean(AbstractAutowireCapableBeanFactory.java:525) ~[spring-beans-7.0.7.jar:7.0.7]
	at org.springframework.beans.factory.support.AbstractBeanFactory.lambda$doGetBean$0(AbstractBeanFactory.java:333) ~[spring-beans-7.0.7.jar:7.0.7]
	at org.springframework.beans.factory.support.DefaultSingletonBeanRegistry.getSingleton(DefaultSingletonBeanRegistry.java:371) ~[spring-beans-7.0.7.jar:7.0.7]
	at org.springframework.beans.factory.support.AbstractBeanFactory.doGetBean(AbstractBeanFactory.java:331) ~[spring-beans-7.0.7.jar:7.0.7]
	at org.springframework.beans.factory.support.AbstractBeanFactory.getBean(AbstractBeanFactory.java:196) ~[spring-beans-7.0.7.jar:7.0.7]
	at org.springframework.beans.factory.support.DefaultListableBeanFactory.instantiateSingleton(DefaultListableBeanFactory.java:1218) ~[spring-beans-7.0.7.jar:7.0.7]
	at org.springframework.beans.factory.support.DefaultListableBeanFactory.preInstantiateSingleton(DefaultListableBeanFactory.java:1184) ~[spring-beans-7.0.7.jar:7.0.7]
	at org.springframework.beans.factory.support.DefaultListableBeanFactory.preInstantiateSingletons(DefaultListableBeanFactory.java:1121) ~[spring-beans-7.0.7.jar:7.0.7]
	at org.springframework.context.support.AbstractApplicationContext.finishBeanFactoryInitialization(AbstractApplicationContext.java:994) ~[spring-context-7.0.7.jar:7.0.7]
	at org.springframework.context.support.AbstractApplicationContext.refresh(AbstractApplicationContext.java:621) ~[spring-context-7.0.7.jar:7.0.7]
	at org.springframework.boot.web.server.servlet.context.ServletWebServerApplicationContext.refresh(ServletWebServerApplicationContext.java:143) ~[spring-boot-web-server-4.0.6.jar:4.0.6]
	at org.springframework.boot.SpringApplication.refresh(SpringApplication.java:756) ~[spring-boot-4.0.6.jar:4.0.6]
	at org.springframework.boot.SpringApplication.refreshContext(SpringApplication.java:445) ~[spring-boot-4.0.6.jar:4.0.6]
	at org.springframework.boot.SpringApplication.run(SpringApplication.java:321) ~[spring-boot-4.0.6.jar:4.0.6]
	at org.springframework.boot.SpringApplication.run(SpringApplication.java:1365) ~[spring-boot-4.0.6.jar:4.0.6]
	at org.springframework.boot.SpringApplication.run(SpringApplication.java:1354) ~[spring-boot-4.0.6.jar:4.0.6]
	at com.vedant.SpringSecurity.SpringSecurityApplication.main(SpringSecurityApplication.java:10) ~[classes/:na]
	at java.base/jdk.internal.reflect.DirectMethodHandleAccessor.invoke(DirectMethodHandleAccessor.java:104) ~[na:na]
	at java.base/java.lang.reflect.Method.invoke(Method.java:565) ~[na:na]
	at org.springframework.boot.devtools.restart.RestartLauncher.run(RestartLauncher.java:52) ~[spring-boot-devtools-4.0.6.jar:4.0.6]
Caused by: org.springframework.beans.factory.UnsatisfiedDependencyException: Error creating bean with name 'userService': Unsatisfied dependency expressed through field 'jwtService': Error creating bean with name 'JWTService' defined in file [D:\Git Hub Project\FCT-JAVA\Advance Java\SpringBoot\Spring Boot Security\SpringSecurity\target\classes\com\vedant\SpringSecurity\service\JWTService.class]: Failed to instantiate [com.vedant.SpringSecurity.service.JWTService]: Constructor threw exception
	at org.springframework.beans.factory.annotation.AutowiredAnnotationBeanPostProcessor$AutowiredFieldElement.resolveFieldValue(AutowiredAnnotationBeanPostProcessor.java:767) ~[spring-beans-7.0.7.jar:7.0.7]
	at org.springframework.beans.factory.annotation.AutowiredAnnotationBeanPostProcessor$AutowiredFieldElement.inject(AutowiredAnnotationBeanPostProcessor.java:748) ~[spring-beans-7.0.7.jar:7.0.7]
	at org.springframework.beans.factory.annotation.InjectionMetadata.inject(InjectionMetadata.java:146) ~[spring-beans-7.0.7.jar:7.0.7]
	at org.springframework.beans.factory.annotation.AutowiredAnnotationBeanPostProcessor.postProcessProperties(AutowiredAnnotationBeanPostProcessor.java:493) ~[spring-beans-7.0.7.jar:7.0.7]
	at org.springframework.beans.factory.support.AbstractAutowireCapableBeanFactory.populateBean(AbstractAutowireCapableBeanFactory.java:1446) ~[spring-beans-7.0.7.jar:7.0.7]
	at org.springframework.beans.factory.support.AbstractAutowireCapableBeanFactory.doCreateBean(AbstractAutowireCapableBeanFactory.java:602) ~[spring-beans-7.0.7.jar:7.0.7]
	at org.springframework.beans.factory.support.AbstractAutowireCapableBeanFactory.createBean(AbstractAutowireCapableBeanFactory.java:525) ~[spring-beans-7.0.7.jar:7.0.7]
	at org.springframework.beans.factory.support.AbstractBeanFactory.lambda$doGetBean$0(AbstractBeanFactory.java:333) ~[spring-beans-7.0.7.jar:7.0.7]
	at org.springframework.beans.factory.support.DefaultSingletonBeanRegistry.getSingleton(DefaultSingletonBeanRegistry.java:371) ~[spring-beans-7.0.7.jar:7.0.7]
	at org.springframework.beans.factory.support.AbstractBeanFactory.doGetBean(AbstractBeanFactory.java:331) ~[spring-beans-7.0.7.jar:7.0.7]
	at org.springframework.beans.factory.support.AbstractBeanFactory.getBean(AbstractBeanFactory.java:201) ~[spring-beans-7.0.7.jar:7.0.7]
	at org.springframework.beans.factory.config.DependencyDescriptor.resolveCandidate(DependencyDescriptor.java:229) ~[spring-beans-7.0.7.jar:7.0.7]
	at org.springframework.beans.factory.support.DefaultListableBeanFactory.doResolveDependency(DefaultListableBeanFactory.java:1762) ~[spring-beans-7.0.7.jar:7.0.7]
	at org.springframework.beans.factory.support.DefaultListableBeanFactory.resolveDependency(DefaultListableBeanFactory.java:1651) ~[spring-beans-7.0.7.jar:7.0.7]
	at org.springframework.beans.factory.annotation.AutowiredAnnotationBeanPostProcessor$AutowiredFieldElement.resolveFieldValue(AutowiredAnnotationBeanPostProcessor.java:764) ~[spring-beans-7.0.7.jar:7.0.7]
	... 25 common frames omitted
Caused by: org.springframework.beans.factory.BeanCreationException: Error creating bean with name 'JWTService' defined in file [D:\Git Hub Project\FCT-JAVA\Advance Java\SpringBoot\Spring Boot Security\SpringSecurity\target\classes\com\vedant\SpringSecurity\service\JWTService.class]: Failed to instantiate [com.vedant.SpringSecurity.service.JWTService]: Constructor threw exception
	at org.springframework.beans.factory.support.AbstractAutowireCapableBeanFactory.instantiateBean(AbstractAutowireCapableBeanFactory.java:1344) ~[spring-beans-7.0.7.jar:7.0.7]
	at org.springframework.beans.factory.support.AbstractAutowireCapableBeanFactory.createBeanInstance(AbstractAutowireCapableBeanFactory.java:1231) ~[spring-beans-7.0.7.jar:7.0.7]
	at org.springframework.beans.factory.support.AbstractAutowireCapableBeanFactory.doCreateBean(AbstractAutowireCapableBeanFactory.java:565) ~[spring-beans-7.0.7.jar:7.0.7]
	at org.springframework.beans.factory.support.AbstractAutowireCapableBeanFactory.createBean(AbstractAutowireCapableBeanFactory.java:525) ~[spring-beans-7.0.7.jar:7.0.7]
	at org.springframework.beans.factory.support.AbstractBeanFactory.lambda$doGetBean$0(AbstractBeanFactory.java:333) ~[spring-beans-7.0.7.jar:7.0.7]
	at org.springframework.beans.factory.support.DefaultSingletonBeanRegistry.getSingleton(DefaultSingletonBeanRegistry.java:371) ~[spring-beans-7.0.7.jar:7.0.7]
	at org.springframework.beans.factory.support.AbstractBeanFactory.doGetBean(AbstractBeanFactory.java:331) ~[spring-beans-7.0.7.jar:7.0.7]
	at org.springframework.beans.factory.support.AbstractBeanFactory.getBean(AbstractBeanFactory.java:201) ~[spring-beans-7.0.7.jar:7.0.7]
	at org.springframework.beans.factory.config.DependencyDescriptor.resolveCandidate(DependencyDescriptor.java:229) ~[spring-beans-7.0.7.jar:7.0.7]
	at org.springframework.beans.factory.support.DefaultListableBeanFactory.doResolveDependency(DefaultListableBeanFactory.java:1762) ~[spring-beans-7.0.7.jar:7.0.7]
	at org.springframework.beans.factory.support.DefaultListableBeanFactory.resolveDependency(DefaultListableBeanFactory.java:1651) ~[spring-beans-7.0.7.jar:7.0.7]
	at org.springframework.beans.factory.annotation.AutowiredAnnotationBeanPostProcessor$AutowiredFieldElement.resolveFieldValue(AutowiredAnnotationBeanPostProcessor.java:764) ~[spring-beans-7.0.7.jar:7.0.7]
	... 39 common frames omitted
Caused by: org.springframework.beans.BeanInstantiationException: Failed to instantiate [com.vedant.SpringSecurity.service.JWTService]: Constructor threw exception
	at org.springframework.beans.BeanUtils.instantiateClass(BeanUtils.java:220) ~[spring-beans-7.0.7.jar:7.0.7]
	at org.springframework.beans.factory.support.SimpleInstantiationStrategy.instantiate(SimpleInstantiationStrategy.java:106) ~[spring-beans-7.0.7.jar:7.0.7]
	at org.springframework.beans.factory.support.AbstractAutowireCapableBeanFactory.instantiateBean(AbstractAutowireCapableBeanFactory.java:1338) ~[spring-beans-7.0.7.jar:7.0.7]
	... 50 common frames omitted
Caused by: java.lang.Error: Unresolved compilation problem: 
	Syntax error, insert ";" to complete BlockStatements

	at com.vedant.SpringSecurity.service.JWTService.<init>(JWTService.java:19) ~[classes/:na]
	at java.base/jdk.internal.reflect.DirectConstructorHandleAccessor.newInstance(DirectConstructorHandleAccessor.java:62) ~[na:na]
	at java.base/java.lang.reflect.Constructor.newInstanceWithCaller(Constructor.java:499) ~[na:na]
	at java.base/java.lang.reflect.Constructor.newInstance(Constructor.java:483) ~[na:na]
	at org.springframework.beans.BeanUtils.instantiateClass(BeanUtils.java:194) ~[spring-beans-7.0.7.jar:7.0.7]
	... 52 common frames omitted


  .   ____          _            __ _ _
 /\\ / ___'_ __ _ _(_)_ __  __ _ \ \ \ \
( ( )\___ | '_ | '_| | '_ \/ _` | \ \ \ \
 \\/  ___)| |_)| | | | | || (_| |  ) ) ) )
  '  |____| .__|_| |_|_| |_\__, | / / / /
 =========|_|==============|___/=/_/_/_/

 :: Spring Boot ::                (v4.0.6)

2026-05-03T22:52:40.997+05:30  INFO 24624 --- [SpringSecurity] [  restartedMain] c.v.S.SpringSecurityApplication          : Starting SpringSecurityApplication using Java 25.0.2 with PID 24624 (D:\Git Hub Project\FCT-JAVA\Advance Java\SpringBoot\Spring Boot Security\SpringSecurity\target\classes started by Arnav Gade in D:\Git Hub Project\FCT-JAVA\Advance Java\SpringBoot\Spring Boot Security\SpringSecurity)
2026-05-03T22:52:40.998+05:30  INFO 24624 --- [SpringSecurity] [  restartedMain] c.v.S.SpringSecurityApplication          : No active profile set, falling back to 1 default profile: "default"
2026-05-03T22:52:41.683+05:30  INFO 24624 --- [SpringSecurity] [  restartedMain] .s.d.r.c.RepositoryConfigurationDelegate : Bootstrapping Spring Data JPA repositories in DEFAULT mode.
2026-05-03T22:52:41.700+05:30  INFO 24624 --- [SpringSecurity] [  restartedMain] .s.d.r.c.RepositoryConfigurationDelegate : Finished Spring Data repository scanning in 15 ms. Found 1 JPA repository interface.
2026-05-03T22:52:42.177+05:30  INFO 24624 --- [SpringSecurity] [  restartedMain] o.s.boot.tomcat.TomcatWebServer          : Tomcat initialized with port 8083 (http)
2026-05-03T22:52:42.215+05:30  INFO 24624 --- [SpringSecurity] [  restartedMain] o.apache.catalina.core.StandardService   : Starting service [Tomcat]
2026-05-03T22:52:42.215+05:30  INFO 24624 --- [SpringSecurity] [  restartedMain] o.apache.catalina.core.StandardEngine    : Starting Servlet engine: [Apache Tomcat/11.0.21]
2026-05-03T22:52:42.448+05:30  INFO 24624 --- [SpringSecurity] [  restartedMain] b.w.c.s.WebApplicationContextInitializer : Root WebApplicationContext: initialization completed in 1447 ms
2026-05-03T22:52:42.749+05:30  INFO 24624 --- [SpringSecurity] [  restartedMain] org.hibernate.orm.jpa                    : HHH008540: Processing PersistenceUnitInfo [name: default]
2026-05-03T22:52:43.045+05:30  INFO 24624 --- [SpringSecurity] [  restartedMain] o.s.o.j.p.SpringPersistenceUnitInfo      : No LoadTimeWeaver setup: ignoring JPA class transformer
2026-05-03T22:52:43.059+05:30  INFO 24624 --- [SpringSecurity] [  restartedMain] com.zaxxer.hikari.HikariDataSource       : HikariPool-60 - Starting...
2026-05-03T22:52:43.182+05:30  INFO 24624 --- [SpringSecurity] [  restartedMain] com.zaxxer.hikari.pool.HikariPool        : HikariPool-60 - Added connection com.mysql.cj.jdbc.ConnectionImpl@2658dac8
2026-05-03T22:52:43.184+05:30  INFO 24624 --- [SpringSecurity] [  restartedMain] com.zaxxer.hikari.HikariDataSource       : HikariPool-60 - Start completed.
2026-05-03T22:52:43.263+05:30  INFO 24624 --- [SpringSecurity] [  restartedMain] org.hibernate.orm.connections.pooling    : HHH10001005: Database info:
	Database JDBC URL [jdbc:mysql://localhost:3306/springsecurity]
	Database driver: MySQL Connector/J
	Database dialect: MySQLDialect
	Database version: 8.0.42
	Default catalog/schema: springsecurity/undefined
	Autocommit mode: undefined/unknown
	Isolation level: REPEATABLE_READ [default REPEATABLE_READ]
	JDBC fetch size: none
	Pool: DataSourceConnectionProvider
	Minimum pool size: undefined/unknown
	Maximum pool size: undefined/unknown
2026-05-03T22:52:43.744+05:30  INFO 24624 --- [SpringSecurity] [  restartedMain] org.hibernate.orm.core                   : HHH000489: No JTA platform available (set 'hibernate.transaction.jta.platform' to enable JTA platform integration)
2026-05-03T22:52:43.831+05:30  INFO 24624 --- [SpringSecurity] [  restartedMain] j.LocalContainerEntityManagerFactoryBean : Initialized JPA EntityManagerFactory for persistence unit 'default'
2026-05-03T22:52:44.215+05:30  INFO 24624 --- [SpringSecurity] [  restartedMain] eAuthenticationProviderManagerConfigurer : Global AuthenticationManager configured with AuthenticationProvider bean with name authenticationProvider
2026-05-03T22:52:44.219+05:30  WARN 24624 --- [SpringSecurity] [  restartedMain] r$InitializeUserDetailsManagerConfigurer : Global AuthenticationManager configured with an AuthenticationProvider bean. UserDetailsService beans will not be used by Spring Security for automatically configuring username/password login. Consider removing the AuthenticationProvider bean. Alternatively, consider using the UserDetailsService in a manually instantiated DaoAuthenticationProvider. If the current configuration is intentional, to turn off this warning, increase the logging level of 'org.springframework.security.config.annotation.authentication.configuration.InitializeUserDetailsBeanManagerConfigurer' to ERROR
2026-05-03T22:52:44.332+05:30  WARN 24624 --- [SpringSecurity] [  restartedMain] JpaBaseConfiguration$JpaWebConfiguration : spring.jpa.open-in-view is enabled by default. Therefore, database queries may be performed during view rendering. Explicitly configure spring.jpa.open-in-view to disable this warning
2026-05-03T22:52:45.055+05:30  INFO 24624 --- [SpringSecurity] [  restartedMain] o.s.boot.tomcat.TomcatWebServer          : Tomcat started on port 8083 (http) with context path '/'
2026-05-03T22:52:45.062+05:30  INFO 24624 --- [SpringSecurity] [  restartedMain] c.v.S.SpringSecurityApplication          : Started SpringSecurityApplication in 4.097 seconds (process running for 16481.002)
2026-05-03T22:52:45.074+05:30  INFO 24624 --- [SpringSecurity] [  restartedMain] .ConditionEvaluationDeltaLoggingListener : Condition evaluation unchanged
2026-05-03T22:53:47.334+05:30  INFO 24624 --- [SpringSecurity] [   File Watcher] rtingClassPathChangeChangedEventListener : Restarting due to 2 class path changes (0 additions, 0 deletions, 2 modifications)
2026-05-03T22:53:47.509+05:30  INFO 24624 --- [SpringSecurity] [     Thread-215] o.s.boot.tomcat.GracefulShutdown         : Commencing graceful shutdown. Waiting for active requests to complete
2026-05-03T22:53:47.718+05:30  INFO 24624 --- [SpringSecurity] [tomcat-shutdown] o.s.boot.tomcat.GracefulShutdown         : Graceful shutdown complete
2026-05-03T22:53:47.846+05:30  INFO 24624 --- [SpringSecurity] [     Thread-215] j.LocalContainerEntityManagerFactoryBean : Closing JPA EntityManagerFactory for persistence unit 'default'
2026-05-03T22:53:47.959+05:30  INFO 24624 --- [SpringSecurity] [     Thread-215] com.zaxxer.hikari.HikariDataSource       : HikariPool-60 - Shutdown initiated...
2026-05-03T22:53:48.101+05:30  INFO 24624 --- [SpringSecurity] [     Thread-215] com.zaxxer.hikari.HikariDataSource       : HikariPool-60 - Shutdown completed.

  .   ____          _            __ _ _
 /\\ / ___'_ __ _ _(_)_ __  __ _ \ \ \ \
( ( )\___ | '_ | '_| | '_ \/ _` | \ \ \ \
 \\/  ___)| |_)| | | | | || (_| |  ) ) ) )
  '  |____| .__|_| |_|_| |_\__, | / / / /
 =========|_|==============|___/=/_/_/_/

 :: Spring Boot ::                (v4.0.6)

2026-05-03T22:53:50.609+05:30  INFO 24624 --- [SpringSecurity] [  restartedMain] c.v.S.SpringSecurityApplication          : Starting SpringSecurityApplication using Java 25.0.2 with PID 24624 (D:\Git Hub Project\FCT-JAVA\Advance Java\SpringBoot\Spring Boot Security\SpringSecurity\target\classes started by Arnav Gade in D:\Git Hub Project\FCT-JAVA\Advance Java\SpringBoot\Spring Boot Security\SpringSecurity)
2026-05-03T22:53:50.612+05:30  INFO 24624 --- [SpringSecurity] [  restartedMain] c.v.S.SpringSecurityApplication          : No active profile set, falling back to 1 default profile: "default"
2026-05-03T22:53:52.148+05:30  INFO 24624 --- [SpringSecurity] [  restartedMain] .s.d.r.c.RepositoryConfigurationDelegate : Bootstrapping Spring Data JPA repositories in DEFAULT mode.
2026-05-03T22:53:52.182+05:30  INFO 24624 --- [SpringSecurity] [  restartedMain] .s.d.r.c.RepositoryConfigurationDelegate : Finished Spring Data repository scanning in 30 ms. Found 1 JPA repository interface.
2026-05-03T22:53:52.593+05:30  INFO 24624 --- [SpringSecurity] [  restartedMain] o.s.boot.tomcat.TomcatWebServer          : Tomcat initialized with port 8083 (http)
2026-05-03T22:53:52.598+05:30  INFO 24624 --- [SpringSecurity] [  restartedMain] o.apache.catalina.core.StandardService   : Starting service [Tomcat]
2026-05-03T22:53:52.598+05:30  INFO 24624 --- [SpringSecurity] [  restartedMain] o.apache.catalina.core.StandardEngine    : Starting Servlet engine: [Apache Tomcat/11.0.21]
2026-05-03T22:53:52.689+05:30  INFO 24624 --- [SpringSecurity] [  restartedMain] b.w.c.s.WebApplicationContextInitializer : Root WebApplicationContext: initialization completed in 2054 ms
2026-05-03T22:53:52.827+05:30  INFO 24624 --- [SpringSecurity] [  restartedMain] org.hibernate.orm.jpa                    : HHH008540: Processing PersistenceUnitInfo [name: default]
2026-05-03T22:53:52.929+05:30  INFO 24624 --- [SpringSecurity] [  restartedMain] o.s.o.j.p.SpringPersistenceUnitInfo      : No LoadTimeWeaver setup: ignoring JPA class transformer
2026-05-03T22:53:52.931+05:30  INFO 24624 --- [SpringSecurity] [  restartedMain] com.zaxxer.hikari.HikariDataSource       : HikariPool-61 - Starting...
2026-05-03T22:53:52.961+05:30  INFO 24624 --- [SpringSecurity] [  restartedMain] com.zaxxer.hikari.pool.HikariPool        : HikariPool-61 - Added connection com.mysql.cj.jdbc.ConnectionImpl@3bfe039e
2026-05-03T22:53:52.961+05:30  INFO 24624 --- [SpringSecurity] [  restartedMain] com.zaxxer.hikari.HikariDataSource       : HikariPool-61 - Start completed.
2026-05-03T22:53:52.989+05:30  INFO 24624 --- [SpringSecurity] [  restartedMain] org.hibernate.orm.connections.pooling    : HHH10001005: Database info:
	Database JDBC URL [jdbc:mysql://localhost:3306/springsecurity]
	Database driver: MySQL Connector/J
	Database dialect: MySQLDialect
	Database version: 8.0.42
	Default catalog/schema: springsecurity/undefined
	Autocommit mode: undefined/unknown
	Isolation level: REPEATABLE_READ [default REPEATABLE_READ]
	JDBC fetch size: none
	Pool: DataSourceConnectionProvider
	Minimum pool size: undefined/unknown
	Maximum pool size: undefined/unknown
2026-05-03T22:53:53.448+05:30  INFO 24624 --- [SpringSecurity] [  restartedMain] org.hibernate.orm.core                   : HHH000489: No JTA platform available (set 'hibernate.transaction.jta.platform' to enable JTA platform integration)
2026-05-03T22:53:53.772+05:30  INFO 24624 --- [SpringSecurity] [  restartedMain] j.LocalContainerEntityManagerFactoryBean : Initialized JPA EntityManagerFactory for persistence unit 'default'
2026-05-03T22:53:54.224+05:30  INFO 24624 --- [SpringSecurity] [  restartedMain] eAuthenticationProviderManagerConfigurer : Global AuthenticationManager configured with AuthenticationProvider bean with name authenticationProvider
2026-05-03T22:53:54.226+05:30  WARN 24624 --- [SpringSecurity] [  restartedMain] r$InitializeUserDetailsManagerConfigurer : Global AuthenticationManager configured with an AuthenticationProvider bean. UserDetailsService beans will not be used by Spring Security for automatically configuring username/password login. Consider removing the AuthenticationProvider bean. Alternatively, consider using the UserDetailsService in a manually instantiated DaoAuthenticationProvider. If the current configuration is intentional, to turn off this warning, increase the logging level of 'org.springframework.security.config.annotation.authentication.configuration.InitializeUserDetailsBeanManagerConfigurer' to ERROR
2026-05-03T22:53:54.232+05:30  WARN 24624 --- [SpringSecurity] [  restartedMain] ConfigServletWebServerApplicationContext : Exception encountered during context initialization - cancelling refresh attempt: org.springframework.beans.factory.UnsatisfiedDependencyException: Error creating bean with name 'userController': Unsatisfied dependency expressed through field 'service': Error creating bean with name 'userService': Unsatisfied dependency expressed through field 'jwtService': Error creating bean with name 'JWTService' defined in file [D:\Git Hub Project\FCT-JAVA\Advance Java\SpringBoot\Spring Boot Security\SpringSecurity\target\classes\com\vedant\SpringSecurity\service\JWTService.class]: Failed to instantiate [com.vedant.SpringSecurity.service.JWTService]: Constructor threw exception
2026-05-03T22:53:54.233+05:30  INFO 24624 --- [SpringSecurity] [  restartedMain] j.LocalContainerEntityManagerFactoryBean : Closing JPA EntityManagerFactory for persistence unit 'default'
2026-05-03T22:53:54.235+05:30  INFO 24624 --- [SpringSecurity] [  restartedMain] com.zaxxer.hikari.HikariDataSource       : HikariPool-61 - Shutdown initiated...
2026-05-03T22:53:54.329+05:30  INFO 24624 --- [SpringSecurity] [  restartedMain] com.zaxxer.hikari.HikariDataSource       : HikariPool-61 - Shutdown completed.
2026-05-03T22:53:54.330+05:30  INFO 24624 --- [SpringSecurity] [  restartedMain] o.apache.catalina.core.StandardService   : Stopping service [Tomcat]
2026-05-03T22:53:54.337+05:30  INFO 24624 --- [SpringSecurity] [  restartedMain] .s.b.a.l.ConditionEvaluationReportLogger : 

Error starting ApplicationContext. To display the condition evaluation report re-run your application with 'debug' enabled.
2026-05-03T22:53:54.350+05:30 ERROR 24624 --- [SpringSecurity] [  restartedMain] o.s.boot.SpringApplication               : Application run failed

org.springframework.beans.factory.UnsatisfiedDependencyException: Error creating bean with name 'userController': Unsatisfied dependency expressed through field 'service': Error creating bean with name 'userService': Unsatisfied dependency expressed through field 'jwtService': Error creating bean with name 'JWTService' defined in file [D:\Git Hub Project\FCT-JAVA\Advance Java\SpringBoot\Spring Boot Security\SpringSecurity\target\classes\com\vedant\SpringSecurity\service\JWTService.class]: Failed to instantiate [com.vedant.SpringSecurity.service.JWTService]: Constructor threw exception
	at org.springframework.beans.factory.annotation.AutowiredAnnotationBeanPostProcessor$AutowiredFieldElement.resolveFieldValue(AutowiredAnnotationBeanPostProcessor.java:767) ~[spring-beans-7.0.7.jar:7.0.7]
	at org.springframework.beans.factory.annotation.AutowiredAnnotationBeanPostProcessor$AutowiredFieldElement.inject(AutowiredAnnotationBeanPostProcessor.java:748) ~[spring-beans-7.0.7.jar:7.0.7]
	at org.springframework.beans.factory.annotation.InjectionMetadata.inject(InjectionMetadata.java:146) ~[spring-beans-7.0.7.jar:7.0.7]
	at org.springframework.beans.factory.annotation.AutowiredAnnotationBeanPostProcessor.postProcessProperties(AutowiredAnnotationBeanPostProcessor.java:493) ~[spring-beans-7.0.7.jar:7.0.7]
	at org.springframework.beans.factory.support.AbstractAutowireCapableBeanFactory.populateBean(AbstractAutowireCapableBeanFactory.java:1446) ~[spring-beans-7.0.7.jar:7.0.7]
	at org.springframework.beans.factory.support.AbstractAutowireCapableBeanFactory.doCreateBean(AbstractAutowireCapableBeanFactory.java:602) ~[spring-beans-7.0.7.jar:7.0.7]
	at org.springframework.beans.factory.support.AbstractAutowireCapableBeanFactory.createBean(AbstractAutowireCapableBeanFactory.java:525) ~[spring-beans-7.0.7.jar:7.0.7]
	at org.springframework.beans.factory.support.AbstractBeanFactory.lambda$doGetBean$0(AbstractBeanFactory.java:333) ~[spring-beans-7.0.7.jar:7.0.7]
	at org.springframework.beans.factory.support.DefaultSingletonBeanRegistry.getSingleton(DefaultSingletonBeanRegistry.java:371) ~[spring-beans-7.0.7.jar:7.0.7]
	at org.springframework.beans.factory.support.AbstractBeanFactory.doGetBean(AbstractBeanFactory.java:331) ~[spring-beans-7.0.7.jar:7.0.7]
	at org.springframework.beans.factory.support.AbstractBeanFactory.getBean(AbstractBeanFactory.java:196) ~[spring-beans-7.0.7.jar:7.0.7]
	at org.springframework.beans.factory.support.DefaultListableBeanFactory.instantiateSingleton(DefaultListableBeanFactory.java:1218) ~[spring-beans-7.0.7.jar:7.0.7]
	at org.springframework.beans.factory.support.DefaultListableBeanFactory.preInstantiateSingleton(DefaultListableBeanFactory.java:1184) ~[spring-beans-7.0.7.jar:7.0.7]
	at org.springframework.beans.factory.support.DefaultListableBeanFactory.preInstantiateSingletons(DefaultListableBeanFactory.java:1121) ~[spring-beans-7.0.7.jar:7.0.7]
	at org.springframework.context.support.AbstractApplicationContext.finishBeanFactoryInitialization(AbstractApplicationContext.java:994) ~[spring-context-7.0.7.jar:7.0.7]
	at org.springframework.context.support.AbstractApplicationContext.refresh(AbstractApplicationContext.java:621) ~[spring-context-7.0.7.jar:7.0.7]
	at org.springframework.boot.web.server.servlet.context.ServletWebServerApplicationContext.refresh(ServletWebServerApplicationContext.java:143) ~[spring-boot-web-server-4.0.6.jar:4.0.6]
	at org.springframework.boot.SpringApplication.refresh(SpringApplication.java:756) ~[spring-boot-4.0.6.jar:4.0.6]
	at org.springframework.boot.SpringApplication.refreshContext(SpringApplication.java:445) ~[spring-boot-4.0.6.jar:4.0.6]
	at org.springframework.boot.SpringApplication.run(SpringApplication.java:321) ~[spring-boot-4.0.6.jar:4.0.6]
	at org.springframework.boot.SpringApplication.run(SpringApplication.java:1365) ~[spring-boot-4.0.6.jar:4.0.6]
	at org.springframework.boot.SpringApplication.run(SpringApplication.java:1354) ~[spring-boot-4.0.6.jar:4.0.6]
	at com.vedant.SpringSecurity.SpringSecurityApplication.main(SpringSecurityApplication.java:10) ~[classes/:na]
	at java.base/jdk.internal.reflect.DirectMethodHandleAccessor.invoke(DirectMethodHandleAccessor.java:104) ~[na:na]
	at java.base/java.lang.reflect.Method.invoke(Method.java:565) ~[na:na]
	at org.springframework.boot.devtools.restart.RestartLauncher.run(RestartLauncher.java:52) ~[spring-boot-devtools-4.0.6.jar:4.0.6]
Caused by: org.springframework.beans.factory.UnsatisfiedDependencyException: Error creating bean with name 'userService': Unsatisfied dependency expressed through field 'jwtService': Error creating bean with name 'JWTService' defined in file [D:\Git Hub Project\FCT-JAVA\Advance Java\SpringBoot\Spring Boot Security\SpringSecurity\target\classes\com\vedant\SpringSecurity\service\JWTService.class]: Failed to instantiate [com.vedant.SpringSecurity.service.JWTService]: Constructor threw exception
	at org.springframework.beans.factory.annotation.AutowiredAnnotationBeanPostProcessor$AutowiredFieldElement.resolveFieldValue(AutowiredAnnotationBeanPostProcessor.java:767) ~[spring-beans-7.0.7.jar:7.0.7]
	at org.springframework.beans.factory.annotation.AutowiredAnnotationBeanPostProcessor$AutowiredFieldElement.inject(AutowiredAnnotationBeanPostProcessor.java:748) ~[spring-beans-7.0.7.jar:7.0.7]
	at org.springframework.beans.factory.annotation.InjectionMetadata.inject(InjectionMetadata.java:146) ~[spring-beans-7.0.7.jar:7.0.7]
	at org.springframework.beans.factory.annotation.AutowiredAnnotationBeanPostProcessor.postProcessProperties(AutowiredAnnotationBeanPostProcessor.java:493) ~[spring-beans-7.0.7.jar:7.0.7]
	at org.springframework.beans.factory.support.AbstractAutowireCapableBeanFactory.populateBean(AbstractAutowireCapableBeanFactory.java:1446) ~[spring-beans-7.0.7.jar:7.0.7]
	at org.springframework.beans.factory.support.AbstractAutowireCapableBeanFactory.doCreateBean(AbstractAutowireCapableBeanFactory.java:602) ~[spring-beans-7.0.7.jar:7.0.7]
	at org.springframework.beans.factory.support.AbstractAutowireCapableBeanFactory.createBean(AbstractAutowireCapableBeanFactory.java:525) ~[spring-beans-7.0.7.jar:7.0.7]
	at org.springframework.beans.factory.support.AbstractBeanFactory.lambda$doGetBean$0(AbstractBeanFactory.java:333) ~[spring-beans-7.0.7.jar:7.0.7]
	at org.springframework.beans.factory.support.DefaultSingletonBeanRegistry.getSingleton(DefaultSingletonBeanRegistry.java:371) ~[spring-beans-7.0.7.jar:7.0.7]
	at org.springframework.beans.factory.support.AbstractBeanFactory.doGetBean(AbstractBeanFactory.java:331) ~[spring-beans-7.0.7.jar:7.0.7]
	at org.springframework.beans.factory.support.AbstractBeanFactory.getBean(AbstractBeanFactory.java:201) ~[spring-beans-7.0.7.jar:7.0.7]
	at org.springframework.beans.factory.config.DependencyDescriptor.resolveCandidate(DependencyDescriptor.java:229) ~[spring-beans-7.0.7.jar:7.0.7]
	at org.springframework.beans.factory.support.DefaultListableBeanFactory.doResolveDependency(DefaultListableBeanFactory.java:1762) ~[spring-beans-7.0.7.jar:7.0.7]
	at org.springframework.beans.factory.support.DefaultListableBeanFactory.resolveDependency(DefaultListableBeanFactory.java:1651) ~[spring-beans-7.0.7.jar:7.0.7]
	at org.springframework.beans.factory.annotation.AutowiredAnnotationBeanPostProcessor$AutowiredFieldElement.resolveFieldValue(AutowiredAnnotationBeanPostProcessor.java:764) ~[spring-beans-7.0.7.jar:7.0.7]
	... 25 common frames omitted
Caused by: org.springframework.beans.factory.BeanCreationException: Error creating bean with name 'JWTService' defined in file [D:\Git Hub Project\FCT-JAVA\Advance Java\SpringBoot\Spring Boot Security\SpringSecurity\target\classes\com\vedant\SpringSecurity\service\JWTService.class]: Failed to instantiate [com.vedant.SpringSecurity.service.JWTService]: Constructor threw exception
	at org.springframework.beans.factory.support.AbstractAutowireCapableBeanFactory.instantiateBean(AbstractAutowireCapableBeanFactory.java:1344) ~[spring-beans-7.0.7.jar:7.0.7]
	at org.springframework.beans.factory.support.AbstractAutowireCapableBeanFactory.createBeanInstance(AbstractAutowireCapableBeanFactory.java:1231) ~[spring-beans-7.0.7.jar:7.0.7]
	at org.springframework.beans.factory.support.AbstractAutowireCapableBeanFactory.doCreateBean(AbstractAutowireCapableBeanFactory.java:565) ~[spring-beans-7.0.7.jar:7.0.7]
	at org.springframework.beans.factory.support.AbstractAutowireCapableBeanFactory.createBean(AbstractAutowireCapableBeanFactory.java:525) ~[spring-beans-7.0.7.jar:7.0.7]
	at org.springframework.beans.factory.support.AbstractBeanFactory.lambda$doGetBean$0(AbstractBeanFactory.java:333) ~[spring-beans-7.0.7.jar:7.0.7]
	at org.springframework.beans.factory.support.DefaultSingletonBeanRegistry.getSingleton(DefaultSingletonBeanRegistry.java:371) ~[spring-beans-7.0.7.jar:7.0.7]
	at org.springframework.beans.factory.support.AbstractBeanFactory.doGetBean(AbstractBeanFactory.java:331) ~[spring-beans-7.0.7.jar:7.0.7]
	at org.springframework.beans.factory.support.AbstractBeanFactory.getBean(AbstractBeanFactory.java:201) ~[spring-beans-7.0.7.jar:7.0.7]
	at org.springframework.beans.factory.config.DependencyDescriptor.resolveCandidate(DependencyDescriptor.java:229) ~[spring-beans-7.0.7.jar:7.0.7]
	at org.springframework.beans.factory.support.DefaultListableBeanFactory.doResolveDependency(DefaultListableBeanFactory.java:1762) ~[spring-beans-7.0.7.jar:7.0.7]
	at org.springframework.beans.factory.support.DefaultListableBeanFactory.resolveDependency(DefaultListableBeanFactory.java:1651) ~[spring-beans-7.0.7.jar:7.0.7]
	at org.springframework.beans.factory.annotation.AutowiredAnnotationBeanPostProcessor$AutowiredFieldElement.resolveFieldValue(AutowiredAnnotationBeanPostProcessor.java:764) ~[spring-beans-7.0.7.jar:7.0.7]
	... 39 common frames omitted
Caused by: org.springframework.beans.BeanInstantiationException: Failed to instantiate [com.vedant.SpringSecurity.service.JWTService]: Constructor threw exception
	at org.springframework.beans.BeanUtils.instantiateClass(BeanUtils.java:220) ~[spring-beans-7.0.7.jar:7.0.7]
	at org.springframework.beans.factory.support.SimpleInstantiationStrategy.instantiate(SimpleInstantiationStrategy.java:106) ~[spring-beans-7.0.7.jar:7.0.7]
	at org.springframework.beans.factory.support.AbstractAutowireCapableBeanFactory.instantiateBean(AbstractAutowireCapableBeanFactory.java:1338) ~[spring-beans-7.0.7.jar:7.0.7]
	... 50 common frames omitted
Caused by: java.lang.Error: Unresolved compilation problems: 
	Syntax error, insert "AssignmentOperator Expression" to complete Assignment
	Syntax error, insert ";" to complete Statement
	encode cannot be resolved or is not a field
	SECRET_KEY cannot be resolved to a variable

	at com.vedant.SpringSecurity.service.JWTService.<init>(JWTService.java:24) ~[classes/:na]
	at java.base/jdk.internal.reflect.DirectConstructorHandleAccessor.newInstance(DirectConstructorHandleAccessor.java:62) ~[na:na]
	at java.base/java.lang.reflect.Constructor.newInstanceWithCaller(Constructor.java:499) ~[na:na]
	at java.base/java.lang.reflect.Constructor.newInstance(Constructor.java:483) ~[na:na]
	at org.springframework.beans.BeanUtils.instantiateClass(BeanUtils.java:194) ~[spring-beans-7.0.7.jar:7.0.7]
	... 52 common frames omitted


  .   ____          _            __ _ _
 /\\ / ___'_ __ _ _(_)_ __  __ _ \ \ \ \
( ( )\___ | '_ | '_| | '_ \/ _` | \ \ \ \
 \\/  ___)| |_)| | | | | || (_| |  ) ) ) )
  '  |____| .__|_| |_|_| |_\__, | / / / /
 =========|_|==============|___/=/_/_/_/

 :: Spring Boot ::                (v4.0.6)

2026-05-03T22:54:27.487+05:30  INFO 24624 --- [SpringSecurity] [  restartedMain] c.v.S.SpringSecurityApplication          : Starting SpringSecurityApplication using Java 25.0.2 with PID 24624 (D:\Git Hub Project\FCT-JAVA\Advance Java\SpringBoot\Spring Boot Security\SpringSecurity\target\classes started by Arnav Gade in D:\Git Hub Project\FCT-JAVA\Advance Java\SpringBoot\Spring Boot Security\SpringSecurity)
2026-05-03T22:54:27.488+05:30  INFO 24624 --- [SpringSecurity] [  restartedMain] c.v.S.SpringSecurityApplication          : No active profile set, falling back to 1 default profile: "default"
2026-05-03T22:54:28.470+05:30  INFO 24624 --- [SpringSecurity] [  restartedMain] .s.d.r.c.RepositoryConfigurationDelegate : Bootstrapping Spring Data JPA repositories in DEFAULT mode.
2026-05-03T22:54:28.491+05:30  INFO 24624 --- [SpringSecurity] [  restartedMain] .s.d.r.c.RepositoryConfigurationDelegate : Finished Spring Data repository scanning in 18 ms. Found 1 JPA repository interface.
2026-05-03T22:54:29.548+05:30  INFO 24624 --- [SpringSecurity] [  restartedMain] o.s.boot.tomcat.TomcatWebServer          : Tomcat initialized with port 8083 (http)
2026-05-03T22:54:29.551+05:30  INFO 24624 --- [SpringSecurity] [  restartedMain] o.apache.catalina.core.StandardService   : Starting service [Tomcat]
2026-05-03T22:54:29.555+05:30  INFO 24624 --- [SpringSecurity] [  restartedMain] o.apache.catalina.core.StandardEngine    : Starting Servlet engine: [Apache Tomcat/11.0.21]
2026-05-03T22:54:29.678+05:30  INFO 24624 --- [SpringSecurity] [  restartedMain] b.w.c.s.WebApplicationContextInitializer : Root WebApplicationContext: initialization completed in 2159 ms
2026-05-03T22:54:29.967+05:30  INFO 24624 --- [SpringSecurity] [  restartedMain] org.hibernate.orm.jpa                    : HHH008540: Processing PersistenceUnitInfo [name: default]
2026-05-03T22:54:30.306+05:30  INFO 24624 --- [SpringSecurity] [  restartedMain] o.s.o.j.p.SpringPersistenceUnitInfo      : No LoadTimeWeaver setup: ignoring JPA class transformer
2026-05-03T22:54:30.312+05:30  INFO 24624 --- [SpringSecurity] [  restartedMain] com.zaxxer.hikari.HikariDataSource       : HikariPool-62 - Starting...
2026-05-03T22:54:30.362+05:30  INFO 24624 --- [SpringSecurity] [  restartedMain] com.zaxxer.hikari.pool.HikariPool        : HikariPool-62 - Added connection com.mysql.cj.jdbc.ConnectionImpl@21ee57a2
2026-05-03T22:54:30.362+05:30  INFO 24624 --- [SpringSecurity] [  restartedMain] com.zaxxer.hikari.HikariDataSource       : HikariPool-62 - Start completed.
2026-05-03T22:54:30.402+05:30  INFO 24624 --- [SpringSecurity] [  restartedMain] org.hibernate.orm.connections.pooling    : HHH10001005: Database info:
	Database JDBC URL [jdbc:mysql://localhost:3306/springsecurity]
	Database driver: MySQL Connector/J
	Database dialect: MySQLDialect
	Database version: 8.0.42
	Default catalog/schema: springsecurity/undefined
	Autocommit mode: undefined/unknown
	Isolation level: REPEATABLE_READ [default REPEATABLE_READ]
	JDBC fetch size: none
	Pool: DataSourceConnectionProvider
	Minimum pool size: undefined/unknown
	Maximum pool size: undefined/unknown
2026-05-03T22:54:30.673+05:30  INFO 24624 --- [SpringSecurity] [  restartedMain] org.hibernate.orm.core                   : HHH000489: No JTA platform available (set 'hibernate.transaction.jta.platform' to enable JTA platform integration)
2026-05-03T22:54:30.734+05:30  INFO 24624 --- [SpringSecurity] [  restartedMain] j.LocalContainerEntityManagerFactoryBean : Initialized JPA EntityManagerFactory for persistence unit 'default'
2026-05-03T22:54:30.951+05:30  INFO 24624 --- [SpringSecurity] [  restartedMain] eAuthenticationProviderManagerConfigurer : Global AuthenticationManager configured with AuthenticationProvider bean with name authenticationProvider
2026-05-03T22:54:30.955+05:30  WARN 24624 --- [SpringSecurity] [  restartedMain] r$InitializeUserDetailsManagerConfigurer : Global AuthenticationManager configured with an AuthenticationProvider bean. UserDetailsService beans will not be used by Spring Security for automatically configuring username/password login. Consider removing the AuthenticationProvider bean. Alternatively, consider using the UserDetailsService in a manually instantiated DaoAuthenticationProvider. If the current configuration is intentional, to turn off this warning, increase the logging level of 'org.springframework.security.config.annotation.authentication.configuration.InitializeUserDetailsBeanManagerConfigurer' to ERROR
2026-05-03T22:54:31.021+05:30  WARN 24624 --- [SpringSecurity] [  restartedMain] JpaBaseConfiguration$JpaWebConfiguration : spring.jpa.open-in-view is enabled by default. Therefore, database queries may be performed during view rendering. Explicitly configure spring.jpa.open-in-view to disable this warning
2026-05-03T22:54:31.259+05:30  INFO 24624 --- [SpringSecurity] [  restartedMain] o.s.boot.tomcat.TomcatWebServer          : Tomcat started on port 8083 (http) with context path '/'
2026-05-03T22:54:31.263+05:30  INFO 24624 --- [SpringSecurity] [  restartedMain] c.v.S.SpringSecurityApplication          : Started SpringSecurityApplication in 3.996 seconds (process running for 16587.203)
2026-05-03T22:54:31.265+05:30  INFO 24624 --- [SpringSecurity] [  restartedMain] .ConditionEvaluationDeltaLoggingListener : Condition evaluation unchanged
2026-05-03T22:54:56.153+05:30  INFO 24624 --- [SpringSecurity] [   File Watcher] rtingClassPathChangeChangedEventListener : Restarting due to 1 class path change (0 additions, 0 deletions, 1 modification)
2026-05-03T22:54:56.219+05:30  INFO 24624 --- [SpringSecurity] [     Thread-222] o.s.boot.tomcat.GracefulShutdown         : Commencing graceful shutdown. Waiting for active requests to complete
2026-05-03T22:54:56.542+05:30  INFO 24624 --- [SpringSecurity] [tomcat-shutdown] o.s.boot.tomcat.GracefulShutdown         : Graceful shutdown complete
2026-05-03T22:54:56.571+05:30  INFO 24624 --- [SpringSecurity] [     Thread-222] j.LocalContainerEntityManagerFactoryBean : Closing JPA EntityManagerFactory for persistence unit 'default'
2026-05-03T22:54:56.592+05:30  INFO 24624 --- [SpringSecurity] [     Thread-222] com.zaxxer.hikari.HikariDataSource       : HikariPool-62 - Shutdown initiated...
2026-05-03T22:54:56.738+05:30  INFO 24624 --- [SpringSecurity] [     Thread-222] com.zaxxer.hikari.HikariDataSource       : HikariPool-62 - Shutdown completed.

  .   ____          _            __ _ _
 /\\ / ___'_ __ _ _(_)_ __  __ _ \ \ \ \
( ( )\___ | '_ | '_| | '_ \/ _` | \ \ \ \
 \\/  ___)| |_)| | | | | || (_| |  ) ) ) )
  '  |____| .__|_| |_|_| |_\__, | / / / /
 =========|_|==============|___/=/_/_/_/

 :: Spring Boot ::                (v4.0.6)

2026-05-03T22:54:58.621+05:30  INFO 24624 --- [SpringSecurity] [  restartedMain] c.v.S.SpringSecurityApplication          : Starting SpringSecurityApplication using Java 25.0.2 with PID 24624 (D:\Git Hub Project\FCT-JAVA\Advance Java\SpringBoot\Spring Boot Security\SpringSecurity\target\classes started by Arnav Gade in D:\Git Hub Project\FCT-JAVA\Advance Java\SpringBoot\Spring Boot Security\SpringSecurity)
2026-05-03T22:54:58.623+05:30  INFO 24624 --- [SpringSecurity] [  restartedMain] c.v.S.SpringSecurityApplication          : No active profile set, falling back to 1 default profile: "default"
2026-05-03T22:55:00.700+05:30  INFO 24624 --- [SpringSecurity] [  restartedMain] .s.d.r.c.RepositoryConfigurationDelegate : Bootstrapping Spring Data JPA repositories in DEFAULT mode.
2026-05-03T22:55:00.737+05:30  INFO 24624 --- [SpringSecurity] [  restartedMain] .s.d.r.c.RepositoryConfigurationDelegate : Finished Spring Data repository scanning in 30 ms. Found 1 JPA repository interface.
2026-05-03T22:55:01.765+05:30  INFO 24624 --- [SpringSecurity] [  restartedMain] o.s.boot.tomcat.TomcatWebServer          : Tomcat initialized with port 8083 (http)
2026-05-03T22:55:01.769+05:30  INFO 24624 --- [SpringSecurity] [  restartedMain] o.apache.catalina.core.StandardService   : Starting service [Tomcat]
2026-05-03T22:55:01.769+05:30  INFO 24624 --- [SpringSecurity] [  restartedMain] o.apache.catalina.core.StandardEngine    : Starting Servlet engine: [Apache Tomcat/11.0.21]
2026-05-03T22:55:01.850+05:30  INFO 24624 --- [SpringSecurity] [  restartedMain] b.w.c.s.WebApplicationContextInitializer : Root WebApplicationContext: initialization completed in 3212 ms
2026-05-03T22:55:02.008+05:30  INFO 24624 --- [SpringSecurity] [  restartedMain] org.hibernate.orm.jpa                    : HHH008540: Processing PersistenceUnitInfo [name: default]
2026-05-03T22:55:02.060+05:30  INFO 24624 --- [SpringSecurity] [  restartedMain] o.s.o.j.p.SpringPersistenceUnitInfo      : No LoadTimeWeaver setup: ignoring JPA class transformer
2026-05-03T22:55:02.061+05:30  INFO 24624 --- [SpringSecurity] [  restartedMain] com.zaxxer.hikari.HikariDataSource       : HikariPool-63 - Starting...
2026-05-03T22:55:02.086+05:30  INFO 24624 --- [SpringSecurity] [  restartedMain] com.zaxxer.hikari.pool.HikariPool        : HikariPool-63 - Added connection com.mysql.cj.jdbc.ConnectionImpl@50f823e9
2026-05-03T22:55:02.086+05:30  INFO 24624 --- [SpringSecurity] [  restartedMain] com.zaxxer.hikari.HikariDataSource       : HikariPool-63 - Start completed.
2026-05-03T22:55:02.089+05:30  INFO 24624 --- [SpringSecurity] [  restartedMain] org.hibernate.orm.connections.pooling    : HHH10001005: Database info:
	Database JDBC URL [jdbc:mysql://localhost:3306/springsecurity]
	Database driver: MySQL Connector/J
	Database dialect: MySQLDialect
	Database version: 8.0.42
	Default catalog/schema: springsecurity/undefined
	Autocommit mode: undefined/unknown
	Isolation level: REPEATABLE_READ [default REPEATABLE_READ]
	JDBC fetch size: none
	Pool: DataSourceConnectionProvider
	Minimum pool size: undefined/unknown
	Maximum pool size: undefined/unknown
2026-05-03T22:55:02.129+05:30  INFO 24624 --- [SpringSecurity] [  restartedMain] org.hibernate.orm.core                   : HHH000489: No JTA platform available (set 'hibernate.transaction.jta.platform' to enable JTA platform integration)
2026-05-03T22:55:02.166+05:30  INFO 24624 --- [SpringSecurity] [  restartedMain] j.LocalContainerEntityManagerFactoryBean : Initialized JPA EntityManagerFactory for persistence unit 'default'
2026-05-03T22:55:02.238+05:30  INFO 24624 --- [SpringSecurity] [  restartedMain] eAuthenticationProviderManagerConfigurer : Global AuthenticationManager configured with AuthenticationProvider bean with name authenticationProvider
2026-05-03T22:55:02.238+05:30  WARN 24624 --- [SpringSecurity] [  restartedMain] r$InitializeUserDetailsManagerConfigurer : Global AuthenticationManager configured with an AuthenticationProvider bean. UserDetailsService beans will not be used by Spring Security for automatically configuring username/password login. Consider removing the AuthenticationProvider bean. Alternatively, consider using the UserDetailsService in a manually instantiated DaoAuthenticationProvider. If the current configuration is intentional, to turn off this warning, increase the logging level of 'org.springframework.security.config.annotation.authentication.configuration.InitializeUserDetailsBeanManagerConfigurer' to ERROR
2026-05-03T22:55:02.249+05:30  WARN 24624 --- [SpringSecurity] [  restartedMain] JpaBaseConfiguration$JpaWebConfiguration : spring.jpa.open-in-view is enabled by default. Therefore, database queries may be performed during view rendering. Explicitly configure spring.jpa.open-in-view to disable this warning
2026-05-03T22:55:02.474+05:30  INFO 24624 --- [SpringSecurity] [  restartedMain] o.s.boot.tomcat.TomcatWebServer          : Tomcat started on port 8083 (http) with context path '/'
2026-05-03T22:55:02.482+05:30  INFO 24624 --- [SpringSecurity] [  restartedMain] c.v.S.SpringSecurityApplication          : Started SpringSecurityApplication in 4.146 seconds (process running for 16618.422)
2026-05-03T22:55:02.487+05:30  INFO 24624 --- [SpringSecurity] [  restartedMain] .ConditionEvaluationDeltaLoggingListener : Condition evaluation unchanged
2026-05-03T22:56:16.912+05:30  INFO 24624 --- [SpringSecurity] [   File Watcher] rtingClassPathChangeChangedEventListener : Restarting due to 1 class path change (0 additions, 0 deletions, 1 modification)
2026-05-03T22:56:16.921+05:30  INFO 24624 --- [SpringSecurity] [     Thread-229] o.s.boot.tomcat.GracefulShutdown         : Commencing graceful shutdown. Waiting for active requests to complete
2026-05-03T22:56:17.044+05:30  INFO 24624 --- [SpringSecurity] [tomcat-shutdown] o.s.boot.tomcat.GracefulShutdown         : Graceful shutdown complete
2026-05-03T22:56:17.323+05:30  INFO 24624 --- [SpringSecurity] [     Thread-229] j.LocalContainerEntityManagerFactoryBean : Closing JPA EntityManagerFactory for persistence unit 'default'
2026-05-03T22:56:17.366+05:30  INFO 24624 --- [SpringSecurity] [     Thread-229] com.zaxxer.hikari.HikariDataSource       : HikariPool-63 - Shutdown initiated...
2026-05-03T22:56:17.405+05:30  INFO 24624 --- [SpringSecurity] [     Thread-229] com.zaxxer.hikari.HikariDataSource       : HikariPool-63 - Shutdown completed.

  .   ____          _            __ _ _
 /\\ / ___'_ __ _ _(_)_ __  __ _ \ \ \ \
( ( )\___ | '_ | '_| | '_ \/ _` | \ \ \ \
 \\/  ___)| |_)| | | | | || (_| |  ) ) ) )
  '  |____| .__|_| |_|_| |_\__, | / / / /
 =========|_|==============|___/=/_/_/_/

 :: Spring Boot ::                (v4.0.6)

2026-05-03T22:56:18.948+05:30  INFO 24624 --- [SpringSecurity] [  restartedMain] c.v.S.SpringSecurityApplication          : Starting SpringSecurityApplication using Java 25.0.2 with PID 24624 (D:\Git Hub Project\FCT-JAVA\Advance Java\SpringBoot\Spring Boot Security\SpringSecurity\target\classes started by Arnav Gade in D:\Git Hub Project\FCT-JAVA\Advance Java\SpringBoot\Spring Boot Security\SpringSecurity)
2026-05-03T22:56:18.950+05:30  INFO 24624 --- [SpringSecurity] [  restartedMain] c.v.S.SpringSecurityApplication          : No active profile set, falling back to 1 default profile: "default"
2026-05-03T22:56:20.160+05:30  INFO 24624 --- [SpringSecurity] [  restartedMain] .s.d.r.c.RepositoryConfigurationDelegate : Bootstrapping Spring Data JPA repositories in DEFAULT mode.
2026-05-03T22:56:20.211+05:30  INFO 24624 --- [SpringSecurity] [  restartedMain] .s.d.r.c.RepositoryConfigurationDelegate : Finished Spring Data repository scanning in 39 ms. Found 1 JPA repository interface.
2026-05-03T22:56:21.437+05:30  INFO 24624 --- [SpringSecurity] [  restartedMain] o.s.boot.tomcat.TomcatWebServer          : Tomcat initialized with port 8083 (http)
2026-05-03T22:56:21.440+05:30  INFO 24624 --- [SpringSecurity] [  restartedMain] o.apache.catalina.core.StandardService   : Starting service [Tomcat]
2026-05-03T22:56:21.440+05:30  INFO 24624 --- [SpringSecurity] [  restartedMain] o.apache.catalina.core.StandardEngine    : Starting Servlet engine: [Apache Tomcat/11.0.21]
2026-05-03T22:56:21.948+05:30  INFO 24624 --- [SpringSecurity] [  restartedMain] b.w.c.s.WebApplicationContextInitializer : Root WebApplicationContext: initialization completed in 2987 ms
2026-05-03T22:56:22.275+05:30  INFO 24624 --- [SpringSecurity] [  restartedMain] org.hibernate.orm.jpa                    : HHH008540: Processing PersistenceUnitInfo [name: default]
2026-05-03T22:56:22.810+05:30  INFO 24624 --- [SpringSecurity] [  restartedMain] o.s.o.j.p.SpringPersistenceUnitInfo      : No LoadTimeWeaver setup: ignoring JPA class transformer
2026-05-03T22:56:22.816+05:30  INFO 24624 --- [SpringSecurity] [  restartedMain] com.zaxxer.hikari.HikariDataSource       : HikariPool-64 - Starting...
2026-05-03T22:56:22.857+05:30  INFO 24624 --- [SpringSecurity] [  restartedMain] com.zaxxer.hikari.pool.HikariPool        : HikariPool-64 - Added connection com.mysql.cj.jdbc.ConnectionImpl@7db51439
2026-05-03T22:56:22.857+05:30  INFO 24624 --- [SpringSecurity] [  restartedMain] com.zaxxer.hikari.HikariDataSource       : HikariPool-64 - Start completed.
2026-05-03T22:56:22.862+05:30  INFO 24624 --- [SpringSecurity] [  restartedMain] org.hibernate.orm.connections.pooling    : HHH10001005: Database info:
	Database JDBC URL [jdbc:mysql://localhost:3306/springsecurity]
	Database driver: MySQL Connector/J
	Database dialect: MySQLDialect
	Database version: 8.0.42
	Default catalog/schema: springsecurity/undefined
	Autocommit mode: undefined/unknown
	Isolation level: REPEATABLE_READ [default REPEATABLE_READ]
	JDBC fetch size: none
	Pool: DataSourceConnectionProvider
	Minimum pool size: undefined/unknown
	Maximum pool size: undefined/unknown
2026-05-03T22:56:23.047+05:30  INFO 24624 --- [SpringSecurity] [  restartedMain] org.hibernate.orm.core                   : HHH000489: No JTA platform available (set 'hibernate.transaction.jta.platform' to enable JTA platform integration)
2026-05-03T22:56:23.126+05:30  INFO 24624 --- [SpringSecurity] [  restartedMain] j.LocalContainerEntityManagerFactoryBean : Initialized JPA EntityManagerFactory for persistence unit 'default'
2026-05-03T22:56:23.510+05:30  INFO 24624 --- [SpringSecurity] [  restartedMain] eAuthenticationProviderManagerConfigurer : Global AuthenticationManager configured with AuthenticationProvider bean with name authenticationProvider
2026-05-03T22:56:23.514+05:30  WARN 24624 --- [SpringSecurity] [  restartedMain] r$InitializeUserDetailsManagerConfigurer : Global AuthenticationManager configured with an AuthenticationProvider bean. UserDetailsService beans will not be used by Spring Security for automatically configuring username/password login. Consider removing the AuthenticationProvider bean. Alternatively, consider using the UserDetailsService in a manually instantiated DaoAuthenticationProvider. If the current configuration is intentional, to turn off this warning, increase the logging level of 'org.springframework.security.config.annotation.authentication.configuration.InitializeUserDetailsBeanManagerConfigurer' to ERROR
2026-05-03T22:56:23.629+05:30  WARN 24624 --- [SpringSecurity] [  restartedMain] JpaBaseConfiguration$JpaWebConfiguration : spring.jpa.open-in-view is enabled by default. Therefore, database queries may be performed during view rendering. Explicitly configure spring.jpa.open-in-view to disable this warning
2026-05-03T22:56:24.195+05:30  INFO 24624 --- [SpringSecurity] [  restartedMain] o.s.boot.tomcat.TomcatWebServer          : Tomcat started on port 8083 (http) with context path '/'
2026-05-03T22:56:24.198+05:30  INFO 24624 --- [SpringSecurity] [  restartedMain] c.v.S.SpringSecurityApplication          : Started SpringSecurityApplication in 5.56 seconds (process running for 16700.138)
2026-05-03T22:56:24.203+05:30  INFO 24624 --- [SpringSecurity] [  restartedMain] .ConditionEvaluationDeltaLoggingListener : Condition evaluation unchanged
2026-05-03T22:56:58.047+05:30  INFO 24624 --- [SpringSecurity] [   File Watcher] rtingClassPathChangeChangedEventListener : Restarting due to 1 class path change (0 additions, 0 deletions, 1 modification)
2026-05-03T22:56:58.048+05:30  INFO 24624 --- [SpringSecurity] [     Thread-233] o.s.boot.tomcat.GracefulShutdown         : Commencing graceful shutdown. Waiting for active requests to complete
2026-05-03T22:56:58.069+05:30  INFO 24624 --- [SpringSecurity] [tomcat-shutdown] o.s.boot.tomcat.GracefulShutdown         : Graceful shutdown complete
2026-05-03T22:56:58.070+05:30  INFO 24624 --- [SpringSecurity] [     Thread-233] j.LocalContainerEntityManagerFactoryBean : Closing JPA EntityManagerFactory for persistence unit 'default'
2026-05-03T22:56:58.071+05:30  INFO 24624 --- [SpringSecurity] [     Thread-233] com.zaxxer.hikari.HikariDataSource       : HikariPool-64 - Shutdown initiated...
2026-05-03T22:56:58.074+05:30  INFO 24624 --- [SpringSecurity] [     Thread-233] com.zaxxer.hikari.HikariDataSource       : HikariPool-64 - Shutdown completed.

  .   ____          _            __ _ _
 /\\ / ___'_ __ _ _(_)_ __  __ _ \ \ \ \
( ( )\___ | '_ | '_| | '_ \/ _` | \ \ \ \
 \\/  ___)| |_)| | | | | || (_| |  ) ) ) )
  '  |____| .__|_| |_|_| |_\__, | / / / /
 =========|_|==============|___/=/_/_/_/

 :: Spring Boot ::                (v4.0.6)

2026-05-03T22:56:58.237+05:30  INFO 24624 --- [SpringSecurity] [  restartedMain] c.v.S.SpringSecurityApplication          : Starting SpringSecurityApplication using Java 25.0.2 with PID 24624 (D:\Git Hub Project\FCT-JAVA\Advance Java\SpringBoot\Spring Boot Security\SpringSecurity\target\classes started by Arnav Gade in D:\Git Hub Project\FCT-JAVA\Advance Java\SpringBoot\Spring Boot Security\SpringSecurity)
2026-05-03T22:56:58.237+05:30  INFO 24624 --- [SpringSecurity] [  restartedMain] c.v.S.SpringSecurityApplication          : No active profile set, falling back to 1 default profile: "default"
2026-05-03T22:56:58.590+05:30  INFO 24624 --- [SpringSecurity] [  restartedMain] .s.d.r.c.RepositoryConfigurationDelegate : Bootstrapping Spring Data JPA repositories in DEFAULT mode.
2026-05-03T22:56:58.608+05:30  INFO 24624 --- [SpringSecurity] [  restartedMain] .s.d.r.c.RepositoryConfigurationDelegate : Finished Spring Data repository scanning in 15 ms. Found 1 JPA repository interface.
2026-05-03T22:56:58.781+05:30  INFO 24624 --- [SpringSecurity] [  restartedMain] o.s.boot.tomcat.TomcatWebServer          : Tomcat initialized with port 8083 (http)
2026-05-03T22:56:58.782+05:30  INFO 24624 --- [SpringSecurity] [  restartedMain] o.apache.catalina.core.StandardService   : Starting service [Tomcat]
2026-05-03T22:56:58.782+05:30  INFO 24624 --- [SpringSecurity] [  restartedMain] o.apache.catalina.core.StandardEngine    : Starting Servlet engine: [Apache Tomcat/11.0.21]
2026-05-03T22:56:58.838+05:30  INFO 24624 --- [SpringSecurity] [  restartedMain] b.w.c.s.WebApplicationContextInitializer : Root WebApplicationContext: initialization completed in 598 ms
2026-05-03T22:56:58.907+05:30  INFO 24624 --- [SpringSecurity] [  restartedMain] org.hibernate.orm.jpa                    : HHH008540: Processing PersistenceUnitInfo [name: default]
2026-05-03T22:56:58.965+05:30  INFO 24624 --- [SpringSecurity] [  restartedMain] o.s.o.j.p.SpringPersistenceUnitInfo      : No LoadTimeWeaver setup: ignoring JPA class transformer
2026-05-03T22:56:58.966+05:30  INFO 24624 --- [SpringSecurity] [  restartedMain] com.zaxxer.hikari.HikariDataSource       : HikariPool-65 - Starting...
2026-05-03T22:56:59.046+05:30  INFO 24624 --- [SpringSecurity] [  restartedMain] com.zaxxer.hikari.pool.HikariPool        : HikariPool-65 - Added connection com.mysql.cj.jdbc.ConnectionImpl@789fb012
2026-05-03T22:56:59.046+05:30  INFO 24624 --- [SpringSecurity] [  restartedMain] com.zaxxer.hikari.HikariDataSource       : HikariPool-65 - Start completed.
2026-05-03T22:56:59.048+05:30  INFO 24624 --- [SpringSecurity] [  restartedMain] org.hibernate.orm.connections.pooling    : HHH10001005: Database info:
	Database JDBC URL [jdbc:mysql://localhost:3306/springsecurity]
	Database driver: MySQL Connector/J
	Database dialect: MySQLDialect
	Database version: 8.0.42
	Default catalog/schema: springsecurity/undefined
	Autocommit mode: undefined/unknown
	Isolation level: REPEATABLE_READ [default REPEATABLE_READ]
	JDBC fetch size: none
	Pool: DataSourceConnectionProvider
	Minimum pool size: undefined/unknown
	Maximum pool size: undefined/unknown
2026-05-03T22:56:59.138+05:30  INFO 24624 --- [SpringSecurity] [  restartedMain] org.hibernate.orm.core                   : HHH000489: No JTA platform available (set 'hibernate.transaction.jta.platform' to enable JTA platform integration)
2026-05-03T22:56:59.187+05:30  INFO 24624 --- [SpringSecurity] [  restartedMain] j.LocalContainerEntityManagerFactoryBean : Initialized JPA EntityManagerFactory for persistence unit 'default'
2026-05-03T22:56:59.274+05:30  INFO 24624 --- [SpringSecurity] [  restartedMain] eAuthenticationProviderManagerConfigurer : Global AuthenticationManager configured with AuthenticationProvider bean with name authenticationProvider
2026-05-03T22:56:59.274+05:30  WARN 24624 --- [SpringSecurity] [  restartedMain] r$InitializeUserDetailsManagerConfigurer : Global AuthenticationManager configured with an AuthenticationProvider bean. UserDetailsService beans will not be used by Spring Security for automatically configuring username/password login. Consider removing the AuthenticationProvider bean. Alternatively, consider using the UserDetailsService in a manually instantiated DaoAuthenticationProvider. If the current configuration is intentional, to turn off this warning, increase the logging level of 'org.springframework.security.config.annotation.authentication.configuration.InitializeUserDetailsBeanManagerConfigurer' to ERROR
2026-05-03T22:56:59.297+05:30  WARN 24624 --- [SpringSecurity] [  restartedMain] JpaBaseConfiguration$JpaWebConfiguration : spring.jpa.open-in-view is enabled by default. Therefore, database queries may be performed during view rendering. Explicitly configure spring.jpa.open-in-view to disable this warning
2026-05-03T22:56:59.520+05:30  INFO 24624 --- [SpringSecurity] [  restartedMain] o.s.boot.tomcat.TomcatWebServer          : Tomcat started on port 8083 (http) with context path '/'
2026-05-03T22:56:59.527+05:30  INFO 24624 --- [SpringSecurity] [  restartedMain] c.v.S.SpringSecurityApplication          : Started SpringSecurityApplication in 1.326 seconds (process running for 16735.467)
2026-05-03T22:56:59.529+05:30  INFO 24624 --- [SpringSecurity] [  restartedMain] .ConditionEvaluationDeltaLoggingListener : Condition evaluation unchanged
